Year,country_std,ISO3,GDP_Per_Capita,GDP_Growth,Inflation,Unemployment,Military_Expenditure,group
1990,Aruba,ABW,24763.6538099384,3.96140172360629,5.83668775158165,,,OTHER
1991,Aruba,ABW,25460.3630272927,7.96287173232642,5.55555555555579,,,OTHER
1992,Aruba,ABW,25743.4455010025,5.88235395341866,3.87337536996479,,,OTHER
1993,Aruba,ABW,25870.1533960504,7.30769324531406,5.2155599603571,,,OTHER
1994,Aruba,ABW,26581.9767488997,8.20390129312089,6.31107971270439,,,OTHER
1995,Aruba,ABW,26504.1864180809,2.54714368704694,3.36139107320898,,,OTHER
1996,Aruba,ABW,25779.5979282247,1.18578851134656,3.22528797213979,,,OTHER
1997,Aruba,ABW,26547.4166076696,7.04687499241221,2.99994809778412,,,OTHER
1998,Aruba,ABW,26418.0883302727,1.99198444906199,1.8694885361554,,,OTHER
1999,Aruba,ABW,26384.8105935137,1.2380418420716,2.28037198258753,,,OTHER
2000,Aruba,ABW,28104.8954362859,7.62292064930222,4.04402131190512,,,OTHER
2001,Aruba,ABW,29007.7386958774,4.1820016304779,2.88360430316263,,,OTHER
2002,Aruba,ABW,28535.4639480222,-0.944953481157384,3.31524678585423,,,OTHER
2003,Aruba,ABW,28525.8077063839,1.11050459944282,3.65636507938418,,,OTHER
2004,Aruba,ABW,29959.7748189582,7.29372807096192,2.52912946932762,,,OTHER
2005,Aruba,ABW,29081.7066997897,-0.383137672063768,3.39778677828805,,,OTHER
2006,Aruba,ABW,28885.9118700469,1.12741146411624,3.60802438784541,,,OTHER
2007,Aruba,ABW,29556.8384686554,3.0895443848509,5.39256784475516,,,OTHER
2008,Aruba,ABW,29870.6648077005,1.83575517191368,8.95598705177784,,,OTHER
2009,Aruba,ABW,26204.0597361984,-11.6777413693852,-2.13542872046937,,,OTHER
2010,Aruba,ABW,25429.2180974853,-2.73345679250639,2.07814071860786,,,OTHER
2011,Aruba,ABW,26093.0542083227,3.36923718421511,4.31629742195203,,,OTHER
2012,Aruba,ABW,25444.7336646687,-1.04079988436683,0.627471992893372,,,OTHER
2013,Aruba,ABW,26680.1411206342,6.43146080719245,-2.37206524252261,,,OTHER
2014,Aruba,ABW,26773.8226808518,1.42609864257801,0.421440918881214,,,OTHER
2015,Aruba,ABW,27458.2201537506,3.61147995361162,0.474763597342641,,,OTHER
2016,Aruba,ABW,27587.2498040483,1.23433537363427,-0.93119598707956,,,OTHER
2017,Aruba,ABW,28548.8904317739,3.49342985290626,-1.02828178762012,,,OTHER
2018,Aruba,ABW,29419.208623316,3.21247111920076,3.6260414135296,,,OTHER
2019,Aruba,ABW,29699.1805366222,1.22511225158814,4.25746204335427,,,OTHER
2020,Aruba,ABW,22729.8897593533,-23.8979898352395,,,,OTHER
2021,Aruba,ABW,26292.9179363154,14.7306159219273,,,,OTHER
2022,Aruba,ABW,29195.2670227422,10.6364309604414,,,,OTHER
2023,Aruba,ABW,31430.9353682253,7.70679839650956,,,,OTHER
2024,Aruba,ABW,33373.9174591266,6.81077669324542,,,,OTHER
1990,Africa Eastern and Southern,AFE,1293.87019984421,0.121363050873086,12.4579139789566,,4.77358568603662,OTHER
1991,Africa Eastern and Southern,AFE,1257.43010635358,-0.106034110343302,17.6781002638523,8.05080898877577,3.7120864698374,OTHER
1992,Africa Eastern and Southern,AFE,1195.08923269785,-2.3952835254757,16.1676123963339,8.15827337351447,2.92246712426778,OTHER
1993,Africa Eastern and Southern,AFE,1152.69117278499,-0.839117754770186,13.1356607683724,8.15590989808314,3.07453775198049,OTHER
1994,Africa Eastern and Southern,AFE,1143.98845464791,1.91965438780466,14.8528149833969,8.02210049864685,2.60072770764722,OTHER
1995,Africa Eastern and Southern,AFE,1163.20953377772,4.35461769115784,12.2885912601426,7.77389399169686,2.15311895438742,OTHER
1996,Africa Eastern and Southern,AFE,1195.1399532582,5.49911124792519,9.70658632526499,7.6816226939442,1.82373047474075,OTHER
1997,Africa Eastern and Southern,AFE,1209.81741858685,3.85673898320249,10.2495987403066,7.64190636706094,1.81332724536626,OTHER
1998,Africa Eastern and Southern,AFE,1199.80274381732,1.7751720856126,7.49525542305607,7.68263780767572,1.81675428988793,OTHER
1999,Africa Eastern and Southern,AFE,1199.52915014927,2.63418427787336,7.81986477630862,7.72993010885893,2.2645202768771,OTHER
2000,Africa Eastern and Southern,AFE,1205.98105360593,3.18137506041111,8.6014851485149,7.66876829683374,1.98006307111707,OTHER
2001,Africa Eastern and Southern,AFE,1216.33535706379,3.50353308518427,5.84035398311557,7.55388452430262,1.91760768586603,OTHER
2002,Africa Eastern and Southern,AFE,1231.4445675519,3.91711337379634,8.76375520313543,7.51149338877195,1.97717272759236,OTHER
2003,Africa Eastern and Southern,AFE,1235.71164842373,3.00937249317595,7.44970014007366,7.4720424200925,1.7534970700042,OTHER
2004,Africa Eastern and Southern,AFE,1271.31275711155,5.63469800866547,5.02342068616285,7.27852246959678,1.79951130030893,OTHER
2005,Africa Eastern and Southern,AFE,1314.3879382145,6.17365914390395,8.55803802239778,7.10041371887931,1.68479751946627,OTHER
2006,Africa Eastern and Southern,AFE,1364.70525366925,6.63749738735714,8.89816380214033,7.03560059961336,1.71707783070078,OTHER
2007,Africa Eastern and Southern,AFE,1417.47243247841,6.70003329209791,8.45077480634999,6.98058891496815,1.67613352192642,OTHER
2008,Africa Eastern and Southern,AFE,1440.59728407645,4.43752919445292,12.5666446595156,6.95926232871186,1.94146910346489,OTHER
2009,Africa Eastern and Southern,AFE,1414.58775130051,0.919472850509038,8.95421802392949,7.02933493362019,1.954757135979,OTHER
2010,Africa Eastern and Southern,AFE,1449.48915951845,5.30790438645938,5.53753791645676,7.33948885318777,1.56758981834682,OTHER
2011,Africa Eastern and Southern,AFE,1468.63057193646,4.07747696614018,8.97120640995788,7.303350943492,1.52552678849218,OTHER
2012,Africa Eastern and Southern,AFE,1456.72281306529,1.89717291956102,9.15870843167905,7.10873740350119,1.55783552956438,OTHER
2013,Africa Eastern and Southern,AFE,1478.97797685759,4.35668249727492,5.74883133553454,6.88972223038428,1.7517010035687,OTHER
2014,Africa Eastern and Southern,AFE,1495.95557383523,3.92038970191821,5.52581923392517,6.86242857576034,1.805596975896,OTHER
2015,Africa Eastern and Southern,AFE,1498.8752400759,2.93402965863687,5.09856164363687,6.9309412585873,1.54122446300319,OTHER
2016,Africa Eastern and Southern,AFE,1490.9075460241,2.13011703002091,6.44687722255584,7.07442880999326,1.28135259202439,OTHER
2017,Africa Eastern and Southern,AFE,1490.91109750422,2.67752389715308,6.22137528933118,7.21491501896869,1.28671011401209,OTHER
2018,Africa Eastern and Southern,AFE,1489.94213724372,2.70519413363353,4.6898064677633,7.24484282680541,1.12595665662997,OTHER
2019,Africa Eastern and Southern,AFE,1479.37238691603,2.03007686221603,4.10285075461156,7.45910636823544,1.07806529365479,OTHER
2020,Africa Eastern and Southern,AFE,1399.39849841898,-2.81757208724623,5.19162942092851,7.97430164130982,1.15816553367555,OTHER
2021,Africa Eastern and Southern,AFE,1425.2090572764,4.57877206871177,6.82472709282067,8.40741154700022,1.14597275856757,OTHER
2022,Africa Eastern and Southern,AFE,1440.43036630175,3.72271692296214,10.8834775726018,7.86947018999245,1.11853373440927,OTHER
2023,Africa Eastern and Southern,AFE,1431.72178996886,1.9311603523693,7.39918558080627,7.67654773372157,1.044193838613,OTHER
2024,Africa Eastern and Southern,AFE,1435.35627774336,2.76383869054277,4.77085731915833,7.57169749274654,0.976005194817781,OTHER
2025,Africa Eastern and Southern,AFE,,,,7.53923442390472,,OTHER
1991,Afghanistan,AFG,,,,7.972,,OTHER
1992,Afghanistan,AFG,,,,7.958,,OTHER
1993,Afghanistan,AFG,,,,7.908,,OTHER
1994,Afghanistan,AFG,,,,7.883,,OTHER
1995,Afghanistan,AFG,,,,7.868,,OTHER
1996,Afghanistan,AFG,,,,7.878,,OTHER
1997,Afghanistan,AFG,,,,7.863,,OTHER
1998,Afghanistan,AFG,,,,7.869,,OTHER
1999,Afghanistan,AFG,,,,7.877,,OTHER
2000,Afghanistan,AFG,308.318269746638,,,7.897,,OTHER
2001,Afghanistan,AFG,277.118051443941,-9.4319740700862,,7.973,,OTHER
2002,Afghanistan,AFG,338.139973643387,28.6000011706788,,7.867,,OTHER
2003,Afghanistan,AFG,346.071627096223,8.83227780288267,,7.844,,OTHER
2004,Afghanistan,AFG,338.637273888197,1.41411799339429,,7.794,2.43125378739118,OTHER
2005,Afghanistan,AFG,363.640141436773,11.2297148272859,12.6862687216715,7.878,1.99206569856085,OTHER
2006,Afghanistan,AFG,367.75831169358,5.35740324748592,6.78459655001655,7.897,1.89623399634252,OTHER
2007,Afghanistan,AFG,410.757728879097,13.8263195471281,8.68057078513405,7.841,2.56626735198569,OTHER
2008,Afghanistan,AFG,417.647282647498,3.92498381999467,26.4186641547443,7.879,2.335545701939,OTHER
2009,Afghanistan,AFG,488.830652491949,21.3905283926492,-6.81116108898995,7.808,2.08741255278385,OTHER
2010,Afghanistan,AFG,542.871030476037,14.3624414710737,2.17853752389418,7.809,1.94583569418812,OTHER
2011,Afghanistan,AFG,525.42698276582,0.426354776777345,11.8041858089129,7.83,1.82134545354632,OTHER
2012,Afghanistan,AFG,568.929021458341,12.7522870926697,6.44121280934117,7.875,1.17541612009987,OTHER
2013,Afghanistan,AFG,580.603833333096,5.60074465863221,7.38577178397855,7.921,1.07694976762403,OTHER
2014,Afghanistan,AFG,575.146245808546,2.72454336219565,4.67399603536344,7.915,1.29801287790022,OTHER
2015,Afghanistan,AFG,565.569730408751,1.45131466066431,-0.661709164713741,9.032,0.994575822723645,OTHER
2016,Afghanistan,AFG,563.872336723147,2.26031420279821,4.38389195513914,10.116,0.956772140958855,OTHER
2017,Afghanistan,AFG,562.769574140988,2.6470032027451,4.97595150553832,11.184,0.945226799939516,OTHER
2018,Afghanistan,AFG,553.125151688293,1.18922812944517,0.626149149168846,11.192,1.00674585570556,OTHER
2019,Afghanistan,AFG,557.861533207459,3.91160341625552,2.30237251516833,11.187,1.17096838242129,OTHER
2020,Afghanistan,AFG,527.834554499306,-2.35110067203466,5.60188791482224,11.71,1.35885692738929,OTHER
2021,Afghanistan,AFG,408.625855217403,-20.7388393676343,5.13320340824962,12.006,1.827933856217,OTHER
2022,Afghanistan,AFG,377.665627080705,-6.24017199240269,13.7121023720064,14.1,,OTHER
2023,Afghanistan,AFG,378.06630312259,2.26694373649188,-4.64470870797774,14.008,,OTHER
2024,Afghanistan,AFG,,,-6.60118564073725,13.687,,OTHER
2025,Afghanistan,AFG,,,,13.351,,OTHER
1990,Africa Western and Central,AFW,1260.2797881965,5.60085021409205,1.05736139457209,,1.1446053013656,OTHER
1991,Africa Western and Central,AFW,1241.13077395916,1.11811895873286,1.74188785932668,4.15789313945605,1.13220311331109,OTHER
1992,Africa Western and Central,AFW,1235.03226371661,2.28916886356546,-0.0629990064787034,4.24671355789136,1.09510095985559,OTHER
1993,Africa Western and Central,AFW,1186.18779815126,-1.3255543728517,0.553455723541917,4.36703329539105,1.23548106043875,OTHER
1994,Africa Western and Central,AFW,1152.47046558691,-0.228792690878734,31.8410168416385,4.39009720211516,0.95252101346672,OTHER
1995,Africa Western and Central,AFW,1142.27810598906,1.85163689242765,10.5632886691814,4.39276887843604,0.637582407408898,OTHER
1996,Africa Western and Central,AFW,1162.99749529556,4.62182205216881,4.91423972637201,4.32613401613888,0.536495470495363,OTHER
1997,Africa Western and Central,AFW,1181.46219464652,4.38782099734694,3.99714170439302,4.29611784310687,0.56030649835577,OTHER
1998,Africa Western and Central,AFW,1190.83371158229,3.6155976305877,4.47112543851099,4.30420099773995,0.64606165402743,OTHER
1999,Africa Western and Central,AFW,1176.33411969087,1.51799464318927,0.372266170311928,4.48967729134782,0.989737523392496,OTHER
2000,Africa Western and Central,AFW,1188.0373057001,3.81216115039309,2.53077516737996,4.53084348194886,0.829603006613827,OTHER
2001,Africa Western and Central,AFW,1215.84949075792,5.24868324071915,4.36152914007256,4.46519556174692,1.03826229529971,OTHER
2002,Africa Western and Central,AFW,1299.69542056655,9.94330712251539,3.18869330220589,4.27370648574837,1.11173617032891,OTHER
2003,Africa Western and Central,AFW,1334.72594265973,5.62636064767845,1.76090410099628,4.1679789387801,0.911921981361557,OTHER
2004,Africa Western and Central,AFW,1402.22876764658,8.07147345054227,0.694336305945757,4.08689146118398,0.843866507513584,OTHER
2005,Africa Western and Central,AFW,1441.98859440003,5.79743371948868,5.63163351357613,4.09646467682858,0.676015624776978,OTHER
2006,Africa Western and Central,AFW,1475.92318265943,5.28717104206022,4.41589984169561,3.96927941109318,0.64036899032441,OTHER
2007,Africa Western and Central,AFW,1513.01942969263,5.44753043563995,3.60736767984596,3.9480584197936,0.690477934417032,OTHER
2008,Africa Western and Central,AFW,1562.21124621273,6.21081188431489,8.45297623326755,3.96722459921357,0.815407446639942,OTHER
2009,Africa Western and Central,AFW,1612.48837316067,6.14119135977269,3.2824403758932,4.00285567701831,0.90568242340593,OTHER
2010,Africa Western and Central,AFW,1677.95238312056,7.00073960255909,1.78484420477113,3.98952016701337,0.824579048128891,OTHER
2011,Africa Western and Central,AFW,1711.53923110365,4.92204702375463,4.01869907534491,3.96721211893844,0.800118887721733,OTHER
2012,Africa Western and Central,AFW,1749.98138710355,5.12970299383294,4.57837463515948,3.98010182260688,0.711070613000623,OTHER
2013,Africa Western and Central,AFW,1805.79842409374,6.04669213138413,2.43920076104126,3.70779396420408,0.765519899436827,OTHER
2014,Africa Western and Central,AFW,1857.17116320705,5.6915512073646,1.76843582146223,3.88775083913174,0.7273812097636,OTHER
2015,Africa Western and Central,AFW,1860.72768628324,2.93286367242145,2.13081738058791,4.17014290578818,0.674778833747135,OTHER
2016,Africa Western and Central,AFW,1815.17120349953,0.194316483405615,1.48741550755546,4.16758013639496,0.812959153905816,OTHER
2017,Africa Western and Central,AFW,1808.72220111739,2.29634886599959,1.72548602374731,4.28399591922403,0.813068528209328,OTHER
2018,Africa Western and Central,AFW,1814.69463581898,2.90466430784954,1.78404994832044,4.33437713943307,0.837845820664007,OTHER
2019,Africa Western and Central,AFW,1829.06806387649,3.28168276850104,1.98309228487232,4.39076373818366,0.725344410661711,OTHER
2020,Africa Western and Central,AFW,1719.26150438049,-3.73062984236253,2.49037783931949,4.79531801163781,0.884575534810036,OTHER
2021,Africa Western and Central,AFW,1721.90947456022,2.54969083217036,3.74556782333009,4.66663403105227,1.13082449497043,OTHER
2022,Africa Western and Central,AFW,1757.45658962159,4.47279468511532,7.94925144848567,3.59335356570127,0.922682710205257,OTHER
2023,Africa Western and Central,AFW,1778.86434703356,3.66242752919044,5.22116801324002,3.20080093275134,1.13387269537417,OTHER
2024,Africa Western and Central,AFW,1816.34604380299,4.5856736208091,3.60804426950566,3.17242064214562,1.16925756165184,OTHER
2025,Africa Western and Central,AFW,,,,3.19055229252225,,OTHER
1990,Angola,AGO,2675.05239370666,-3.45009868500237,,,17.4636666666667,OTHER
1991,Angola,AGO,2612.33170523819,0.991359302044742,83.7837837837837,16.816,7.1025,OTHER
1992,Angola,AGO,2380.58274213388,-5.83828073313154,299.509803921568,16.959,5.68283054258138,OTHER
1993,Angola,AGO,1752.72318662558,-23.9834174420578,1378.52760736196,17.44,17.5225890755741,OTHER
1994,Angola,AGO,1719.54294465223,1.33936343648007,949.792531120331,17.444,5.70928069083604,OTHER
1995,Angola,AGO,1912.51777523397,15.0000000288633,2666.45059288537,16.978,4.70739276826233,OTHER
1996,Angola,AGO,2099.35045384819,13.5443697551025,4145.10598220637,16.177,2.44784815671705,OTHER
1997,Angola,AGO,2176.87757986492,7.27427735460373,219.176721172974,16.064,5.97226820719497,OTHER
1998,Angola,AGO,2203.98692701325,4.69114645093552,107.284821528298,16.29,2.64201188106298,OTHER
1999,Angola,AGO,2179.06426975438,2.18148971840462,248.195902412868,16.543,17.334692213616,OTHER
2000,Angola,AGO,2172.46326720494,3.05462423430785,324.99687160132,16.646,6.39260315427404,OTHER
2001,Angola,AGO,2189.17352158246,4.20599855619506,152.561022469298,16.668,4.52435381521461,OTHER
2002,Angola,AGO,2404.97792071531,13.6656887608562,108.897436089429,16.432,2.86993244512575,OTHER
2003,Angola,AGO,2403.40415157038,3.48731240097521,98.2241436573304,16.445,3.76147907354734,OTHER
2004,Angola,AGO,2583.32411461288,11.4198633904585,43.5421067519686,16.313,3.47118018672779,OTHER
2005,Angola,AGO,2843.3966357968,14.1547775343954,22.9535138513939,16.295,3.69224094698531,OTHER
2006,Angola,AGO,3065.05576243895,11.8418178757044,13.3052101780031,16.123,3.76149530543532,OTHER
2007,Angola,AGO,3336.36332465208,13.0026889457975,12.2514974459486,16.066,3.11405449295742,OTHER
2008,Angola,AGO,3559.19522512236,10.7866360496581,12.4758291326397,16.152,3.57312038062707,OTHER
2009,Angola,AGO,3494.80724466172,1.99558909788963,13.7302839288408,16.383,4.70961004832072,OTHER
2010,Angola,AGO,3540.79159568381,5.29366572819954,14.4696564932576,16.595,4.1775845224338,OTHER
2011,Angola,AGO,3528.16824373399,3.59386960240222,13.4824679218511,16.77,3.25566035129376,OTHER
2012,Angola,AGO,3682.35229322763,8.50312283866612,10.2779049218839,16.539,3.23665949921649,OTHER
2013,Angola,AGO,3716.29718727282,4.88306129688392,8.77781429332623,16.464,4.45523942155109,OTHER
2014,Angola,AGO,3746.81619978613,4.65572356315585,7.2803873036112,16.372,4.69845451564414,OTHER
2015,Angola,AGO,3641.72893919944,0.763177710914789,9.35597215533783,16.472,3.10542629308278,OTHER
2016,Angola,AGO,3454.03317187119,-1.70053036291208,30.6944150806719,16.572,2.73333494465123,OTHER
2017,Angola,AGO,3328.8982124109,-0.149396225571834,29.8444799015679,16.617,2.50798280550579,OTHER
2018,Angola,AGO,3196.79006983557,-0.59441122698307,19.628937970152,16.602,1.95578680987962,OTHER
2019,Angola,AGO,3083.97534427357,-0.204680245744115,17.080954143438,16.497,1.76791430458684,OTHER
2020,Angola,AGO,2864.16146036893,-4.04244724639663,22.2715392470509,16.696,1.81042916830117,OTHER
2021,Angola,AGO,2832.81777132286,2.10275251923413,25.754294884189,15.799,1.39322266365773,OTHER
2022,Angola,AGO,2860.90251922246,4.21600258475137,21.3552901320822,14.124,1.410163657162,OTHER
2023,Angola,AGO,2809.15727975557,1.26330814020108,13.6441017767714,14.051,1.40725542077164,OTHER
2024,Angola,AGO,2845.47779302975,4.42390664406875,28.2404948915772,14.02,1.00049213337543,OTHER
2025,Angola,AGO,,,,14.108,,OTHER
1990,Albania,ALB,1682.8810874018,-9.57564016993408,,,5.8883007196812,OTHER
1991,Albania,ALB,1218.96427317362,-28.0021416538074,,10.304,5.79127042184833,OTHER
1992,Albania,ALB,1138.23773998809,-7.18711090964234,226.005421253525,30.007,4.6708878237371,OTHER
1993,Albania,ALB,1254.67888414888,9.55941167111243,85.0047512387156,25.251,3.19945106674965,OTHER
1994,Albania,ALB,1367.22058963712,8.30286659699082,22.5650526933695,20.835,2.54781906037648,OTHER
1995,Albania,ALB,1558.96638565461,13.3223333268813,7.79321853789214,14.607,2.05358735905793,OTHER
1996,Albania,ALB,1683.76965547424,7.33632894771891,12.7254778087102,13.928,1.37902962734156,OTHER
1997,Albania,ALB,1495.90035328523,-11.7115732812278,33.1802743753956,16.872,1.28308078036268,OTHER
1998,Albania,ALB,1630.43874131845,8.3100252038309,20.6428588670596,20.042,1.23824256064749,OTHER
1999,Albania,ALB,1841.80762760566,12.2507281968475,0.389437653561628,20.835,1.24921009885957,OTHER
2000,Albania,ALB,1991.91435867116,7.46285871776054,0.0500181363468103,19.023,1.24636024189216,OTHER
2001,Albania,ALB,2188.91854451375,8.8637306604876,3.10758827031435,18.57,1.30929137475594,OTHER
2002,Albania,ALB,2297.10853513924,4.62839587394552,7.7705258343155,17.891,1.32003449433204,OTHER
2003,Albania,ALB,2428.68934653563,5.33326426009945,0.484002611818502,16.985,1.33684292419802,OTHER
2004,Albania,ALB,2567.29763687121,5.26626173860785,2.28001916938098,16.306,1.38115794211088,OTHER
2005,Albania,ALB,2712.86983830331,5.13082193056189,2.36658195679795,15.966,1.35000497056322,OTHER
2006,Albania,ALB,2894.36032580174,6.0189812403864,2.37072831904284,15.626,1.56776908873068,OTHER
2007,Albania,ALB,3105.8796756386,6.50009261158209,2.93268248162317,15.966,1.8207653435572,OTHER
2008,Albania,ALB,3345.98161761476,6.90706230713707,3.32087090389274,13.06,1.98486885667765,OTHER
2009,Albania,ALB,3459.24695646692,2.69075152362146,2.26692209450826,13.674,1.5172171395597,OTHER
2010,Albania,ALB,3579.82413181046,2.97315442681247,3.62710091517479,14.086,1.55859189302349,OTHER
2011,Albania,ALB,3677.89457937717,2.46351683915714,3.42807130141501,13.481,1.52826633776627,OTHER
2012,Albania,ALB,3771.84781862015,0.984129880204108,2.03159268395296,13.376,1.48708257655216,OTHER
2013,Albania,ALB,3895.89975621942,1.7072283175406,1.93762080205223,15.866,1.40898210141146,OTHER
2014,Albania,ALB,4045.11934884933,2.24022695382642,1.62586504402613,18.055,1.34651599128914,OTHER
2015,Albania,ALB,4199.53912925398,2.2277040745779,1.89617402592356,17.193,1.16230386432234,OTHER
2016,Albania,ALB,4431.55635814168,3.90893551362245,1.27543168367423,15.418,1.10358100880452,OTHER
2017,Albania,ALB,4648.23078660658,3.28317593330073,1.98666133171194,13.616,1.10915100558884,OTHER
2018,Albania,ALB,4893.82375538717,3.67141928098908,2.02805963071134,12.304,1.16054478505068,OTHER
2019,Albania,ALB,5072.43648354739,2.06257790176122,1.41109078954242,11.466,1.28080596201472,OTHER
2020,Albania,ALB,4980.61699524696,-3.31375636888916,1.6208866171702,11.639,1.29583570269739,OTHER
2021,Albania,ALB,5511.75743402862,8.96957619074095,2.04147163139544,11.474,1.24298808396067,OTHER
2022,Albania,ALB,5867.65096230557,4.8268006234359,6.72520271530059,10.785,1.20878861551122,OTHER
2023,Albania,ALB,6198.17195301204,4.01541716935742,4.75834555150038,10.669,1.7407334644623,OTHER
2024,Albania,ALB,6549.23387415397,4.04592845095348,2.21587375089991,10.689,2.03786228936679,OTHER
2025,Albania,ALB,,,,10.926,,OTHER
1990,Andorra,AND,31143.1615046334,3.78138754899436,,,,OTHER
1991,Andorra,AND,29642.3199056721,2.54600353080194,,,,OTHER
1992,Andorra,AND,28161.9557223134,0.929214040125956,,,,OTHER
1993,Andorra,AND,26518.2460901533,-1.03148438999895,,,,OTHER
1994,Andorra,AND,26587.1507935057,2.3831822482118,,,,OTHER
1995,Andorra,AND,27619.5190355779,2.75750161326249,,,,OTHER
1996,Andorra,AND,28871.2296369485,4.64973866754707,,,,OTHER
1997,Andorra,AND,31140.7043097433,9.06767205144135,,,,OTHER
1998,Andorra,AND,31800.3790054979,3.19479339289236,,,,OTHER
1999,Andorra,AND,32938.6592135008,4.0990789217793,,,,OTHER
2000,Andorra,AND,34113.8334027285,3.52836236122388,,,,OTHER
2001,Andorra,AND,36790.1209900717,8.11935772169949,,,,OTHER
2002,Andorra,AND,38084.5022003398,4.54636221364653,,,,OTHER
2003,Andorra,AND,39620.3387714274,8.69420371612468,,,,OTHER
2004,Andorra,AND,40054.3399679173,8.13567633837351,,,,OTHER
2005,Andorra,AND,40528.1938997392,5.39779598500422,,,,OTHER
2006,Andorra,AND,41322.0723316534,4.80868869916921,,,,OTHER
2007,Andorra,AND,40789.1781297264,1.55318814103222,,,,OTHER
2008,Andorra,AND,37775.1438845998,-5.55918636850581,,,,OTHER
2009,Andorra,AND,35604.4007343193,-5.30284654348291,,,,OTHER
2010,Andorra,AND,36277.2814831059,-1.97495799965345,,,,OTHER
2011,Andorra,AND,37637.5045137987,-0.00806975341139093,,,,OTHER
2012,Andorra,AND,36206.9954432018,-4.97444371853503,,,,OTHER
2013,Andorra,AND,35684.1861967511,-3.54759651549344,,,,OTHER
2014,Andorra,AND,37300.6419409868,2.50446552114518,,,,OTHER
2015,Andorra,AND,38654.95287916,1.43414039522716,,,,OTHER
2016,Andorra,AND,40085.0394278177,3.70967806978986,,,,OTHER
2017,Andorra,AND,39361.0807539996,0.346071889630295,,,,OTHER
2018,Andorra,AND,39242.1633307803,1.58876549046354,,,,OTHER
2019,Andorra,AND,39346.2935180487,2.01554763848308,,,,OTHER
2020,Andorra,AND,34536.666145207,-11.1839399355384,,,,OTHER
2021,Andorra,AND,36929.0364995869,8.28677879049404,,,,OTHER
2022,Andorra,AND,39780.4152991834,9.56461225648184,,,,OTHER
2023,Andorra,AND,40227.2524257376,2.58355480961319,,,,OTHER
2024,Andorra,AND,41034.5266723078,3.37182032638998,,,,OTHER
1990,Arab World,ARB,4290.84865100714,7.84688313128599,,,,OTHER
1991,Arab World,ARB,4163.65955811749,-0.695508853930463,,11.9097573121416,10.7531411771274,OTHER
1992,Arab World,ARB,4324.83264678975,6.56285573719843,,12.1536912884059,8.60775617200933,OTHER
1993,Arab World,ARB,4343.3444722659,3.25872270635064,,12.9097459716624,7.85171467432785,OTHER
1994,Arab World,ARB,4367.61318416936,3.35535846189705,,13.012183394794,7.40876731326278,OTHER
1995,Arab World,ARB,4377.94126760789,2.79717417513079,,13.5049205239265,6.6204569703484,OTHER
1996,Arab World,ARB,4478.2285300772,4.81891470640477,,12.4585943877988,6.02638012975333,OTHER
1997,Arab World,ARB,4609.89246985117,5.44647642581937,,11.9963600041588,6.57746280201392,OTHER
1998,Arab World,ARB,4714.10426634793,4.76529490024946,,11.9519989476751,7.4728900944556,OTHER
1999,Arab World,ARB,4730.37533617215,2.77591869066383,,12.1410531058538,6.42331426403589,OTHER
2000,Arab World,ARB,4910.08259157072,6.33672922415394,,12.6227231888262,6.3839885162065,OTHER
2001,Arab World,ARB,4892.98855329169,2.09740745302985,,12.49820212983,6.29879959842831,OTHER
2002,Arab World,ARB,4835.589416667,1.22074845072102,,12.5062276655765,5.7820242093277,OTHER
2003,Arab World,ARB,4926.58928334869,4.29553168417598,,12.4496966444039,5.36425020950659,OTHER
2004,Arab World,ARB,5250.08375247516,9.07459188707813,,11.4271164700074,4.97945153896985,OTHER
2005,Arab World,ARB,5412.64941314351,5.57295529835658,,11.2344112966755,4.558039812994,OTHER
2006,Arab World,ARB,5614.91183040313,6.27629734101785,,10.5176425576734,4.30344358108186,OTHER
2007,Arab World,ARB,5727.33322290223,4.60116470281086,,10.1456780757217,4.44045149400672,OTHER
2008,Arab World,ARB,5894.47746607478,5.57116008739757,,9.87515901443002,4.11997533243833,OTHER
2009,Arab World,ARB,5787.82712590845,0.648247152976467,,9.46079216862091,5.19723397557528,OTHER
2010,Arab World,ARB,5948.12916468842,4.84064243847079,,9.57178825247491,4.94806777517088,OTHER
2011,Arab World,ARB,6036.42083357432,3.85320358755794,,10.6873951414609,4.83381959313139,OTHER
2012,Arab World,ARB,6218.04632240872,5.49375422924652,,11.0650966632009,4.92812101424526,OTHER
2013,Arab World,ARB,6220.63858713989,2.64732060879508,,11.0350018909533,5.67303230912436,OTHER
2014,Arab World,ARB,6238.07256611906,2.6597523137165,,11.0319261608507,6.27556649806144,OTHER
2015,Arab World,ARB,6290.55879501691,3.35080366726505,,11.1524464292006,7.31704633803659,OTHER
2016,Arab World,ARB,6366.04865571626,3.57286827951262,,10.8617161429412,5.99834317463477,OTHER
2017,Arab World,ARB,6322.52614443499,1.32901000226768,,11.1152019032057,6.22943492870425,OTHER
2018,Arab World,ARB,6377.12047410411,2.67255324455269,,10.6546406452031,5.73689446110725,OTHER
2019,Arab World,ARB,6367.60443969474,1.74778112240244,,10.2137182910936,5.24917417628606,OTHER
2020,Arab World,ARB,5904.57124162288,-5.30102786914752,,11.2951503646669,5.56305308364431,OTHER
2021,Arab World,ARB,6073.56224152636,4.43160883511413,,10.8627489086684,4.96483721169905,OTHER
2022,Arab World,ARB,6351.57184174657,7.00775934349392,,9.74413095599936,4.49479221112135,OTHER
2023,Arab World,ARB,6311.42160022415,1.63495022269882,,9.31338863204988,5.1685533633203,OTHER
2024,Arab World,ARB,6282.0327428409,1.70353102787844,,9.26592419265216,5.25679218658448,OTHER
2025,Arab World,ARB,,,,9.22073083160848,,OTHER
1990,United Arab Emirates,ARE,66481.6137644725,18.3279855336307,,,,OTHER
1991,United Arab Emirates,ARE,63430.9154589366,0.860081947717788,,1.629,,OTHER
1992,United Arab Emirates,ARE,62201.6243358255,3.34494485849423,,1.715,,OTHER
1993,United Arab Emirates,ARE,59942.8588607022,1.26119094566648,,1.901,,OTHER
1994,United Arab Emirates,ARE,61156.65096174,6.89614855343763,,1.834,,OTHER
1995,United Arab Emirates,ARE,62393.331494803,6.68788645972636,,1.8,,OTHER
1996,United Arab Emirates,ARE,61871.367160368,5.79840406919965,,1.836,,OTHER
1997,United Arab Emirates,ARE,61715.554967354,8.19039864916886,,1.906,6.75906148063517,OTHER
1998,United Arab Emirates,ARE,57355.7858290488,0.291994342094213,,2.068,8.62972120984848,OTHER
1999,United Arab Emirates,ARE,54943.7500978656,2.90221363963283,,2.195,7.6695379976034,OTHER
2000,United Arab Emirates,ARE,56939.2701807931,10.8527042153779,,2.25,8.3237222448449,OTHER
2001,United Arab Emirates,ARE,54169.4153530236,1.39908503706683,,2.443,5.61210552340521,OTHER
2002,United Arab Emirates,ARE,52216.8753217152,2.43345681089617,,2.659,4.87553180534483,OTHER
2003,United Arab Emirates,ARE,53619.1925678774,8.80054081355328,,2.903,4.69230626722928,OTHER
2004,United Arab Emirates,ARE,55611.419401142,9.56643663767056,,2.965,4.6114776396626,OTHER
2005,United Arab Emirates,ARE,55363.5661047143,4.85514119553341,,3.12,3.65647067832081,OTHER
2006,United Arab Emirates,ARE,56629.9761392644,9.83731976924005,,2.964,3.22597447304637,OTHER
2007,United Arab Emirates,ARE,52038.6159567932,3.18439017324592,,2.934,3.28052136989454,OTHER
2008,United Arab Emirates,ARE,47922.6988207823,3.19183627331763,12.2504202448139,2.818,3.6680226492701,OTHER
2009,United Arab Emirates,ARE,42672.1987890808,-5.24292190384988,1.5618131744907,2.932,5.45710777311036,OTHER
2010,United Arab Emirates,ARE,42328.8508165469,1.60285004671343,0.877983288285867,2.798,6.03859220826788,OTHER
2011,United Arab Emirates,ARE,43687.7782783233,6.73646786920814,0.87734659568512,2.587,5.46631452753061,OTHER
2012,United Arab Emirates,ARE,43958.5681120856,4.6832657020049,0.662268900269008,2.323,5.07555649376756,OTHER
2013,United Arab Emirates,ARE,44312.6337162614,4.91847806719888,1.1011183637571,2.125,6.03468625064444,OTHER
2014,United Arab Emirates,ARE,44257.6514761082,4.63288144983127,2.34626865671642,1.999,5.64365135247024,OTHER
2015,United Arab Emirates,ARE,44910.334995523,7.08767348587587,4.06996608361593,1.793,,OTHER
2016,United Arab Emirates,ARE,45168.4982473243,5.65793329224303,1.61748808904197,1.64,,OTHER
2017,United Arab Emirates,ARE,43293.0203824801,-1.06137661464977,1.96682557818842,2.462,,OTHER
2018,United Arab Emirates,ARE,43377.7858697225,1.53716683173516,3.06863379251996,2.236,,OTHER
2019,United Arab Emirates,ARE,43468.4586811918,1.27134240761141,-1.93108114782172,2.331,,OTHER
2020,United Arab Emirates,ARE,39878.474427695,-8.69342617885171,-2.07940317940943,4.294,,OTHER
2021,United Arab Emirates,ARE,40935.8936567784,4.55278571242283,0.179935336174431,3.105,,OTHER
2022,United Arab Emirates,ARE,41828.5553298104,7.51448425801082,5.29122604376849,2.872,,OTHER
2023,United Arab Emirates,ARE,41926.5823645673,4.30118228020602,1.62670837213248,2.151,,OTHER
2024,United Arab Emirates,ARE,41605.4168670844,3.99180705485398,1.66336510224894,2.16,,OTHER
2025,United Arab Emirates,ARE,,,,2.174,,OTHER
1990,Argentina,ARG,8115.09386370753,-2.46721377810472,,,1.45090921225786,OTHER
1991,Argentina,ARG,8729.82318518892,9.13311056738961,,5.44,1.50692655529635,OTHER
1992,Argentina,ARG,9293.18692251748,7.93729155643076,,6.36,1.42122223348777,OTHER
1993,Argentina,ARG,9920.67358582437,8.20697907221228,,10.1,1.42280290057293,OTHER
1994,Argentina,ARG,10359.8927204871,5.83620070368526,,11.76,1.45703853325047,OTHER
1995,Argentina,ARG,9934.10776139515,-2.84520961057079,,18.8,1.47307310721151,OTHER
1996,Argentina,ARG,10352.1400002191,5.52668982715234,,17.11,1.24122726437626,OTHER
1997,Argentina,ARG,11056.6881331002,8.1110467707457,,14.82,1.14013911131295,OTHER
1998,Argentina,ARG,11348.2022124673,3.85017885156228,,12.65,1.13631802186333,OTHER
1999,Argentina,ARG,10838.3199346387,-3.38545704063269,,14.05,1.22035954754993,OTHER
2000,Argentina,ARG,10631.6503639029,-0.78899893905691,,15.0,1.14882267666887,OTHER
2001,Argentina,ARG,10051.9448463043,-4.40883968258557,,17.32,1.18423354187058,OTHER
2002,Argentina,ARG,8861.56199282278,-10.8944848285903,,19.59,1.09188047859748,OTHER
2003,Argentina,ARG,9545.53194119994,8.83704079576924,,15.36,1.06089505704838,OTHER
2004,Argentina,ARG,10302.4465316428,9.02957330068152,,13.522,0.883295358833529,OTHER
2005,Argentina,ARG,11099.7509190602,8.85165992013437,,11.506,0.847154783885961,OTHER
2006,Argentina,ARG,11870.2791559298,8.04715150043027,,10.078,0.788233877461469,OTHER
2007,Argentina,ARG,12811.9021206578,9.00765087504757,,8.47,0.792548175031362,OTHER
2008,Argentina,ARG,13197.3570267029,4.05723310346406,,7.837,0.762756475390461,OTHER
2009,Argentina,ARG,12285.3784651865,-5.91852507634947,,8.645,0.886508576686385,OTHER
2010,Argentina,ARG,13387.1553748458,10.1253981561002,,7.714,0.814878118220695,OTHER
2011,Argentina,ARG,14040.6189124444,6.00395169280579,,7.18,0.764287095310235,OTHER
2012,Argentina,ARG,13754.4254235596,-1.0264204544321,,7.217,0.784824735364742,OTHER
2013,Argentina,ARG,13946.0950832252,2.40532378079436,,7.1,0.83773642721392,OTHER
2014,Argentina,ARG,13456.1319159151,-2.51261532081394,,7.268,0.878100924236765,OTHER
2015,Argentina,ARG,13679.6264980954,2.73115982828944,,7.577,0.850128597463815,OTHER
2016,Argentina,ARG,13265.8860639123,-2.08032784377811,,8.088,0.809245362717563,OTHER
2017,Argentina,ARG,13520.1129846159,2.81850297775918,,8.347,0.84775481125944,OTHER
2018,Argentina,ARG,13058.3285449954,-2.61739646282038,34.2772237131003,9.22,0.732300347538541,OTHER
2019,Argentina,ARG,12706.3978108968,-2.00086100285785,53.5483043492339,9.843,0.699696134379197,OTHER
2020,Argentina,ARG,11393.0505957877,-9.9004848136464,42.0150947376509,11.461,0.734111593948744,OTHER
2021,Argentina,ARG,12549.2811699342,10.4418119882506,48.4093786255199,8.736,0.631788619254705,OTHER
2022,Argentina,ARG,13276.8232110189,6.02074537534855,72.430757531824,6.805,0.684586409291956,OTHER
2023,Argentina,ARG,12993.0928872416,-1.85578803046339,133.488935594175,6.139,0.75569413987974,OTHER
2024,Argentina,ARG,12774.3506596628,-1.34293072157739,219.883929014578,7.15,0.618350391157195,OTHER
2025,Argentina,ARG,,,,7.145,,OTHER
1990,Armenia,ARM,1644.02214502158,,,,,OTHER
1991,Armenia,ARM,1426.82791357144,-11.699998482027,,1.774,,OTHER
1992,Armenia,ARM,840.205259177402,-41.8000027457562,,1.8,2.20338983050847,OTHER
1993,Armenia,ARM,792.567859246381,-8.7999987932935,,5.3,2.29664433319049,OTHER
1994,Armenia,ARM,857.394474812969,5.40000277917656,3373.75944336293,6.6,,OTHER
1995,Armenia,ARM,932.357829471807,6.89999841973659,175.951325534583,6.7,4.05931190833614,OTHER
1996,Armenia,ARM,995.728275319872,5.86540074943565,18.681185640036,9.3,3.28186700423013,OTHER
1997,Armenia,ARM,1039.0798243009,3.32107970046953,13.960764121791,10.8,3.90939855980585,OTHER
1998,Armenia,ARM,1128.09888845227,7.29999998770998,8.67248632385157,9.4,3.52809600318196,OTHER
1999,Armenia,ARM,1180.45341995952,3.30000000058166,0.648245760470385,11.2,3.69737423084246,OTHER
2000,Armenia,ARM,1229.21510436102,5.90000000312092,-0.790883768934757,11.107,3.56002487253697,OTHER
2001,Armenia,ARM,1351.12072694555,9.59999999927597,3.1459046468502,11.012,3.12724938530975,OTHER
2002,Armenia,ARM,1535.20452885187,13.1999999979356,1.06004929341666,10.888,2.69771474886414,OTHER
2003,Armenia,ARM,1759.64684829386,14.0000000015501,4.7215533660534,10.769,2.72837221377968,OTHER
2004,Armenia,ARM,1955.22262459229,10.4999999988202,6.96126135875795,10.676,2.74199670493715,OTHER
2005,Armenia,ARM,2240.09273209788,13.8999999991133,0.638928002410097,10.584,2.87193136291811,OTHER
2006,Armenia,ARM,2551.43546358452,13.1999999994661,2.89235662459003,10.497,2.94761315625864,OTHER
2007,Armenia,ARM,2919.3734936373,13.7000000015467,4.40736089644516,10.394,3.04257470127966,OTHER
2008,Armenia,ARM,3141.33193500774,6.90000000042959,8.94995335353387,17.1,3.39557936270657,OTHER
2009,Armenia,ARM,2716.97436280471,-14.1000000006998,3.40676682683801,19.295,4.15704990783508,OTHER
2010,Armenia,ARM,2796.08143428043,2.2000000002151,8.17636138473951,19.523,4.26564605593771,OTHER
2011,Armenia,ARM,2943.83687119315,4.69999999867412,7.65000807859294,18.884,3.85394644115574,OTHER
2012,Armenia,ARM,3159.75860786889,7.20000000096486,2.55802007757907,17.511,3.58376691873744,OTHER
2013,Armenia,ARM,3266.29882999873,3.3,5.7896677854465,16.576,3.99724455730484,OTHER
2014,Armenia,ARM,3393.09252326884,3.60000000058993,2.98130868933672,17.498,3.94337826474581,OTHER
2015,Armenia,ARM,3512.39350276709,3.19999999896625,3.73169119261693,18.261,4.23922578573229,OTHER
2016,Armenia,ARM,3533.88503607007,0.199999999825991,-1.40360755900899,17.617,4.09034921699325,OTHER
2017,Armenia,ARM,3815.3747426037,7.50000000164144,0.969553268816137,17.704,3.84973057654684,OTHER
2018,Armenia,ARM,4027.83393010979,5.19999999965324,2.52023382001637,18.966,4.11988615256896,OTHER
2019,Armenia,ARM,4343.45839583019,7.59999999853918,1.44344660770698,18.304,4.78770584078564,OTHER
2020,Armenia,ARM,4032.09043454955,-7.19999999920631,1.21143577838464,18.175,4.98254372367497,OTHER
2021,Armenia,ARM,4264.79961505187,5.80000000065645,7.1848362944337,15.469,4.46514475903396,OTHER
2022,Armenia,ARM,4791.00481712183,12.5999999997766,8.64091108973854,13.451,4.08174595925594,OTHER
2023,Armenia,ARM,5197.23509013575,8.29999999959539,1.98041877615553,12.405,5.50629814850566,OTHER
2024,Armenia,ARM,5378.31799981682,5.90000000046228,0.269511978259125,12.405,5.48174920349075,OTHER
2025,Armenia,ARM,,,,12.871,,OTHER
2002,American Samoa,ASM,13054.6364326897,,,,,OTHER
2003,American Samoa,ASM,13201.7347516166,0.965517241379317,,,,OTHER
2004,American Samoa,ASM,13291.5356626851,0.409836065573771,,,,OTHER
2005,American Samoa,ASM,13284.2791128875,-0.408163265306129,,,,OTHER
2006,American Samoa,ASM,12794.7565021718,-4.09836065573771,,,,OTHER
2007,American Samoa,ASM,13092.3111393408,1.85185185185186,,,,OTHER
2008,American Samoa,ASM,12809.4633079683,-2.65734265734265,,,,OTHER
2009,American Samoa,ASM,12342.0575384016,-4.16666666666666,,,,OTHER
2010,American Samoa,ASM,12446.3086265015,0.299850074962521,,,,OTHER
2011,American Samoa,ASM,12521.8095058644,0.0,,,,OTHER
2012,American Samoa,ASM,12068.2667374983,-4.33482810164425,,,,OTHER
2013,American Samoa,ASM,11871.7937192729,-2.5,,,,OTHER
2014,American Samoa,ASM,12203.0894714284,1.76282051282051,,,,OTHER
2015,American Samoa,ASM,12727.4102651386,3.14960629921259,,,,OTHER
2016,American Samoa,ASM,12665.2829921268,-1.67938931297709,,,,OTHER
2017,American Samoa,ASM,11930.7771236826,-6.98757763975155,,,,OTHER
2018,American Samoa,ASM,12412.6024074562,2.6711185308848,,,,OTHER
2019,American Samoa,ASM,12524.0160252283,-0.487804878048777,,,,OTHER
2020,American Samoa,ASM,13194.274740128,4.41176470588236,,,,OTHER
2021,American Samoa,ASM,13233.5784817341,-0.782472613458523,,,,OTHER
2022,American Samoa,ASM,13709.0974895473,1.73501577287065,,,,OTHER
1990,Antigua and Barbuda,ATG,13166.5241173582,3.01181316687232,,,,OTHER
1991,Antigua and Barbuda,ATG,13385.0114363295,2.17685217398964,,,,OTHER
1992,Antigua and Barbuda,ATG,13326.2728796496,1.15855077710827,,,,OTHER
1993,Antigua and Barbuda,ATG,13776.8264136781,5.27988683522082,,,,OTHER
1994,Antigua and Barbuda,ATG,14420.4693979194,6.67640654973411,,,,OTHER
1995,Antigua and Barbuda,ATG,13519.5287711166,-4.35978466639605,,,,OTHER
1996,Antigua and Barbuda,ATG,14117.8679127333,6.6049448827643,,,,OTHER
1997,Antigua and Barbuda,ATG,14588.3079841576,5.47125581395349,,,,OTHER
1998,Antigua and Barbuda,ATG,14991.7802610684,4.73127914935051,,,,OTHER
1999,Antigua and Barbuda,ATG,15282.9733985907,3.70774594512658,1.12128789571146,,,OTHER
2000,Antigua and Barbuda,ATG,15961.0918359058,6.20355212555867,0.77177979690018,,,OTHER
2001,Antigua and Barbuda,ATG,15003.4389169034,-4.54810977120295,1.40279663573988,,,OTHER
2002,Antigua and Barbuda,ATG,14968.0703013883,1.02723486062159,2.4076580129349,,,OTHER
2003,Antigua and Barbuda,ATG,15703.9347145491,6.07663666406602,1.99353055152453,,,OTHER
2004,Antigua and Barbuda,ATG,16433.4130541483,5.76710338270556,2.03007757853236,,,OTHER
2005,Antigua and Barbuda,ATG,17301.2134317518,6.47368941781741,2.09875196709308,,,OTHER
2006,Antigua and Barbuda,ATG,19259.6486517907,12.7081474873625,1.7877853741912,,,OTHER
2007,Antigua and Barbuda,ATG,20770.2689732844,9.31518272315685,1.4160525940974,,,OTHER
2008,Antigua and Barbuda,ATG,20464.786306605,-0.0140065981851762,5.33380639820233,,,OTHER
2009,Antigua and Barbuda,ATG,17746.700856041,-11.9628794703471,-0.550159995508913,,,OTHER
2010,Antigua and Barbuda,ATG,16135.397384487,-7.84050683730972,3.37002540220147,,,OTHER
2011,Antigua and Barbuda,ATG,15633.9091131821,-1.95874262217572,3.4567496723461,,,OTHER
2012,Antigua and Barbuda,ATG,15989.3900199779,3.37314273947959,3.37688044338874,,,OTHER
2013,Antigua and Barbuda,ATG,15748.1952024226,-0.600982329599361,1.05949782356169,,,OTHER
2014,Antigua and Barbuda,ATG,15967.284996712,2.19829188738797,1.08944157435355,,,OTHER
2015,Antigua and Barbuda,ATG,16077.6340769406,1.42161997595372,0.968993458825638,,,OTHER
2016,Antigua and Barbuda,ATG,16635.895232831,4.1203675438061,-0.489437796230498,,,OTHER
2017,Antigua and Barbuda,ATG,16992.9327495236,2.71272657973627,2.43248789041362,,,OTHER
2018,Antigua and Barbuda,ATG,18042.1596435727,6.71200487159726,1.20715793367007,,,OTHER
2019,Antigua and Barbuda,ATG,18525.2588907167,3.1722219373937,1.43135598182983,,,OTHER
2020,Antigua and Barbuda,ATG,14950.8942397208,-18.8687765208148,0.625989707046719,,,OTHER
2021,Antigua and Barbuda,ATG,16084.7214406048,8.17286311186622,2.06299638545334,,,OTHER
2022,Antigua and Barbuda,ATG,17456.8722243104,9.10780623385958,7.53107834634288,,,OTHER
2023,Antigua and Barbuda,ATG,17789.4058123944,2.42736300110336,5.06713865364212,,,OTHER
2024,Antigua and Barbuda,ATG,18350.185036972,3.65638765956977,6.19886698842115,,,OTHER
1990,Australia,AUS,36975.4199007908,3.57297569098456,7.33302368375269,,2.07633746497533,OTHER
1991,Australia,AUS,36366.6962397612,-0.384631357046658,3.17666872277308,9.586,2.16398943025625,OTHER
1992,Australia,AUS,36117.5446503441,0.433065864126704,1.01222824105977,10.733,2.1677126248268,OTHER
1993,Australia,AUS,37246.0044332363,4.04583374101011,1.75365751770527,10.879,2.17544607354227,OTHER
1994,Australia,AUS,38356.7691976693,3.97884434177331,1.96963507094102,9.724,2.1137746508636,OTHER
1995,Australia,AUS,39407.5647528439,3.89017188961647,4.62776445368168,8.473,2.01963487798019,OTHER
1996,Australia,AUS,40437.0941864857,3.86567479160071,2.61537902431631,8.509,1.92972572930819,OTHER
1997,Australia,AUS,41569.1653679391,3.91795814771731,0.224895027032537,8.367,1.86485958622229,OTHER
1998,Australia,AUS,43081.7201718179,4.67681373479508,0.860129922016289,7.684,1.86888717465027,OTHER
1999,Australia,AUS,44755.6599721318,5.02822035850596,1.48313946657267,6.876,1.88736164284382,OTHER
2000,Australia,AUS,45979.0765654048,3.9160574881715,4.45743705920869,6.288,1.8244056794188,OTHER
2001,Australia,AUS,46314.6235297968,2.03145880248898,4.40712998561533,6.747,1.86297632956383,OTHER
2002,Australia,AUS,47599.4079289312,3.94980535772942,2.98157117047457,6.375,1.86803152019821,OTHER
2003,Australia,AUS,48509.6632180363,3.0912800997751,2.73259754838937,5.933,1.84253577993579,OTHER
2004,Australia,AUS,50018.5904483861,4.21894147547516,2.34325687131265,5.399,1.82208057125111,OTHER
2005,Australia,AUS,50972.640519744,3.15548121323168,2.69182949622197,5.036,1.79628773763805,OTHER
2006,Australia,AUS,51682.8925230537,2.7709261737475,3.55528696972984,4.785,1.8177309027711,OTHER
2007,Australia,AUS,52671.325846724,3.78947119882653,2.32761442623159,4.381,1.81127596229823,OTHER
2008,Australia,AUS,53497.275355342,3.62398503565633,4.35029726664093,4.242,1.79619704962465,OTHER
2009,Australia,AUS,53430.5274781651,1.95484826298522,1.77112025681656,5.565,1.92365517034008,OTHER
2010,Australia,AUS,53768.349733441,2.21004795300735,2.9183370211222,5.214,1.85259869583961,OTHER
2011,Australia,AUS,54296.2321324814,2.39473494330615,3.30384784681081,5.083,1.75526613878209,OTHER
2012,Australia,AUS,55465.4462872577,3.95247138119184,1.76278299052228,5.225,1.67028165223311,OTHER
2013,Australia,AUS,55966.1509270561,2.65445302592404,2.44988248109259,5.663,1.63819651223089,OTHER
2014,Australia,AUS,56571.8062524437,2.60118978187332,2.48792932080492,6.078,1.77241725032578,OTHER
2015,Australia,AUS,56970.3613028094,2.16434780647852,1.50836803138463,6.055,1.95232628501993,OTHER
2016,Australia,AUS,57632.9995925594,2.75564065529868,1.27699365720306,5.711,2.0896214779767,OTHER
2017,Australia,AUS,57991.771347333,2.29331030192918,1.94864309065653,5.592,2.00509517581937,OTHER
2018,Australia,AUS,58772.7063152213,2.87417039499501,1.91140002818579,5.345,1.89562007676709,OTHER
2019,Australia,AUS,59181.2997904131,2.19401703622717,1.610770929127,5.143,1.88000240626833,OTHER
2020,Australia,AUS,58377.7670517802,-0.133531904304775,0.846900734607273,6.394,2.00738622102391,OTHER
2021,Australia,AUS,59465.535671364,2.00694844335034,2.86391284709318,5.022,1.97847691589702,OTHER
2022,Australia,AUS,61200.4588964781,4.25304559238732,6.59409658717841,3.728,1.88329708969124,OTHER
2023,Australia,AUS,61869.082498576,3.58382100798981,5.59701792296707,3.668,1.86157133456052,OTHER
2024,Australia,AUS,61480.670710531,1.37340773365975,3.16656665428797,3.942,1.8837883329175,OTHER
2025,Australia,AUS,,,,4.09,,OTHER
1990,Austria,AUT,31167.1857978698,4.34564183768971,3.26187231878573,,1.19566026670559,OTHER
1991,Austria,AUT,31919.5573520278,3.44162748808654,3.33742703474791,3.42,1.15421711847241,OTHER
1992,Austria,AUT,32231.1216141522,2.0935244262602,4.02084780038554,3.59,1.09921407158669,OTHER
1993,Austria,AUT,32134.8299135937,0.526809769496765,3.6317852494318,4.25,1.11558454134251,OTHER
1994,Austria,AUT,32780.3419423369,2.40211843259056,2.9534093676108,3.535,1.09445307622703,OTHER
1995,Austria,AUT,33603.4278263558,2.66798388882503,2.24336631500898,4.345,1.07323205206951,OTHER
1996,Austria,AUT,34301.6562151382,2.21576713087359,1.86097115760436,5.282,1.04968297742271,OTHER
1997,Austria,AUT,34998.0321173934,2.1458350552646,1.30597857227691,5.15,1.04643398189713,OTHER
1998,Austria,AUT,36180.7490571265,3.49288002962309,0.922467196680849,5.483,1.01807286299799,OTHER
1999,Austria,AUT,37468.8698869794,3.76192435190464,0.56899376588553,4.699,0.980246123382213,OTHER
2000,Austria,AUT,38571.0858780001,3.18952292988787,2.3448628535728,4.687,0.983960897278692,OTHER
2001,Austria,AUT,38929.753800545,1.31698749571339,2.65000077279529,4.007,0.911232125098393,OTHER
2002,Austria,AUT,39313.7225107545,1.48436877605324,1.81035787764128,4.852,0.888297333812562,OTHER
2003,Austria,AUT,39569.2885567329,1.14156504542775,1.35555370896445,4.779,0.915451921068386,OTHER
2004,Austria,AUT,40333.3307183894,2.56525534067859,2.06120618032869,5.969,0.897058496971847,OTHER
2005,Austria,AUT,40989.0131778975,2.32036514266782,2.29913785639285,5.682,0.855937301571622,OTHER
2006,Austria,AUT,42120.1557002022,3.26933601506059,1.44154851119016,5.32,0.791400408855326,OTHER
2007,Austria,AUT,43568.8302243941,3.77522468729185,2.16855528800756,4.909,0.906103987717548,OTHER
2008,Austria,AUT,44063.8642019916,1.45330562142114,3.21595033239879,4.198,0.876420517647602,OTHER
2009,Austria,AUT,42372.4758254763,-3.58626472551299,0.506308827696504,5.371,0.838531947457704,OTHER
2010,Austria,AUT,43035.4073531933,1.80898243043663,1.81353438995061,4.883,0.826388366920392,OTHER
2011,Austria,AUT,44146.1956805294,2.92746800169145,3.2865791487538,4.637,0.795931958980622,OTHER
2012,Austria,AUT,44221.4599530893,0.628246239479637,2.48567562177014,4.909,0.783538525853244,OTHER
2013,Austria,AUT,43851.3675497404,-0.250726423318454,2.00015616900597,5.367,0.757180192579996,OTHER
2014,Austria,AUT,43838.8345892137,0.755798850316665,1.60581182954473,5.674,0.75464957585912,OTHER
2015,Austria,AUT,43915.228020857,1.30352331826198,0.896563335260319,5.802,0.702576919833039,OTHER
2016,Austria,AUT,44362.6702805116,2.11721964494312,0.891591752655362,6.064,0.73372291194157,OTHER
2017,Austria,AUT,45056.6385912412,2.27224992038207,2.08126911385586,5.561,0.761540652203723,OTHER
2018,Austria,AUT,45951.5819164034,2.48422114080024,1.99837981429548,4.933,0.748993468286285,OTHER
2019,Austria,AUT,46550.5622459492,1.75497619649288,1.53089564152643,4.56,0.753133437614439,OTHER
2020,Austria,AUT,43428.6983137234,-6.31825509209936,1.38191063351853,5.201,0.885811629497475,OTHER
2021,Austria,AUT,45368.6434337368,4.92309171717903,2.7666666666667,6.459,0.873515488270759,OTHER
2022,Austria,AUT,47332.4240357971,5.33096379400371,8.54686993188457,4.992,0.766706008326772,OTHER
2023,Austria,AUT,46497.9114640341,-0.786244288594673,7.81413417002831,5.264,0.870829952423219,OTHER
2024,Austria,AUT,45958.8250071261,-0.659089573171372,2.93791574279375,5.2,0.999843177036641,OTHER
2025,Austria,AUT,,,,5.582,,OTHER
1990,Azerbaijan,AZE,2866.41060718579,,,,,OTHER
1991,Azerbaijan,AZE,2808.72744444906,-0.700000175699572,,0.9,,OTHER
1992,Azerbaijan,AZE,2141.34003837017,-22.6000003264444,-10.63009715762,1.8,2.40022562120839,OTHER
1993,Azerbaijan,AZE,1621.91809395607,-23.0999987188387,1128.00002429404,4.5,5.00046778569608,OTHER
1994,Azerbaijan,AZE,1284.95555073458,-19.7000012399238,1662.21594875899,6.3,1.946584590385,OTHER
1995,Azerbaijan,AZE,1120.30867792344,-11.7999991076818,411.759641777267,7.2,2.73690130284,OTHER
1996,Azerbaijan,AZE,1123.44793844504,1.29999940463827,19.7948028061898,8.1,2.25423034135488,OTHER
1997,Azerbaijan,AZE,1177.19685990232,5.80000014795783,3.67434809684729,9.1,2.32404979925782,OTHER
1998,Azerbaijan,AZE,1282.68413749503,9.99999961153691,-0.772697886033166,10.0,2.41235591259715,OTHER
1999,Azerbaijan,AZE,1365.56585147028,7.40000129958564,-8.52517000536063,10.9,2.62510993144516,OTHER
2000,Azerbaijan,AZE,1504.73106706035,11.0999991434346,1.80500303704356,11.78,2.26786206311863,OTHER
2001,Azerbaijan,AZE,1640.93664540398,9.89999986533643,1.54719590152279,10.91,2.31206260817217,OTHER
2002,Azerbaijan,AZE,1782.47319183639,9.43891626906561,2.7711647199827,10.04,2.24331377031766,OTHER
2003,Azerbaijan,AZE,1949.60608417331,10.2082994004776,2.23386492967049,9.17,2.4263625550969,OTHER
2004,Azerbaijan,AZE,2111.4533834475,9.25380179728907,6.70893042797784,7.99,2.62948113760521,OTHER
2005,Azerbaijan,AZE,2674.3688564996,27.9615381082131,9.67950731917056,7.26,2.29906967458575,OTHER
2006,Azerbaijan,AZE,3556.83212858133,34.4662096226792,8.32892482863209,6.62,3.41775933255807,OTHER
2007,Azerbaijan,AZE,4412.20326117932,25.4632157314482,16.6997549618244,6.33,2.86419491898944,OTHER
2008,Azerbaijan,AZE,4778.12452736673,10.591437462476,20.8490871772712,5.86,3.29121114577001,OTHER
2009,Azerbaijan,AZE,5118.43395494687,9.36950260277183,1.45704835970321,5.74,3.32542168167072,OTHER
2010,Azerbaijan,AZE,5300.11048729062,4.78883248761557,5.72687224669605,5.63,2.79100435652891,OTHER
2011,Azerbaijan,AZE,5149.20665913206,-1.5729973511111,7.8583333333334,5.42,4.67013555547022,OTHER
2012,Azerbaijan,AZE,5193.17501119552,2.20293891708398,1.06621339720302,5.19,4.65861825196324,OTHER
2013,Azerbaijan,AZE,5425.99559780578,5.84341590483928,2.41571745279419,4.97,4.54092330961466,OTHER
2014,Azerbaijan,AZE,5508.60265612676,2.79758521448559,1.37344181533176,4.91,4.55501312398224,OTHER
2015,Azerbaijan,AZE,5500.50364628486,1.04954641215085,4.02768573742725,4.96,5.46487679293858,OTHER
2016,Azerbaijan,AZE,5272.71817141861,-3.06359842251706,12.4433748584372,5.0,3.68852730317814,OTHER
2017,Azerbaijan,AZE,5229.25259993413,0.153614661745507,12.9359184187334,5.0,3.75630173249661,OTHER
2018,Azerbaijan,AZE,5261.92938234432,1.50040167167313,2.26854690373999,4.9,3.54929331269041,OTHER
2019,Azerbaijan,AZE,5346.95318604114,2.47980879185565,2.61057182799215,5.0,3.8490186357853,OTHER
2020,Azerbaijan,AZE,5087.50022783627,-4.19896065333343,2.75980947008127,7.24,5.24152602506817,OTHER
2021,Azerbaijan,AZE,5349.58226071425,5.61644027150554,6.65029912708778,6.04,4.93051740712765,OTHER
2022,Azerbaijan,AZE,5599.58524971025,4.71468033247649,13.8522590144267,5.65,3.79537025080483,OTHER
2023,Azerbaijan,AZE,5668.61021317029,1.35447749115767,8.7854304984908,5.64,4.92241403839666,OTHER
2024,Azerbaijan,AZE,5871.14373251952,4.07140205008956,2.21217188919901,5.648,4.99292395978321,OTHER
2025,Azerbaijan,AZE,,,,5.457,,OTHER
1990,Burundi,BDI,373.245241687992,3.49982213611253,7.00216956651121,,3.44871247254088,OTHER
1991,Burundi,BDI,383.870358589191,4.99683644792125,8.9969387349433,3.147,3.78627086474328,OTHER
1992,Burundi,BDI,377.518319697874,1.00999837099629,1.82333333333307,3.131,3.59563794790509,OTHER
1993,Burundi,BDI,365.282012271705,-6.24000000139047,9.67934658067928,3.094,3.7202758201085,OTHER
1994,Burundi,BDI,349.016249237768,-3.82999999619828,14.8528149833969,3.106,3.92111119751454,OTHER
1995,Burundi,BDI,302.701844524604,-7.92000000374772,19.2632536382537,3.095,4.20907289936566,OTHER
1996,Burundi,BDI,278.293479866983,-7.99999999794093,26.4367816091951,3.095,5.85688491874941,OTHER
1997,Burundi,BDI,273.889548332896,-1.58999999685828,31.1115898319694,3.124,6.35965296132281,OTHER
1998,Burundi,BDI,281.470892716422,4.74999999509613,12.5004107653378,3.156,6.57227250690963,OTHER
1999,Burundi,BDI,272.030864788973,-1.00999999649815,3.38542427340454,3.133,6.25764365683521,OTHER
2000,Burundi,BDI,264.154407180223,-0.856864058424151,24.4320242102151,3.137,4.86240221311558,OTHER
2001,Burundi,BDI,262.913885774384,2.05580710835243,9.29618771341888,3.154,6.07173715802774,OTHER
2002,Burundi,BDI,266.968141648342,4.44651941224797,-1.36568005328059,3.168,5.44167885941746,OTHER
2003,Burundi,BDI,255.500823385612,-1.22372796023444,10.6474645658305,3.145,5.53343538949835,OTHER
2004,Burundi,BDI,258.050009115333,4.83365776809453,8.17642937482053,3.177,4.90326684339249,OTHER
2005,Burundi,BDI,250.878933475935,0.900000000901912,13.2520699188223,3.162,4.43619004108442,OTHER
2006,Burundi,BDI,255.105582251925,5.41380714491444,2.7454200021424,3.185,3.51171845179021,OTHER
2007,Burundi,BDI,254.311725516331,3.44449364663615,8.41206285772543,2.404,3.41459524778307,OTHER
2008,Burundi,BDI,256.012461554496,4.90874190813545,24.4069510353913,1.634,2.72089052653941,OTHER
2009,Burundi,BDI,252.582019875886,3.7870758305051,10.5554355299529,1.622,,OTHER
2010,Burundi,BDI,253.308577749924,5.09373697323055,6.49326591473993,1.615,,OTHER
2011,Burundi,BDI,254.242110648215,4.02442793864228,9.5921660597967,1.602,,OTHER
2012,Burundi,BDI,256.180393931874,4.42303118490126,18.161045306545,1.593,2.5271777075949,OTHER
2013,Burundi,BDI,259.311117203355,4.92392485117456,7.93795807492417,1.584,2.4824131147541,OTHER
2014,Burundi,BDI,261.296721752002,4.24490803087248,4.40535234185293,1.572,2.29794559090695,OTHER
2015,Burundi,BDI,254.402585226788,-0.404525595204191,5.54468891259779,1.449,2.13131991459474,OTHER
2016,Burundi,BDI,258.061970808946,3.20017470604286,5.55768961400965,1.352,2.2431638636818,OTHER
2017,Burundi,BDI,261.725839288764,3.83185756925806,16.0525353030391,1.25,2.00270990259373,OTHER
2018,Burundi,BDI,267.508692172687,5.3422447312502,-2.81469807668465,1.147,2.14941956621913,OTHER
2019,Burundi,BDI,270.411005710809,4.45934202358784,-0.686772170797358,1.043,2.8078168112503,OTHER
2020,Burundi,BDI,263.463876356897,0.306443809481593,7.3211064341552,1.03,2.18591328366483,OTHER
2021,Burundi,BDI,264.682651664249,3.23707479823578,8.4045384507634,1.118,2.04300976329884,OTHER
2022,Burundi,BDI,263.587550051638,2.31770122223331,18.8008786664944,0.909,2.59858091417074,OTHER
2023,Burundi,BDI,264.843307950214,3.254768974261,26.9414835762453,0.911,3.4315771103264,OTHER
2024,Burundi,BDI,268.700857391724,4.11227376264944,20.2124925027847,0.915,3.80127919699841,OTHER
2025,Burundi,BDI,,,,0.922,,OTHER
1990,Belgium,BEL,29609.6207516724,3.13740221731629,3.44831217961807,,2.35544045891723,OTHER
1991,Belgium,BEL,30040.5508404095,1.83307441343001,3.21531069260809,6.984,2.28769284712482,OTHER
1992,Belgium,BEL,30376.8745342462,1.53065475142162,2.42795567164615,6.702,1.83233253009366,OTHER
1993,Belgium,BEL,29967.3944241601,-0.961873076923027,2.75442643473462,8.078,1.73596589343319,OTHER
1994,Belgium,BEL,30839.2414336465,3.22697145426247,2.377540844764,9.645,1.67714315012305,OTHER
1995,Belgium,BEL,31508.622663522,2.38475724870135,1.46796699090271,9.337,1.5446405538339,OTHER
1996,Belgium,BEL,31862.6693868132,1.32143214432601,2.07702107350675,9.483,1.51931684175109,OTHER
1997,Belgium,BEL,32991.5010116146,3.79367165541437,1.62816049512954,8.95,1.4578661900969,OTHER
1998,Belgium,BEL,33566.9875919507,1.96183240455609,0.94925028835061,9.322,1.41739581246631,OTHER
1999,Belgium,BEL,34676.6051555263,3.54271798823922,1.12084823417847,8.649,1.39393068975137,OTHER
2000,Belgium,BEL,35878.3153586195,3.71670510672588,2.544517761909,6.586,1.35086536826323,OTHER
2001,Belgium,BEL,36148.2880924306,1.09960362419645,2.46925823086082,6.178,1.28352328807131,OTHER
2002,Belgium,BEL,36600.862592332,1.70689430349601,1.6452143617536,6.91,1.22376131677303,OTHER
2003,Belgium,BEL,36826.2699296094,1.03795518162204,1.58896399970371,7.68,1.22119401053058,OTHER
2004,Belgium,BEL,37976.6972967442,3.57120671942319,2.09728311239315,7.363,1.15659439046667,OTHER
2005,Belgium,BEL,38645.2605193362,2.32173792911834,2.78143263670029,8.44,1.09664118158572,OTHER
2006,Belgium,BEL,39371.0858277448,2.55234087322462,1.79120770070453,8.246,1.05612306878486,OTHER
2007,Belgium,BEL,40520.0843207009,3.67692462515802,1.82305630026809,7.459,1.09801876439276,OTHER
2008,Belgium,BEL,40380.9075004042,0.446905130727231,4.48944420508404,6.976,1.22191451658895,OTHER
2009,Belgium,BEL,39293.637546825,-1.90644105515335,-0.0531456741254176,7.908,1.16353003394252,OTHER
2010,Belgium,BEL,39991.5646206286,2.71031150254662,2.18929920422458,8.293,1.09018110220613,OTHER
2011,Belgium,BEL,40236.9596308558,1.93115502411325,3.5320821072274,7.14,1.04450113453523,OTHER
2012,Belgium,BEL,40074.492800399,0.215803612089744,2.83966343445899,7.542,1.0370296665755,OTHER
2013,Belgium,BEL,40007.8997891411,0.305494549070232,1.11309594027539,8.425,1.0045200869807,OTHER
2014,Belgium,BEL,40533.9135027898,1.76554038149924,0.340002833356921,8.523,0.966272329768275,OTHER
2015,Belgium,BEL,40893.804537772,1.47416433731927,0.561429152790157,8.482,0.911829965009217,OTHER
2016,Belgium,BEL,41172.8862831209,1.19350273007754,1.97385264653162,7.83,0.898085290562566,OTHER
2017,Belgium,BEL,41619.328629169,1.47446761556785,2.12597086002616,7.09,0.886837200658898,OTHER
2018,Belgium,BEL,42208.3625650272,1.87796847383565,2.05316499865177,5.941,0.892442476666613,OTHER
2019,Belgium,BEL,43006.4042308863,2.4428900448156,1.43681956996438,5.364,0.887004950933882,OTHER
2020,Belgium,BEL,40769.0218072962,-4.7929839083518,0.740791812220343,5.545,1.00592796693225,OTHER
2021,Belgium,BEL,43140.9676652971,6.25445686466593,2.44024851144084,6.248,1.04263994220028,OTHER
2022,Belgium,BEL,44486.7438563594,3.9562379757933,9.597511728725,5.57,1.16246551287247,OTHER
2023,Belgium,BEL,44866.1935177304,1.71412195515242,4.04901077613941,5.547,1.18422875211757,OTHER
2024,Belgium,BEL,45045.6601021398,1.07045413019414,3.14349136500041,5.7,1.2770531266155,OTHER
2025,Belgium,BEL,,,,5.906,,OTHER
1990,Benin,BEN,749.459666582926,8.9761343599898,,,1.22515712126057,OTHER
1991,Benin,BEN,757.403145107877,4.22579942071668,,1.637,,OTHER
1992,Benin,BEN,756.080888165851,2.95771082720395,,1.51,,OTHER
1993,Benin,BEN,765.479914438342,5.83617208501383,0.440599214931793,1.494,,OTHER
1994,Benin,BEN,752.277508740764,2.02040044761662,38.5308661668537,1.453,,OTHER
1995,Benin,BEN,781.0647884601,6.04519865041564,14.4625482180894,1.305,,OTHER
1996,Benin,BEN,793.7950526962,4.32428403131786,4.91423972637201,1.246,,OTHER
1997,Benin,BEN,814.901395438676,5.73468837521307,3.46629590564776,1.1,,OTHER
1998,Benin,BEN,821.459971433599,3.96101213832645,5.75331458417064,1.048,,OTHER
1999,Benin,BEN,838.976786975768,5.34144937204417,0.326722893396866,0.949,0.485389230497635,OTHER
2000,Benin,BEN,861.213292013209,5.85771420543269,4.16540442290282,0.864,0.412852302408383,OTHER
2001,Benin,BEN,879.854463773645,5.33313570603937,3.98429547767893,0.766,0.357971127306215,OTHER
2002,Benin,BEN,893.137100961634,4.64303087074482,2.48916235491541,0.69,0.622819458209776,OTHER
2003,Benin,BEN,896.146763201736,3.44357677591658,1.48724246145441,0.747,0.647223226808757,OTHER
2004,Benin,BEN,907.624431209378,4.42968455385082,0.873890830868499,0.79,0.676149850432113,OTHER
2005,Benin,BEN,893.91536869992,1.71316456361184,5.36452085832342,0.859,0.680970684993479,OTHER
2006,Benin,BEN,900.62053578735,3.94373882815798,3.78217696540374,0.888,0.665723323947751,OTHER
2007,Benin,BEN,926.740113754071,5.98634932177609,1.29806813334152,0.902,,OTHER
2008,Benin,BEN,943.203380303862,4.89657708429647,7.94729876067854,0.895,0.663958979626467,OTHER
2009,Benin,BEN,936.565651071554,2.31929213912838,0.896072355749069,0.95,,OTHER
2010,Benin,BEN,928.246655329144,2.11406472648392,2.20783532536523,1.04,,OTHER
2011,Benin,BEN,927.716412836707,2.96375291904201,2.7042390774728,2.647,,OTHER
2012,Benin,BEN,943.918771531001,4.811223315688,6.74468253340712,2.458,0.702056157787745,OTHER
2013,Benin,BEN,982.399206290516,7.19143372144946,0.428888888888883,2.198,0.687239683496254,OTHER
2014,Benin,BEN,1014.4330062135,6.35767909791932,-0.54875755094818,1.952,0.700924948797968,OTHER
2015,Benin,BEN,1002.41886879614,1.77815106030278,0.218785923536245,1.886,0.798485297889781,OTHER
2016,Benin,BEN,1006.03926633023,3.33967342629693,-0.793310145785624,1.834,0.673596727016815,OTHER
2017,Benin,BEN,1032.90471194182,5.67156195150444,0.0432648555103608,1.691,0.920613124425981,OTHER
2018,Benin,BEN,1071.50452156932,6.69725362180888,0.919170717886053,1.426,0.6328575401476,OTHER
2019,Benin,BEN,1114.17304526443,6.86568662848335,0.732849371241066,1.214,0.473313905552082,OTHER
2020,Benin,BEN,1126.65404122154,3.84879240030133,3.02272119663759,1.518,0.458762015150415,OTHER
2021,Benin,BEN,1176.37727637273,7.1554516457574,1.73353962694035,1.833,0.550883648806243,OTHER
2022,Benin,BEN,1218.49668929091,6.25294705373625,1.35077863583527,1.685,0.632087491743063,OTHER
2023,Benin,BEN,1263.62158336368,6.3527773854442,2.73870078406074,1.641,0.757551382919002,OTHER
2024,Benin,BEN,1324.78312597434,7.45311566226201,1.16093089640415,1.637,0.720549619940377,OTHER
2025,Benin,BEN,,,,1.589,,OTHER
1990,Burkina Faso,BFA,332.153276660935,-0.602928477580988,-0.504303388918912,,2.70489296636086,OTHER
1991,Burkina Faso,BFA,353.206720757378,9.06998445877436,2.16260052713423,2.467,2.16686926732236,OTHER
1992,Burkina Faso,BFA,345.401816823349,0.232710761845951,-1.99113580736894,2.505,2.04965156794425,OTHER
1993,Burkina Faso,BFA,348.581211032689,3.46138493945818,0.553455723541917,2.426,1.86252988480765,OTHER
1994,Burkina Faso,BFA,344.371184069503,1.31500727210265,25.1778762249962,2.58,1.42288472939781,OTHER
1995,Burkina Faso,BFA,354.841188502861,5.71637386269622,7.45884497828324,2.532,1.38304269392664,OTHER
1996,Burkina Faso,BFA,383.973583031147,11.014743869558,6.09780439121741,2.446,1.28708847039697,OTHER
1997,Burkina Faso,BFA,397.838955257373,6.31683473483768,2.31869062176683,2.412,1.41705504471596,OTHER
1998,Burkina Faso,BFA,415.273513470241,7.30771963496896,5.08433344145324,2.44,1.2763626403725,OTHER
1999,Burkina Faso,BFA,433.104727597234,7.39523780111931,-1.07261362759533,2.552,1.23191199892624,OTHER
2000,Burkina Faso,BFA,428.309796566198,1.88847388906525,-0.304212168486802,2.687,1.23804638062972,OTHER
2001,Burkina Faso,BFA,442.914122870048,6.61340574539679,5.00743290822373,2.748,1.1555150239697,OTHER
2002,Burkina Faso,BFA,448.128856317091,4.35296382988099,2.17569480664608,2.862,1.17793497700006,OTHER
2003,Burkina Faso,BFA,468.263047790124,7.80249388870359,2.03456574053815,2.78,1.0730553376671,OTHER
2004,Burkina Faso,BFA,474.086412333459,4.47845213670386,-0.400228702115451,3.48,1.20700576570117,OTHER
2005,Burkina Faso,BFA,499.192797571217,8.66187322841225,6.41504018369684,4.0,1.2018948481342,OTHER
2006,Burkina Faso,BFA,514.113131757062,6.25316468817478,2.33310856372219,3.67,1.11032179719724,OTHER
2007,Burkina Faso,BFA,519.26101218434,4.11137901761516,-0.230627306273049,3.3,1.41572652816375,OTHER
2008,Burkina Faso,BFA,533.471299938288,5.79999174105387,10.6597978997424,3.501,1.24291260830384,OTHER
2009,Burkina Faso,BFA,533.470084831931,2.96195085866692,2.60817666368314,3.723,1.35276497598007,OTHER
2010,Burkina Faso,BFA,561.847221302489,8.44628157707625,-0.764230734676768,3.725,1.22478599330692,OTHER
2011,Burkina Faso,BFA,581.603658737407,6.62256261306693,2.75976724854534,3.827,1.15090587793045,OTHER
2012,Burkina Faso,BFA,600.731343697818,6.45267237953146,3.8181524025238,3.849,1.17602847916222,OTHER
2013,Burkina Faso,BFA,616.741331164082,5.79258484509867,0.533738507090536,4.054,1.23609025726906,OTHER
2014,Burkina Faso,BFA,624.576885187665,4.32684561452976,-0.258089517535291,4.255,1.27234195224905,OTHER
2015,Burkina Faso,BFA,630.124750752312,3.9212287937935,0.724838981070516,4.472,1.25078088033268,OTHER
2016,Burkina Faso,BFA,648.420480176012,5.95797670754024,0.441041448058809,4.598,1.16533335437179,OTHER
2017,Burkina Faso,BFA,669.276310328333,6.20348941121868,1.48299897161325,4.662,1.36362970468668,OTHER
2018,Burkina Faso,BFA,694.492813126351,6.60456906812341,1.95594302672532,4.695,1.92538455062898,OTHER
2019,Burkina Faso,BFA,717.021595096634,5.88920497068135,-3.23338933983321,4.493,2.2125520849195,OTHER
2020,Burkina Faso,BFA,713.8421779224,2.01077262406221,1.88470066518847,4.59,2.1142418147419,OTHER
2021,Burkina Faso,BFA,745.472563435144,6.94252492572348,3.65326761825508,4.511,2.33362863136249,OTHER
2022,Burkina Faso,BFA,740.306319930259,1.62673258211919,14.2902354303358,3.828,2.98161566942536,OTHER
2023,Burkina Faso,BFA,745.405334618409,3.00027415814125,0.742910428668917,3.601,4.0787117239204,OTHER
2024,Burkina Faso,BFA,763.833733522408,4.79980951667159,4.19081721344523,3.441,4.67973196943363,OTHER
2025,Burkina Faso,BFA,,,,3.477,,OTHER
1990,Bangladesh,BGD,473.444821021085,5.62225816160344,6.12671846981457,,1.22316502629369,OTHER
1991,Bangladesh,BGD,480.673358976087,3.48522781598027,6.35736412278234,2.2,1.21442280200769,OTHER
1992,Bangladesh,BGD,497.371173735323,5.44268554966725,3.63407691798491,2.233,1.36050314985351,OTHER
1993,Bangladesh,BGD,511.193509421294,4.71156172453999,3.01481859989798,2.31,1.42939051496523,OTHER
1994,Bangladesh,BGD,521.323144726555,3.89012644116818,5.31374007936497,2.37,1.52902366386599,OTHER
1995,Bangladesh,BGD,537.931946643983,5.12127789724337,10.2978117947206,2.441,1.56669314074255,OTHER
1996,Bangladesh,BGD,552.077107138767,4.52291921684423,2.37712902953223,2.51,1.5390735944898,OTHER
1997,Bangladesh,BGD,566.271140847632,4.4898964976265,5.30560105668801,2.698,1.57166792587459,OTHER
1998,Bangladesh,BGD,584.448175174047,5.1770268731498,8.40223795613228,2.893,1.56753519839217,OTHER
1999,Bangladesh,BGD,600.232323162952,4.67015636882111,6.10669589841958,3.088,1.58483439104611,OTHER
2000,Bangladesh,BGD,620.560472822105,5.29329471892532,2.20825620937535,3.27,1.3571191812402,OTHER
2001,Bangladesh,BGD,641.288922876274,5.07728777526728,2.0071737421384,3.609,1.28842277551655,OTHER
2002,Bangladesh,BGD,655.672139362272,3.83312393993225,3.33256493271912,3.966,1.04836646260037,OTHER
2003,Bangladesh,BGD,676.826252046427,4.73956739963045,5.66870773441476,4.32,1.00263309760624,OTHER
2004,Bangladesh,BGD,702.656357081873,5.23953291029852,7.58753638504689,4.316,0.99885977372525,OTHER
2005,Bangladesh,BGD,739.203718353409,6.53594493875502,7.04661816222038,4.25,0.972810090266113,OTHER
2006,Bangladesh,BGD,779.419570444998,6.67190498576788,6.76526117054757,3.591,0.989838836982973,OTHER
2007,Bangladesh,BGD,825.508229964537,7.05859935449848,9.10698496905382,4.015,0.997091964413713,OTHER
2008,Bangladesh,BGD,866.45815762135,6.01378975738535,8.90194489465153,4.49,0.938215291633285,OTHER
2009,Bangladesh,BGD,901.729626251937,5.04512479919337,5.42347236174679,5.0,1.02893954845227,OTHER
2010,Bangladesh,BGD,943.66422864236,5.57178818533122,8.12667639169917,3.379,1.18438401700177,OTHER
2011,Bangladesh,BGD,995.579947155662,6.46437912497728,11.3951651552399,3.737,1.21766894947597,OTHER
2012,Bangladesh,BGD,1050.39140404066,6.52145877906443,6.21750422069283,4.07,1.18089723364654,OTHER
2013,Bangladesh,BGD,1103.15695907123,6.01360565834344,7.53040640913172,4.426,1.11372942922328,OTHER
2014,Bangladesh,BGD,1159.40753475981,6.0610593588495,6.99163889220848,4.417,1.1364432719278,OTHER
2015,Bangladesh,BGD,1224.38647668165,6.55263987816197,6.19428022984983,4.397,1.20851710681525,OTHER
2016,Bangladesh,BGD,1299.83091360792,7.11347821270093,5.51352572692995,4.35,1.22590049912782,OTHER
2017,Bangladesh,BGD,1373.75363740186,6.59024999794057,5.70207015717238,4.372,1.12758125325097,OTHER
2018,Bangladesh,BGD,1462.25050255713,7.31941263014136,5.54362139486476,4.439,1.15395749092166,OTHER
2019,Bangladesh,BGD,1564.20802445636,7.88191515117722,5.59199639930629,4.504,1.24410082330294,OTHER
2020,Bangladesh,BGD,1604.6659234742,3.44801755122445,5.69107474746211,5.539,1.24468950875224,OTHER
2021,Bangladesh,BGD,1702.08028414189,6.93867912442445,5.54565430773473,5.457,1.16873060016575,OTHER
2022,Bangladesh,BGD,1804.3493461776,7.09982877575158,7.69695437176898,4.593,0.990983394484057,OTHER
2023,Bangladesh,BGD,1885.37733613545,5.77511237007889,9.8835030377921,3.352,0.919471499049507,OTHER
2024,Bangladesh,BGD,1941.27874360025,4.22325911250161,10.4657482763412,3.635,0.941321120606305,OTHER
2025,Bangladesh,BGD,,,,3.778,,OTHER
1990,Bulgaria,BGR,4425.49968282931,-9.11737709565379,23.8000000000002,,3.83344348975545,OTHER
1991,Bulgaria,BGR,4092.07948943814,-8.4453552045466,338.449111470111,11.1,3.04323157297492,OTHER
1992,Bulgaria,BGR,3835.45438611097,-7.27238799030242,91.2979327269303,15.3,2.97263384321224,OTHER
1993,Bulgaria,BGR,3808.94320479934,-1.48021486966819,72.8787913866333,16.4,2.60927161179391,OTHER
1994,Bulgaria,BGR,3891.38240422337,1.81801131807214,96.0573382686505,12.8,2.49261728620574,OTHER
1995,Bulgaria,BGR,4021.99523881227,2.89713914920901,62.0548336837992,11.1,1.63834575680207,OTHER
1996,Bulgaria,BGR,4253.23463876922,5.20539313761572,121.60754244925,12.5,1.73742958266484,OTHER
1997,Bulgaria,BGR,3675.18080678785,-14.1153808127271,1058.37355921973,13.7,2.15948029978631,OTHER
1998,Bulgaria,BGR,3839.97681613318,3.78912095803497,18.672204442064,12.2,2.13151621324202,OTHER
1999,Bulgaria,BGR,3537.34544408687,-8.3960909560701,2.57304281890212,14.1,2.61950116392104,OTHER
2000,Bulgaria,BGR,3717.92889906166,4.58722541447194,10.3162621289989,16.218,2.65245576158903,OTHER
2001,Bulgaria,BGR,3937.70160937785,3.82370364608695,7.3609392723184,19.921,2.86251954387639,OTHER
2002,Bulgaria,BGR,4260.40477488601,5.87193108148227,5.81014365721825,18.11,2.77967655484011,OTHER
2003,Bulgaria,BGR,4519.18439177056,5.23715364977618,2.34864169582757,13.733,2.69120147161229,OTHER
2004,Bulgaria,BGR,4849.87141310477,6.51042578445376,6.14713074246266,12.037,2.3737116819405,OTHER
2005,Bulgaria,BGR,5231.33811895255,7.05634873469204,5.0388380711191,10.083,2.23535026726367,OTHER
2006,Bulgaria,BGR,5629.80127993005,6.80258943603174,7.26159462769946,8.951,2.08176190777138,OTHER
2007,Bulgaria,BGR,6048.74231752797,6.65438792422609,8.40253419005893,6.878,2.22853990097534,OTHER
2008,Bulgaria,BGR,6464.72198023576,6.12955841579208,12.348719599402,5.609,2.13186398257533,OTHER
2009,Bulgaria,BGR,6288.72543188686,-3.34714149737695,2.75320223914819,6.817,1.73951150062383,OTHER
2010,Bulgaria,BGR,6428.71742590538,1.55535979911015,2.43899060504117,10.279,1.64246152423714,OTHER
2011,Bulgaria,BGR,6605.30851691027,2.09017507758604,4.21990346601872,11.26,1.31400025609446,OTHER
2012,Bulgaria,BGR,6693.4277325127,0.748815411928831,2.95456829831012,12.27,1.32981896505284,OTHER
2013,Bulgaria,BGR,6792.73549964735,-0.542751388861134,0.890093540913096,12.941,1.45404283053363,OTHER
2014,Bulgaria,BGR,6941.01853946718,0.949449090947894,-1.41818380264839,11.424,1.30960223173333,OTHER
2015,Bulgaria,BGR,7268.65445473873,3.39755336780412,-0.104633261008479,9.143,1.24593360652028,OTHER
2016,Bulgaria,BGR,7586.50411050819,3.02662841229517,-0.798649886453617,7.575,1.24384580804927,OTHER
2017,Bulgaria,BGR,7898.70693013652,2.74592676054861,2.06159619443141,6.164,1.22220854798635,OTHER
2018,Bulgaria,BGR,8194.37434587757,2.33015213407045,2.81454473824838,5.211,1.45106212373153,OTHER
2019,Bulgaria,BGR,8626.13418680372,3.79331765354152,3.10372944796771,4.148,3.14495072906354,OTHER
2020,Bulgaria,BGR,8440.08304721192,-3.13323303076419,1.67244096855756,5.037,1.58561827051115,OTHER
2021,Bulgaria,BGR,9161.47737990726,7.82817232822165,3.29774435299506,5.166,1.5107237100085,OTHER
2022,Bulgaria,BGR,9597.86796406548,4.0838640915123,15.3252589264367,4.148,1.58707500372134,OTHER
2023,Bulgaria,BGR,9787.26510772747,1.68151074972904,9.44284140088564,4.319,1.94458310651254,OTHER
2024,Bulgaria,BGR,10126.8980075708,3.38709063847314,2.44651943006078,4.2,2.14947328244853,OTHER
2025,Bulgaria,BGR,,,,3.536,,OTHER
1990,Bahrain,BHR,18345.8379968815,4.43799717642609,0.929335437489092,,5.28479154433353,OTHER
1991,Bahrain,BHR,20882.5058640472,11.2299982766857,0.764419735927608,1.047,5.70375064815348,OTHER
1992,Bahrain,BHR,21701.2220342029,6.68999812735618,-0.172413793103312,0.968,5.8780719923865,OTHER
1993,Bahrain,BHR,23858.1931245824,12.8700067450998,2.53886010362695,0.882,5.36985516733492,OTHER
1994,Bahrain,BHR,23180.3322555659,-0.250001381199439,0.816910897759778,1.007,5.11130218782841,OTHER
1995,Bahrain,BHR,23465.7129170227,3.92999239295094,2.70403475064704,1.044,5.18323179048832,OTHER
1996,Bahrain,BHR,23795.2092538862,4.11000631738246,-0.452227382530347,1.177,5.27393976376237,OTHER
1997,Bahrain,BHR,23893.1335655763,3.09299923370425,2.43155133955926,1.125,5.06848741255812,OTHER
1998,Bahrain,BHR,24386.5916523491,4.79000359326143,-0.366533864541774,1.114,5.33310395251817,OTHER
1999,Bahrain,BHR,24773.8464104044,4.29999824426375,-1.28758797184909,1.112,5.50362154366541,OTHER
2000,Bahrain,BHR,25407.9694054552,5.30006940305884,-0.704852953090789,1.081,3.96167096884853,OTHER
2001,Bahrain,BHR,25106.2869742612,2.49094875338352,-1.20757180156659,1.118,4.14808163198998,OTHER
2002,Bahrain,BHR,24149.0156013799,3.34855067103268,-0.495540138751154,1.137,4.61110660635053,OTHER
2003,Bahrain,BHR,23857.6403579769,6.29644129075703,1.59362549800786,1.126,4.65883280302628,OTHER
2004,Bahrain,BHR,23688.1121059225,6.98096175867695,2.35294117647061,1.064,4.04492884796012,OTHER
2005,Bahrain,BHR,23439.6704353038,6.76899737789502,2.58620689655172,1.021,3.21438109533007,OTHER
2006,Bahrain,BHR,23095.0181330228,6.4669995195042,2.00746965452849,1.021,3.10294772848129,OTHER
2007,Bahrain,BHR,23112.4888058398,8.29396129093843,3.25666666666703,1.006,2.95699023434392,OTHER
2008,Bahrain,BHR,23127.2148040048,6.24501094995797,3.52600316363721,1.015,2.80016136873791,OTHER
2009,Bahrain,BHR,22206.9371985225,2.53988570158225,2.79551283550411,1.07,3.61053524967651,OTHER
2010,Bahrain,BHR,22224.0736166249,4.3342989754845,1.96188468334623,1.13,3.27782374844849,OTHER
2011,Bahrain,BHR,23288.0449398313,1.92815791170796,-0.40004069748808,1.21,3.59149722735675,OTHER
2012,Bahrain,BHR,23894.8804447088,3.80302899043062,2.75739669962979,1.2,3.8444905725653,OTHER
2013,Bahrain,BHR,24271.6278814506,5.29262224906203,3.30001156888442,1.184,4.14139762975071,OTHER
2014,Bahrain,BHR,24135.4991304849,4.30885692657077,2.64755321246188,1.144,4.41851202803887,OTHER
2015,Bahrain,BHR,23734.0551143019,2.50787205267615,1.84862742374976,1.164,4.6441113490364,OTHER
2016,Bahrain,BHR,23715.2791328712,3.81499327422425,2.78679347602044,1.19,4.67063531353135,OTHER
2017,Bahrain,BHR,23606.8867501313,4.95383534123657,1.38671830576406,1.18,4.32073774179037,OTHER
2018,Bahrain,BHR,24059.7838641562,2.05258864979861,2.08766938046978,1.188,4.04108625299001,OTHER
2019,Bahrain,BHR,24873.6640060134,2.05287774418655,1.00582004702136,1.217,4.02986101554975,OTHER
2020,Bahrain,BHR,23586.9309581516,-5.9113629524152,-2.31770629331378,1.765,4.05746865109248,OTHER
2021,Bahrain,BHR,24086.7847803428,4.35004091668986,-0.60631938514085,1.548,3.51979682208909,OTHER
2022,Bahrain,BHR,25234.40256182,6.18016125475185,3.62574104304482,1.265,3.42339334548769,OTHER
2023,Bahrain,BHR,25342.6226641572,3.87811614845566,0.0746206782192255,1.049,3.52083573819693,OTHER
2024,Bahrain,BHR,25812.4504577306,2.60379670648454,0.919635459817651,1.084,2.8946654057963,OTHER
2025,Bahrain,BHR,,,,1.102,,OTHER
1990,"Bahamas, The",BHS,30995.4830715942,-1.59624908755521,4.66931912018676,,,OTHER
1991,"Bahamas, The",BHS,29192.9942606391,-4.18178502345002,7.11468120203627,12.17,,OTHER
1992,"Bahamas, The",BHS,27565.9784622985,-3.82558229706301,5.73819886173447,14.81,,OTHER
1993,"Bahamas, The",BHS,27137.178342536,0.307806596011844,2.7228976697059,12.72,,OTHER
1994,"Bahamas, The",BHS,27503.6353912861,3.14891597200189,1.39933423745548,13.83,,OTHER
1995,"Bahamas, The",BHS,28236.3753765914,4.37875203482501,2.06699495410041,10.83,,OTHER
1996,"Bahamas, The",BHS,28967.0480464753,4.22353036224139,1.37913741223666,11.46,,OTHER
1997,"Bahamas, The",BHS,28902.571896854,1.28775320549799,0.544150383378687,9.76,,OTHER
1998,"Bahamas, The",BHS,29837.4381789441,4.71679855496301,1.3366133661337,7.65,,OTHER
1999,"Bahamas, The",BHS,31544.3540604454,7.14410390677141,1.2542482602363,7.45,,OTHER
2000,"Bahamas, The",BHS,32424.7271786716,4.14841930754267,1.60632941740578,7.118,,OTHER
2001,"Bahamas, The",BHS,32870.0918307285,2.62600982683425,2.0449897750512,6.87,,OTHER
2002,"Bahamas, The",BHS,33374.602685914,2.70495624731029,2.17357792508093,9.05,,OTHER
2003,"Bahamas, The",BHS,32559.311554898,-1.26491667612372,3.02504526252236,10.84,,OTHER
2004,"Bahamas, The",BHS,32444.0739567569,0.882373744518318,0.981914036757662,10.2,,OTHER
2005,"Bahamas, The",BHS,33144.7878790275,3.39608420536011,1.59160618079802,10.2,,OTHER
2006,"Bahamas, The",BHS,33541.850748701,2.51659221712706,2.38982627439254,7.54,,OTHER
2007,"Bahamas, The",BHS,33549.3360007274,1.44609991235758,2.49257794939396,7.88,,OTHER
2008,"Bahamas, The",BHS,32331.8246135092,-2.32364807041851,4.48955995375059,8.18,,OTHER
2009,"Bahamas, The",BHS,30581.3342198488,-4.17542805647342,2.06273473452681,14.25,,OTHER
2010,"Bahamas, The",BHS,30657.4319059659,1.53866248693835,1.34402738392835,14.435,,OTHER
2011,"Bahamas, The",BHS,30492.6738528071,0.613170735890648,3.1987814166032,14.52,,OTHER
2012,"Bahamas, The",BHS,31553.4919490645,4.52003886739061,1.97336755976254,14.02,,OTHER
2013,"Bahamas, The",BHS,30368.2631244189,-2.86320081549439,0.722414784530551,16.18,,OTHER
2014,"Bahamas, The",BHS,30658.5344563722,1.8469701294558,1.51375643050831,13.8,,OTHER
2015,"Bahamas, The",BHS,30719.405417469,0.997411675486745,1.86148302863371,12.0,,OTHER
2016,"Bahamas, The",BHS,30152.1619246021,-1.15650811269629,-0.346376929989396,12.7,,OTHER
2017,"Bahamas, The",BHS,30974.7477261317,3.3713988456489,1.51820700736147,9.8,,OTHER
2018,"Bahamas, The",BHS,31537.2423841956,2.39795510823548,2.26586346678735,10.0,,OTHER
2019,"Bahamas, The",BHS,31117.6299132391,-0.838585871193203,2.49123527368045,9.336,,OTHER
2020,"Bahamas, The",BHS,24791.6704945106,-20.0893664891399,0.0385210980054557,12.016,,OTHER
2021,"Bahamas, The",BHS,29114.0597726386,17.5861390037409,2.90491262928478,11.078,,OTHER
2022,"Bahamas, The",BHS,32186.4575039237,10.8779009410268,5.60540633583043,9.25,,OTHER
2023,"Bahamas, The",BHS,33009.645615121,3.04824180553773,3.05291578969742,8.645,,OTHER
2024,"Bahamas, The",BHS,33968.2032187918,3.37866553336166,0.409162489083286,9.049,,OTHER
2025,"Bahamas, The",BHS,,,,9.207,,OTHER
1990,Bosnia and Herzegovina,BIH,791.443970389452,,,,,OTHER
1991,Bosnia and Herzegovina,BIH,715.900064392785,-9.34802499921999,,17.55,,OTHER
1992,Bosnia and Herzegovina,BIH,705.206671025908,-6.43690771039316,,18.477,,OTHER
1993,Bosnia and Herzegovina,BIH,748.150021097699,-2.18134849048988,,19.408,,OTHER
1994,Bosnia and Herzegovina,BIH,871.398491492583,11.1319654858782,,20.17,,OTHER
1995,Bosnia and Herzegovina,BIH,1013.22444955595,15.9683009584782,,20.944,,OTHER
1996,Bosnia and Herzegovina,BIH,1498.00593266831,54.1993001671131,,21.682,,OTHER
1997,Bosnia and Herzegovina,BIH,1974.05742700092,36.641128467034,,22.586,,OTHER
1998,Bosnia and Herzegovina,BIH,2262.0326315401,16.6163744979847,,23.494,,OTHER
1999,Bosnia and Herzegovina,BIH,2452.85188366768,9.52157018578967,,24.441,,OTHER
2000,Bosnia and Herzegovina,BIH,2567.34136989735,5.41431594987505,,25.446,,OTHER
2001,Bosnia and Herzegovina,BIH,2617.18230350812,2.42331317180992,,26.485,,OTHER
2002,Bosnia and Herzegovina,BIH,2743.13878615838,5.027444647203,,27.477,3.9043729051368,OTHER
2003,Bosnia and Herzegovina,BIH,2855.68314939849,3.86713552011777,,28.424,2.41669769045157,OTHER
2004,Bosnia and Herzegovina,BIH,3063.83543448936,6.32526794858342,,29.279,1.8896028081156,OTHER
2005,Bosnia and Herzegovina,BIH,3217.81341615345,3.89718320544974,,30.218,1.54421965764078,OTHER
2006,Bosnia and Herzegovina,BIH,3419.75887457192,5.41400299607282,6.12556615620284,31.11,1.38653346855639,OTHER
2007,Bosnia and Herzegovina,BIH,3665.08966529499,5.85911689412598,1.50077710611541,28.984,1.23615289583956,OTHER
2008,Bosnia and Herzegovina,BIH,3929.03297717336,5.44184730165964,7.42704310332952,23.405,1.2206120604463,OTHER
2009,Bosnia and Herzegovina,BIH,3877.53540078456,-3.0044555389081,-0.381464282453056,24.068,1.37658621151299,OTHER
2010,Bosnia and Herzegovina,BIH,3981.20985692032,0.865667236280544,1.99621236745886,27.312,1.28034144398166,OTHER
2011,Bosnia and Herzegovina,BIH,4094.25329541877,0.959511709726897,3.67125,27.582,1.13643026444417,OTHER
2012,Bosnia and Herzegovina,BIH,4139.91732773657,-0.821837252962993,2.05267452001717,28.01,1.14557192089501,OTHER
2013,Bosnia and Herzegovina,BIH,4306.73175072214,2.34985873172397,-0.0930456838317588,27.49,1.08705579799922,OTHER
2014,Bosnia and Herzegovina,BIH,4412.67617817734,1.15384793371298,-0.897194054194333,27.517,1.02582688734534,OTHER
2015,Bosnia and Herzegovina,BIH,4662.25869219448,4.28413016137854,-1.03602303425474,27.695,0.988857622509173,OTHER
2016,Bosnia and Herzegovina,BIH,4876.53471495633,3.24225822231566,-1.58410000000001,25.408,0.922772270069199,OTHER
2017,Bosnia and Herzegovina,BIH,5099.81602856447,3.24409895306594,0.810133321953038,20.527,0.852593562264982,OTHER
2018,Bosnia and Herzegovina,BIH,5360.25201017633,3.82900399349064,1.41710814018033,18.4,0.84004735664614,OTHER
2019,Bosnia and Herzegovina,BIH,5583.29721276458,2.88585242083978,0.56278215406123,15.692,0.807324224885322,OTHER
2020,Bosnia and Herzegovina,BIH,5490.75366635139,-3.01509335460439,-1.05129600763489,15.868,0.827298283159884,OTHER
2021,Bosnia and Herzegovina,BIH,5995.54197590494,7.39164256472846,1.98163900587622,14.897,0.886133600491203,OTHER
2022,Bosnia and Herzegovina,BIH,6327.16206849174,4.22681333390325,14.0208440826771,12.657,0.752028730749218,OTHER
2023,Bosnia and Herzegovina,BIH,6493.32400514463,1.99439414850893,6.1059011284828,10.668,0.717630060649091,OTHER
2024,Bosnia and Herzegovina,BIH,6730.26828824205,2.9715174617652,1.69212733599723,10.69,0.747079920408854,OTHER
2025,Bosnia and Herzegovina,BIH,,,,11.037,,OTHER
1990,Belarus,BLR,2888.81296582486,,,,,OTHER
1991,Belarus,BLR,2852.83085924888,-1.1999957451749,,0.6,,OTHER
1992,Belarus,BLR,2573.29955103215,-9.60000108728426,,3.1,1.62249864791779,OTHER
1993,Belarus,BLR,2372.48516910385,-7.60000201957324,1190.22923349187,8.5,2.79097146104819,OTHER
1994,Belarus,BLR,2097.38187007503,-11.7000038612152,2221.01656992039,12.8,3.62160825483893,OTHER
1995,Belarus,BLR,1885.36062660186,-10.4000003781854,709.346032118606,17.7,1.69946376942909,OTHER
1996,Belarus,BLR,1944.68700512976,2.80000456599095,52.7120767531954,24.4,1.26069255990701,OTHER
1997,Belarus,BLR,2175.40374180154,11.4000054007553,63.9373663357478,17.1,1.76896655126353,OTHER
1998,Belarus,BLR,2368.78330877851,8.3999913697987,72.8697170535354,14.0,1.49509870243434,OTHER
1999,Belarus,BLR,2460.36944195798,3.3999992040046,293.678750889772,12.8,1.36676073838589,OTHER
2000,Belarus,BLR,2615.36376799462,5.80000327485702,168.620235850933,12.193,1.34698415075765,OTHER
2001,Belarus,BLR,2753.0336970697,4.72530605111095,61.1349331618476,11.561,1.43829074692244,OTHER
2002,Belarus,BLR,2910.39937484153,5.04526758311702,42.5375481348794,10.874,1.40024580052512,OTHER
2003,Belarus,BLR,3137.26261430575,7.04319246586394,28.3978399133473,10.191,1.29906390002339,OTHER
2004,Belarus,BLR,3520.40452642524,11.4497432088167,18.1082424937646,9.463,1.35822231382833,OTHER
2005,Belarus,BLR,3877.71738911289,9.40000151584914,10.3388794457932,8.759,1.49845313530187,OTHER
2006,Belarus,BLR,4291.68647163264,9.99999473022963,6.99712903535584,8.066,1.70941249195756,OTHER
2007,Belarus,BLR,4682.20676719042,8.60000659811426,8.42675273505309,7.41,1.64976591437478,OTHER
2008,Belarus,BLR,5177.64534775676,10.1999994860937,14.8378764828254,6.728,1.45349285157346,OTHER
2009,Belarus,BLR,5200.77418555423,0.199995231733979,12.9456563410401,6.1,1.37257698145111,OTHER
2010,Belarus,BLR,5616.0941173307,7.75001707500896,7.735748043125,6.052,1.3413834329232,OTHER
2011,Belarus,BLR,5941.68999156239,5.54997471638077,53.2286983118174,6.024,1.22449510976582,OTHER
2012,Belarus,BLR,6052.6373706236,1.70785253368828,59.2197360232518,5.962,1.22921872178113,OTHER
2013,Belarus,BLR,6115.43288098707,0.998719299661161,18.3122610377873,5.942,1.27079665150066,OTHER
2014,Belarus,BLR,6212.91667418659,1.65112470228097,18.1195543526734,5.908,1.04232763587955,OTHER
2015,Belarus,BLR,5967.05595058777,-3.82957056812593,13.5344897649734,5.881,1.13806602416355,OTHER
2016,Belarus,BLR,5811.20159182547,-2.5264464460425,11.8365807653496,5.844,1.52328091923032,OTHER
2017,Belarus,BLR,5964.89668834561,2.53218349471909,6.03183725177785,5.648,1.37200444073753,OTHER
2018,Belarus,BLR,6165.91320019277,3.14919758275296,4.87230220550689,4.763,1.53799428873681,OTHER
2019,Belarus,BLR,6267.73508743505,1.44645548204305,5.59815595039853,4.165,1.39642297566801,OTHER
2020,Belarus,BLR,6251.98898968645,-0.672742918585868,5.5481435745651,4.049,1.40325859867166,OTHER
2021,Belarus,BLR,6457.73053706343,2.43886210234947,9.46028389623105,3.9,1.36528926554311,OTHER
2022,Belarus,BLR,6206.61909685419,-4.65839591328999,15.2096752740809,3.574,1.64869313490861,OTHER
2023,Belarus,BLR,6497.78450683592,4.12654007153881,5.00059903091312,3.461,2.02344784419461,OTHER
2024,Belarus,BLR,6792.13183495565,4.00984852465452,5.78531910427998,3.458,2.07364910790144,OTHER
2025,Belarus,BLR,,,,3.38,,OTHER
1990,Belize,BLZ,4112.59517532713,11.3429425965195,3.05907172995785,,0.894743197157451,OTHER
1991,Belize,BLZ,4499.57971281862,11.7787032699319,0.761951500806879,9.647,0.818168468482646,OTHER
1992,Belize,BLZ,4967.92710478843,12.7362233602929,2.39670073025188,9.654,0.788094264285229,OTHER
1993,Belize,BLZ,5166.82867390165,6.13788542592131,1.47259694693679,9.78,0.844087949169837,OTHER
1994,Belize,BLZ,5056.95201193832,-0.0199863391166843,2.56934304644295,11.1,1.05288722447478,OTHER
1995,Belize,BLZ,4967.96153818049,0.731558011871286,2.88961584372151,12.48,1.01132983352715,OTHER
1996,Belize,BLZ,4875.65675023061,1.10530578663676,5.96502097537242,13.82,0.962038381608788,OTHER
1997,Belize,BLZ,4915.3403407039,4.2346158780441,1.14903756760539,12.68,1.11142453608722,OTHER
1998,Belize,BLZ,4931.45499103616,3.89301999542513,2.1952625003759,14.31,,OTHER
1999,Belize,BLZ,5213.5662826521,9.42319471476534,2.62139524582746,12.84,,OTHER
2000,Belize,BLZ,5663.64632374973,12.2406120663359,3.06743966930585,10.841,0.657400606900072,OTHER
2001,Belize,BLZ,5764.99055491104,4.99356206143864,3.65141786561502,9.07,0.660133826570744,OTHER
2002,Belize,BLZ,5895.15235037898,5.39907320663811,4.24026660688645,10.04,0.65317934436876,OTHER
2003,Belize,BLZ,6274.47428279313,9.66522679614125,2.31808274663101,10.342,0.674810769936463,OTHER
2004,Belize,BLZ,6383.07432412662,4.78066505273344,6.39443099742398,10.586,0.699362422608098,OTHER
2005,Belize,BLZ,6337.12389222378,2.2191905367057,-1.10431044411909,10.91,0.75074714637425,OTHER
2006,Belize,BLZ,6435.58767337678,4.51145460193301,-7.11376771265013,9.39,0.770603665352675,OTHER
2007,Belize,BLZ,6465.82885846045,3.33939738340764,2.3180827464202,8.51,0.804721615478068,OTHER
2008,Belize,BLZ,6187.95885023655,-1.62747776449082,6.39443100250033,8.18,1.07408006688025,OTHER
2009,Belize,BLZ,5997.68447156383,-0.446709636828217,-1.10431044864355,8.323,1.02025947294782,OTHER
2010,Belize,BLZ,5937.75398343789,1.41741099233461,0.917977378808887,8.412,0.876347006335822,OTHER
2011,Belize,BLZ,5802.24344531492,-0.13007112300869,1.602056156402,8.424,0.842255994312455,OTHER
2012,Belize,BLZ,5902.74234696881,3.94389321816617,1.30058074547858,8.378,0.796165416080834,OTHER
2013,Belize,BLZ,6013.07879895362,4.06646561608865,0.50974776898322,8.349,0.874010589302631,OTHER
2014,Belize,BLZ,6116.49578852783,3.89226067249989,1.20139964481057,8.244,0.931313121713426,OTHER
2015,Belize,BLZ,6154.62264230369,2.7602602736023,-0.861584009427747,7.578,0.892830505973699,OTHER
2016,Belize,BLZ,6012.21296983668,-0.0187414958130319,0.663427167917601,7.0,0.96275814780823,OTHER
2017,Belize,BLZ,5767.61921963762,-1.83323729057784,1.14765339305816,6.596,1.01066786730984,OTHER
2018,Belize,BLZ,5707.61059954436,0.822068592512508,0.269982622646335,9.346,1.01132122816519,OTHER
2019,Belize,BLZ,5864.14611827109,4.25658710030072,0.187069385181424,9.053,1.01662701573035,OTHER
2020,Belize,BLZ,5006.48453276935,-13.5228997055506,0.121434644614893,10.763,1.26623781790202,OTHER
2021,Belize,BLZ,5839.40157956017,17.9899244143607,3.2356365923707,10.302,1.0975102664713,OTHER
2022,Belize,BLZ,6262.56088273674,9.25051329530994,6.27689319447543,8.682,0.979173785897568,OTHER
2023,Belize,BLZ,6165.69414825936,0.500127941638667,4.38984017487674,8.278,0.992933768484191,OTHER
2024,Belize,BLZ,6290.49294452749,3.50466435023895,3.28955985952768,8.698,0.898885869151742,OTHER
2025,Belize,BLZ,,,,8.856,,OTHER
1990,Bermuda,BMU,89089.7346423608,0.0192122847020073,,,,OTHER
1991,Bermuda,BMU,85311.0494288592,-3.53438209429358,,,,OTHER
1992,Bermuda,BMU,84642.6084927299,-0.0597382143839553,,,,OTHER
1993,Bermuda,BMU,86582.8344997142,3.00856712357907,,,,OTHER
1994,Bermuda,BMU,86545.7823557807,0.599613366698804,,,,OTHER
1995,Bermuda,BMU,89849.1250139813,4.39914832996426,,,,OTHER
1996,Bermuda,BMU,91743.2962338679,2.60047542898441,,,,OTHER
1997,Bermuda,BMU,95383.0225110365,4.60000084263363,,,,OTHER
1998,Bermuda,BMU,98347.9089816051,3.90000009423035,,,,OTHER
1999,Bermuda,BMU,100867.914579743,3.38264701972184,,,,OTHER
2000,Bermuda,BMU,109502.763102809,9.31715641086083,,,,OTHER
2001,Bermuda,BMU,116809.925253071,7.22243553752608,,,,OTHER
2002,Bermuda,BMU,114574.433608566,-1.47779059768867,,,,OTHER
2003,Bermuda,BMU,118018.831592635,3.41070667687531,,,,OTHER
2004,Bermuda,BMU,120432.12052555,2.32126722323136,,,,OTHER
2005,Bermuda,BMU,122143.799577518,1.67420611410508,,,,OTHER
2006,Bermuda,BMU,128662.931924261,5.5438663804406,,,,OTHER
2007,Bermuda,BMU,132595.482654866,3.34513970877607,,,,OTHER
2008,Bermuda,BMU,129525.177139097,-1.86595582635186,,,,OTHER
2009,Bermuda,BMU,121727.584908744,-5.6266977105161,,,,OTHER
2010,Bermuda,BMU,118382.908990645,-2.50287828947368,,,,OTHER
2011,Bermuda,BMU,113937.835700983,-3.74274431740703,,,,OTHER
2012,Bermuda,BMU,108040.575659203,-5.30529910675297,,,,OTHER
2013,Bermuda,BMU,107860.394791964,-0.279708545423034,,,,OTHER
2014,Bermuda,BMU,103941.982606956,-3.70106759364258,,,,OTHER
2015,Bermuda,BMU,104855.366822135,0.775529699568978,,,,OTHER
2016,Bermuda,BMU,104190.876720334,-0.657206304259205,,,,OTHER
2017,Bermuda,BMU,107734.608357327,3.61141983706115,,,,OTHER
2018,Bermuda,BMU,106843.163739391,-0.432801300339307,,,,OTHER
2019,Bermuda,BMU,106709.881238843,0.307106461240664,,,,OTHER
2020,Bermuda,BMU,98999.5076617935,-6.82757303480177,,,,OTHER
2021,Bermuda,BMU,103134.729483915,4.60742917109469,,,,OTHER
2022,Bermuda,BMU,109642.671877743,6.47622571186707,,,,OTHER
2023,Bermuda,BMU,115124.71719745,4.91721557264164,,,,OTHER
2024,Bermuda,BMU,122117.603586776,5.97253260071749,,,,OTHER
1990,Bolivia,BOL,1679.40847934245,4.63578742813344,17.1187746048239,,2.81588331884607,OTHER
1991,Bolivia,BOL,1731.3951418014,5.26652666784713,21.447069817114,2.935,2.6883248571772,OTHER
1992,Bolivia,BOL,1724.36334508877,1.64649818317035,12.0603236018289,3.03,2.50611883346961,OTHER
1993,Bolivia,BOL,1762.66830888368,4.26929611661518,8.52787695688002,3.05,1.91634980988593,OTHER
1994,Bolivia,BOL,1809.57065085888,4.6672651026673,7.87404421467434,3.08,2.25030123424626,OTHER
1995,Bolivia,BOL,1858.78185183799,4.67827659710034,10.1932067630745,2.664,2.09616225791141,OTHER
1996,Bolivia,BOL,1904.28702147603,4.36134195244541,12.4254866180049,2.375,1.98680754250518,OTHER
1997,Bolivia,BOL,1962.8640425071,4.95420874299724,4.70844436028192,2.08,2.27361030066829,OTHER
1998,Bolivia,BOL,2025.50334651632,5.02935475543048,7.67322895675083,2.121,2.69111085956905,OTHER
1999,Bolivia,BOL,1998.94534010592,0.426885422588768,2.15951626835597,2.299,2.13328709491197,OTHER
2000,Bolivia,BOL,2014.19024658446,2.50781080899505,4.60822998872598,2.439,2.0629715134384,OTHER
2001,Bolivia,BOL,2013.84581083123,1.68379912721821,1.58965377879567,2.623,2.3204467435097,OTHER
2002,Bolivia,BOL,2029.66993638623,2.48556573783827,0.928258851611069,2.603,1.99033371462944,OTHER
2003,Bolivia,BOL,2050.07133411879,2.7113398370071,3.33727499671533,2.654,2.14548339823865,OTHER
2004,Bolivia,BOL,2099.990810637,4.17329558916195,4.43738080101724,2.615,1.89650330503014,OTHER
2005,Bolivia,BOL,2156.18670325307,4.42143312687995,5.39323106890663,2.598,1.717004422633,OTHER
2006,Bolivia,BOL,2221.42722587103,4.79700882356046,4.28239604802561,2.575,1.46622698404757,OTHER
2007,Bolivia,BOL,2283.4273357151,4.56438426887904,8.70560923578869,2.614,1.4890475837354,OTHER
2008,Bolivia,BOL,2383.2503257823,6.14849787462195,14.0068107702519,2.603,2.19395160882894,OTHER
2009,Bolivia,BOL,2422.57579390007,3.35699957430558,3.34645420142013,2.973,1.76136075631536,OTHER
2010,Bolivia,BOL,2481.40700850945,4.12672259105658,2.5032760584424,2.609,2.78500726887326,OTHER
2011,Bolivia,BOL,2568.5205166368,5.20409244308591,9.88446419823883,2.255,1.68412265690433,OTHER
2012,Bolivia,BOL,2657.23884915853,5.12227558091767,4.51560291399375,2.066,1.84560643919497,OTHER
2013,Bolivia,BOL,2793.51457098676,6.79601142810857,5.73640023719606,2.437,1.84124031434345,OTHER
2014,Bolivia,BOL,2900.90241586338,5.46056950635116,5.76660074579143,2.021,1.89691504477836,OTHER
2015,Bolivia,BOL,2996.01289811344,4.8571871797142,4.05961041135644,3.111,1.75943591545975,OTHER
2016,Bolivia,BOL,3077.57057564766,4.26392086382097,3.62321431764138,3.498,1.53046784866919,OTHER
2017,Bolivia,BOL,3160.16421228968,4.19520633360403,2.8227580554717,3.655,1.53642735273655,OTHER
2018,Bolivia,BOL,3204.53670819124,2.86808404814794,2.27205987230154,3.519,1.49690260690782,OTHER
2019,Bolivia,BOL,3207.3869521223,1.50672102666863,1.83954504969025,3.682,1.45127092717043,OTHER
2020,Bolivia,BOL,2765.0927177231,-12.7194690092717,0.940742153381849,7.903,1.39204744468967,OTHER
2021,Bolivia,BOL,3011.55110807557,10.0290488827886,0.737383721452274,5.089,1.32579943750687,OTHER
2022,Bolivia,BOL,3088.24126155241,3.74741781241461,1.74632872945968,3.552,0.973250888476219,OTHER
2023,Bolivia,BOL,3122.77049447823,2.51636590154891,2.57688800489192,3.024,1.30430837360161,OTHER
2024,Bolivia,BOL,3045.61476602385,-1.12335595517212,5.09976568317427,3.274,1.37066364312669,OTHER
2025,Bolivia,BOL,,,,2.967,,OTHER
1990,Brazil,BRA,6149.86718171298,-4.35000000000022,2947.73277248299,,2.36384102519699,OTHER
1991,Brazil,BRA,6107.64813406258,1.0321895854696,432.786661926461,6.887,1.96333333333333,OTHER
1992,Brazil,BRA,5973.98216883419,-0.544072051030298,951.962053052817,7.086,1.52152886115445,OTHER
1993,Brazil,BRA,6167.46021218994,4.92469000463774,1927.38079016026,6.03,1.92792281498297,OTHER
1994,Brazil,BRA,6427.1682800904,5.8528703643893,2075.88839757325,6.579,2.016007789121,OTHER
1995,Brazil,BRA,6596.33496795058,4.2237936336472,66.0070335542481,7.092,1.86213698033379,OTHER
1996,Brazil,BRA,6640.72624266152,2.20886405051482,15.7576656002606,8.035,1.65484349950291,OTHER
1997,Brazil,BRA,6764.85764267331,3.39484598531597,6.92671251629154,9.003,1.57768831551774,OTHER
1998,Brazil,BRA,6687.49446621217,0.338097901952338,3.19507629280051,10.15,1.66229191975824,OTHER
1999,Brazil,BRA,6621.63600079445,0.467937566679467,4.85844749902666,11.125,1.64547466656987,OTHER
2000,Brazil,BRA,6817.78345634413,4.38794944364869,7.04414105947265,10.889,1.73072614713627,OTHER
2001,Brazil,BRA,6823.0331851176,1.3898964044581,6.84035902487523,10.649,1.95188244532532,OTHER
2002,Brazil,BRA,6944.62257593723,3.05346185683619,8.45016437708331,10.641,1.89577119915617,OTHER
2003,Brazil,BRA,6941.43965883253,1.14082899877101,14.7149197228147,11.168,1.50347763554507,OTHER
2004,Brazil,BRA,7258.78101654079,5.75996463685998,6.59718509985963,10.072,1.46126840890621,OTHER
2005,Brazil,BRA,7409.56827992249,3.20213206216255,6.86953720898964,10.551,1.52401346273319,OTHER
2006,Brazil,BRA,7622.03919432148,3.96198870899485,4.18356812896909,9.692,1.48108495636286,OTHER
2007,Brazil,BRA,8003.2532101272,6.06987060733128,3.64127299102652,9.28,1.46629209992902,OTHER
2008,Brazil,BRA,8330.76364001877,5.09419544811998,5.67859390284168,8.268,1.44192408837717,OTHER
2009,Brazil,BRA,8246.09612122851,-0.12581200299141,4.88803479876798,9.419,1.53862567601211,OTHER
2010,Brazil,BRA,8792.63334959864,7.52822581812151,5.03872690108074,8.42,1.53940698128362,OTHER
2011,Brazil,BRA,9067.99212019529,3.97442307944702,6.6364496221309,7.578,1.41185115924524,OTHER
2012,Brazil,BRA,9167.49818450433,1.92117598509462,5.40349914036997,7.251,1.37865646470437,OTHER
2013,Brazil,BRA,9366.73824670239,3.0048226702888,6.204310666401,7.071,1.32944608382557,OTHER
2014,Brazil,BRA,9338.34170840985,0.503955740273241,6.32904015516138,6.755,1.330244423168,OTHER
2015,Brazil,BRA,8936.1955889444,-3.54576339347278,9.02990102416136,8.538,1.36551715396161,OTHER
2016,Brazil,BRA,8577.84277969667,-3.2759169063211,8.73914352329393,11.58,1.34797541299482,OTHER
2017,Brazil,BRA,8628.25209645723,1.32286905390815,3.44637335032669,12.792,1.41402166797586,OTHER
2018,Brazil,BRA,8722.33529970988,1.78366676137003,3.66485028376728,12.329,1.46967772350671,OTHER
2019,Brazil,BRA,8771.43950372603,1.22077782271943,3.73297621216893,11.936,1.38279724638797,OTHER
2020,Brazil,BRA,8435.01046209185,-3.27675879612903,3.21176803803376,13.697,1.32666026860555,OTHER
2021,Brazil,BRA,8799.22844579944,4.7626043797061,8.30165975585673,13.158,1.14903763026142,OTHER
2022,Brazil,BRA,9032.08377657776,3.01669435408112,9.28010608956872,9.231,1.05240083845945,OTHER
2023,Brazil,BRA,9288.02594608687,3.24165532813583,4.59356282283203,7.947,1.00237538990131,OTHER
2024,Brazil,BRA,9566.74408628371,3.41931516597739,4.36746407652336,6.801,0.972774559040702,OTHER
2025,Brazil,BRA,,,,5.97,,OTHER
1990,Barbados,BRB,19382.8687219216,-3.30759330759331,3.07457271078018,,,OTHER
1991,Barbados,BRB,18570.1489669848,-3.89990691262406,6.25752663270023,22.41,,OTHER
1992,Barbados,BRB,17452.8832067824,-5.69252096794237,6.09389302994638,22.94,,OTHER
1993,Barbados,BRB,17540.078082481,0.793068252239465,1.11343933604482,24.54,,OTHER
1994,Barbados,BRB,17852.2143292615,2.01078255047564,0.0772043884602322,22.98,,OTHER
1995,Barbados,BRB,18182.6370239921,2.01399817082077,1.87886279357232,19.66,,OTHER
1996,Barbados,BRB,18888.0054711959,3.97647637887928,2.38615222842324,14.71,,OTHER
1997,Barbados,BRB,19775.173675272,4.74010332766122,7.71053878969883,14.61,,OTHER
1998,Barbados,BRB,20509.0448456954,3.72846430604467,-1.26888660701213,12.4,,OTHER
1999,Barbados,BRB,20571.3303337703,0.334656057330719,1.56006240249605,10.61,,OTHER
2000,Barbados,BRB,21523.3992235883,4.44718962836241,2.43581303489138,9.35,,OTHER
2001,Barbados,BRB,20985.2828573064,-2.36546466744424,2.57783490431287,9.85,,OTHER
2002,Barbados,BRB,21012.5595449081,0.787402032457734,0.125249458056019,10.32,,OTHER
2003,Barbados,BRB,21338.1720739511,2.17548079415926,1.61943319838053,11.0,,OTHER
2004,Barbados,BRB,21516.1662922098,1.41159830663733,1.39442231075691,9.57,,OTHER
2005,Barbados,BRB,22250.0263806215,3.95545720757542,6.08218729535043,9.08,,OTHER
2006,Barbados,BRB,23487.4418767503,6.07054621673575,7.3076626282894,8.73,,OTHER
2007,Barbados,BRB,23862.135352962,2.07918386258883,4.03422982885069,7.41,,OTHER
2008,Barbados,BRB,23887.7289633459,0.633460590858988,8.10810810810779,8.12,,OTHER
2009,Barbados,BRB,22572.5926053677,-5.01727538250874,3.64386189258337,10.02,,OTHER
2010,Barbados,BRB,21982.1839041348,-2.21771085628247,5.82421853311866,10.69,,OTHER
2011,Barbados,BRB,21842.8635599786,-0.310320187825369,9.4322024017722,11.19,,OTHER
2012,Barbados,BRB,21036.3003366556,-3.41390821153806,4.53334753888774,11.59,,OTHER
2013,Barbados,BRB,20609.6076272963,-1.771174940631,1.81410436049096,11.55,,OTHER
2014,Barbados,BRB,20713.7670210437,0.752615446604594,1.76950322089728,12.17,,OTHER
2015,Barbados,BRB,20424.2087530019,-1.17048018967635,-1.11278992510958,9.803,,OTHER
2016,Barbados,BRB,20684.7801825176,1.49650622520576,1.28192813061895,8.247,,OTHER
2017,Barbados,BRB,20788.7046543161,0.708386729317951,4.66018463955995,8.62,,OTHER
2018,Barbados,BRB,20483.9550976366,-1.2760241773002,3.1060057242059,8.321,,OTHER
2019,Barbados,BRB,20494.3871602646,0.227712137486577,1.67662473276987,8.41,,OTHER
2020,Barbados,BRB,17519.837062872,-14.3647119341564,,10.586,,OTHER
2021,Barbados,BRB,17475.0281776857,-0.0967779613221893,,11.015,,OTHER
2022,Barbados,BRB,20472.9494048647,17.2264626793379,,7.261,,OTHER
2023,Barbados,BRB,21068.2610447067,2.914357359625,3.18718905472631,6.54,,OTHER
2024,Barbados,BRB,21581.2171257633,2.4822621396186,1.44643664306159,6.448,,OTHER
2025,Barbados,BRB,,,,6.524,,OTHER
1990,Brunei Darussalam,BRN,44179.827869454,2.64307356617202,2.13866293163795,,6.43773526926327,OTHER
1991,Brunei Darussalam,BRN,44201.1394947727,2.91065603669382,1.6,4.7,6.40435012461295,OTHER
1992,Brunei Darussalam,BRN,41672.3708419389,-3.12061882634288,1.27952755905514,4.791,6.24514478073449,OTHER
1993,Brunei Darussalam,BRN,40342.0504065212,-0.633649658776775,4.25170068027212,4.903,5.74023173528116,OTHER
1994,Brunei Darussalam,BRN,39721.4345352129,0.992734958938726,2.46251844946789,5.007,5.98247135891837,OTHER
1995,Brunei Darussalam,BRN,39274.4980204335,1.34729376385607,5.96664139499612,5.066,5.47726596521598,OTHER
1996,Brunei Darussalam,BRN,38331.6576177026,-0.027315465853718,1.99613650998077,5.153,6.24949383149313,OTHER
1997,Brunei Darussalam,BRN,39820.2107524086,6.34394499326551,1.71156004489335,5.204,7.18396455211652,OTHER
1998,Brunei Darussalam,BRN,36331.1813349886,-6.65715931266875,-0.441379310344899,5.356,7.52984389348026,OTHER
1999,Brunei Darussalam,BRN,37045.9342568638,4.26072216266995,-0.415627597672453,5.415,6.13041835206517,OTHER
2000,Brunei Darussalam,BRN,37509.5983847742,3.47467627672586,1.55815247634945,5.53,4.06920549004446,OTHER
2001,Brunei Darussalam,BRN,37269.3099216587,1.4660608198711,0.595890410958989,5.558,3.8863976083707,OTHER
2002,Brunei Darussalam,BRN,37976.2627573601,3.9614389000248,-2.3149724245932,5.652,3.87078275829112,OTHER
2003,Brunei Darussalam,BRN,38595.1688513702,3.58342909978997,0.299999999999967,5.743,3.71141961800389,OTHER
2004,Brunei Darussalam,BRN,37948.6590825194,0.104538372603315,0.814223994682612,5.847,2.53273008763096,OTHER
2005,Brunei Darussalam,BRN,37312.2778797122,-0.00392531660746442,1.24443711883965,5.973,2.3494276381516,OTHER
2006,Brunei Darussalam,BRN,38229.3565684183,4.09841257308588,0.15988807834512,6.061,2.3039631946555,OTHER
2007,Brunei Darussalam,BRN,36174.516515486,-3.76362326254647,0.967774119525101,6.187,2.38015224434092,OTHER
2008,Brunei Darussalam,BRN,34126.6941563969,-3.90071101715114,2.08498023715415,6.312,2.26179236887845,OTHER
2009,Brunei Darussalam,BRN,32855.6021602466,-1.90025367202547,1.03571774271613,6.457,2.94107203176036,OTHER
2010,Brunei Darussalam,BRN,33121.3178241724,2.74136439456163,0.35686913201756,6.487,2.85048790060089,OTHER
2011,Brunei Darussalam,BRN,33754.3640783713,3.74440625524871,0.13791156316954,6.506,2.24224141990167,OTHER
2012,Brunei Darussalam,BRN,33544.5389457877,0.913135189664487,0.111766261400306,6.571,2.15903448896045,OTHER
2013,Brunei Darussalam,BRN,32381.0739795231,-2.12478292664558,0.389205053123632,6.709,2.27750759504916,OTHER
2014,Brunei Darussalam,BRN,31148.7297405401,-2.50788727590711,-0.207108731719822,6.862,3.08686095781185,OTHER
2015,Brunei Darussalam,BRN,30625.1287744656,-0.392383749502031,-0.488347420743522,7.703,3.27929046083748,OTHER
2016,Brunei Darussalam,BRN,29492.4145927789,-2.47791771833224,-0.278693265753083,8.537,3.53938463904119,OTHER
2017,Brunei Darussalam,BRN,29524.65912789,1.32872661057823,-1.2605056462896,9.316,2.86512850957169,OTHER
2018,Brunei Darussalam,BRN,29200.1952024222,0.0523710418528935,1.02505179290212,8.7,2.63661248533021,OTHER
2019,Brunei Darussalam,BRN,29996.2407223175,3.86884436177075,-0.390522069165529,6.6,3.07858724948281,OTHER
2020,Brunei Darussalam,BRN,30015.9588506697,1.1335733495246,1.94031996607183,7.409,3.63429176862407,OTHER
2021,Brunei Darussalam,BRN,29256.1833678343,-1.59076260099606,1.73341388450593,4.905,3.23636748209722,OTHER
2022,Brunei Darussalam,BRN,28549.1756060465,-1.62833154515108,3.68225030604215,5.191,2.61193002463948,OTHER
2023,Brunei Darussalam,BRN,28645.9645396284,1.12764418162719,0.35706431153689,5.296,2.97601749693804,OTHER
2024,Brunei Darussalam,BRN,29563.8682753082,4.05251709306727,-0.38867416503646,5.18,3.57781609529419,OTHER
2025,Brunei Darussalam,BRN,,,,5.277,,OTHER
1990,Bhutan,BTN,812.671325588739,10.3831179126517,10.0118383223406,,,OTHER
1991,Bhutan,BTN,795.191842865383,-0.407875722553669,12.2751729438892,1.381,,OTHER
1992,Bhutan,BTN,863.46389569327,4.60089124887257,15.9752173615389,1.391,,OTHER
1993,Bhutan,BTN,917.291292689812,1.98636656014881,11.1980165874679,1.418,,OTHER
1994,Bhutan,BTN,963.016574291679,4.95150372472288,7.0099535500995,1.405,,OTHER
1995,Bhutan,BTN,1043.38748981674,7.07411745757784,9.48754836789369,1.4,,OTHER
1996,Bhutan,BTN,1099.85817824831,5.56517288179062,8.79001381935162,1.392,,OTHER
1997,Bhutan,BTN,1138.39922318847,5.37383854585261,6.50548718269086,1.393,,OTHER
1998,Bhutan,BTN,1182.98781073316,5.91403093576604,10.5855899892463,1.4,,OTHER
1999,Bhutan,BTN,1248.61600842811,7.98397179406629,6.77699393553632,1.4,,OTHER
2000,Bhutan,BTN,1259.6237645235,3.35506838174288,4.01212081070342,1.655,,OTHER
2001,Bhutan,BTN,1321.09878230279,7.32837435673082,3.41478946111594,1.9,,OTHER
2002,Bhutan,BTN,1427.25693317315,10.4437797168913,2.45535714285714,1.854,,OTHER
2003,Bhutan,BTN,1506.4152751782,7.78656040877364,2.57230861693339,1.8,,OTHER
2004,Bhutan,BTN,1552.73915195801,5.15725736177561,4.10593698272957,2.49,,OTHER
2005,Bhutan,BTN,1632.02169500573,6.93507146766659,5.3126310463775,3.1,,OTHER
2006,Bhutan,BTN,1701.11878173586,5.6408051539139,5.0004543802254,3.13,,OTHER
2007,Bhutan,BTN,1952.25734603779,16.1047836542012,5.15611138758462,3.7,,OTHER
2008,Bhutan,BTN,2017.76018913403,4.52944877696235,8.32716049382712,3.848,,OTHER
2009,Bhutan,BTN,2148.56480375034,7.66749238553135,4.36112219119804,3.96,,OTHER
2010,Bhutan,BTN,2378.72810760985,11.9318738376229,7.03638316073018,3.32,,OTHER
2011,Bhutan,BTN,2552.48871073094,8.4892584842808,8.848985699468,3.23,,OTHER
2012,Bhutan,BTN,2654.74798946027,5.16482012683895,10.919656944683,2.05,,OTHER
2013,Bhutan,BTN,2671.07460201171,1.73634039505693,8.77638345268212,2.87,,OTHER
2014,Bhutan,BTN,2797.81883971908,5.88108550658288,8.27106093949327,2.63,,OTHER
2015,Bhutan,BTN,2954.04081911097,6.66080128866197,4.54814395082205,2.45,,OTHER
2016,Bhutan,BTN,3173.36773217431,8.47594339232963,3.21988689395717,2.707,,OTHER
2017,Bhutan,BTN,3211.80903275593,2.08684522733067,4.95508366985129,3.027,,OTHER
2018,Bhutan,BTN,3300.55006461736,3.50187185732737,2.72396386183713,3.35,,OTHER
2019,Bhutan,BTN,3467.38598979356,5.75514851246506,2.72643037388832,2.72,,OTHER
2020,Bhutan,BTN,3092.12428399363,-10.2183974208569,5.62936522632507,5.03,,OTHER
2021,Bhutan,BTN,3206.20366997254,4.42136738945015,7.3468144053353,4.803,,OTHER
2022,Bhutan,BTN,3349.73309632799,5.21386783786224,5.6391667139637,5.947,,OTHER
2023,Bhutan,BTN,3480.51388574877,4.63215704523927,4.22934419929251,3.126,,OTHER
2024,Bhutan,BTN,,,2.76131569624097,3.282,,OTHER
2025,Bhutan,BTN,,,,3.227,,OTHER
1990,Botswana,BWA,4039.46544455099,6.77282195004784,11.3963461199555,,4.44515803477224,C
1991,Botswana,BWA,4224.09857544948,7.45870921940397,11.7650160839534,13.82,4.60346992729676,C
1992,Botswana,BWA,4226.73999498293,2.91707018751026,16.1676123963339,16.33,4.48280904912553,C
1993,Botswana,BWA,4186.14547358363,1.9161070518754,14.3308033365887,18.761,4.93349197298009,C
1994,Botswana,BWA,4219.4408088678,3.62791615172975,10.5429209938218,21.2,4.00812039559554,C
1995,Botswana,BWA,4399.1388580936,7.03041024834083,10.512546081579,21.394,3.50647971949777,C
1996,Botswana,BWA,4543.2105349273,5.82980001379714,10.0828580652107,21.593,2.89952149833484,C
1997,Botswana,BWA,4809.4439184672,8.32589088396591,8.71993127147746,21.031,3.19720462718414,C
1998,Botswana,BWA,4724.93670942028,0.443663586075374,6.66139865665752,20.86,3.77939884443731,C
1999,Botswana,BWA,5070.94772048729,9.66724070276106,7.74929619202848,18.224,3.09207375530236,C
2000,Botswana,BWA,5062.64289173588,1.98769583378552,8.6014851485149,15.88,3.19124295081058,C
2001,Botswana,BWA,4971.96371794188,0.250573949689084,6.55903767014861,18.54,3.83122303260369,C
2002,Botswana,BWA,5175.47655317231,6.06953087648317,8.03279662527485,21.277,4.11020648951656,C
2003,Botswana,BWA,5320.440295139,4.62589474959299,9.18990265632739,23.8,4.00736658870518,C
2004,Botswana,BWA,5369.42516766112,2.70582170611173,6.94570363654674,21.755,3.50587404134874,C
2005,Botswana,BWA,5514.21742664705,4.55664565323181,8.61022528546439,19.852,2.85800418504025,C
2006,Botswana,BWA,5865.00026521361,8.36387109282306,11.5552187914379,17.782,2.75454609516549,C
2007,Botswana,BWA,6085.6354476126,5.79255577727118,7.08099847172692,16.976,2.90001468952761,C
2008,Botswana,BWA,6158.61629368051,3.25207295796832,12.7021883920075,16.293,3.0976203987662,C
2009,Botswana,BWA,5179.4138607146,-14.1442346163423,8.02729703109581,16.169,3.26282073750534,C
2010,Botswana,BWA,5584.5034321846,10.119723322694,6.94887658743103,17.86,2.75907988033428,C
2011,Botswana,BWA,5850.07858575461,6.83841052493574,8.45987233408583,18.049,2.40443003238577,C
2012,Botswana,BWA,5742.91924452636,-0.170857099335691,7.53690261091916,17.916,2.34377212582193,C
2013,Botswana,BWA,6284.97678002618,11.1029068737822,5.88460707056816,18.167,2.1471710497407,C
2014,Botswana,BWA,6547.12254115892,5.69714422072884,4.40225309243427,18.484,2.21199714449013,C
2015,Botswana,BWA,6141.20394726616,-4.85132507409779,3.06203169580557,18.915,2.82519449903662,C
2016,Botswana,BWA,6490.83463593483,7.20442475914267,2.81495791361943,19.328,3.41066258273304,C
2017,Botswana,BWA,6662.57644805467,4.11437856445083,3.30828076768219,19.671,3.24857919499091,C
2018,Botswana,BWA,6843.84612027739,4.18869237159223,3.23801558947715,19.665,2.92475944543875,C
2019,Botswana,BWA,6951.73189051146,3.0317733945467,2.7728644286332,20.094,3.08122244554008,C
2020,Botswana,BWA,6254.24806241091,-8.72888243996397,1.8903591682421,21.017,3.33478768726661,C
2021,Botswana,BWA,6895.91184943107,11.9162724376008,7.24097765588442,23.106,3.04556932426419,C
2022,Botswana,BWA,7159.5860618268,5.48601706446772,11.665567478802,23.615,2.51778285669486,C
2023,Botswana,BWA,7269.05170664457,3.20806812224438,5.06761549343829,23.381,2.45625898216649,C
2024,Botswana,BWA,6937.33180990267,-2.98986879467928,2.81835131676251,23.81,2.83392800595041,C
2025,Botswana,BWA,,,,24.477,,C
1990,Central African Republic,CAF,519.786735961912,-2.14752806574087,-0.0123304562272101,,,B
1991,Central African Republic,CAF,500.991150890901,-0.552543005101867,-2.76236280675762,5.697,1.56806934196677,B
1992,Central African Republic,CAF,454.148968239471,-6.42407819946331,-1.03360811667777,5.825,1.64212531741423,B
1993,Central African Republic,CAF,441.384907508364,0.335275684646064,-2.91535849298334,5.897,1.49708784517113,B
1994,Central African Republic,CAF,448.784442959801,4.89994941000114,24.5710137275604,5.924,1.25588265167931,B
1995,Central African Republic,CAF,468.150527620686,7.20004555751903,19.1894039735098,5.871,1.16678191990947,B
1996,Central African Republic,CAF,437.925054761723,-4.00009296364789,3.72494110325801,5.84,1.21019207119553,B
1997,Central African Republic,CAF,448.634663639551,5.29993601826074,1.6113134776091,5.797,,B
1998,Central African Republic,CAF,457.148858416438,4.70014237879329,-1.8852009615791,5.773,,B
1999,Central African Republic,CAF,460.827900216085,3.59997490432274,-1.41420220082551,5.767,,B
2000,Central African Republic,CAF,437.168928414826,-2.48943244028874,3.20340091563112,5.722,,B
2001,Central African Republic,CAF,446.658634192083,4.46473902640867,3.83486060237361,5.77,,B
2002,Central African Republic,CAF,452.808702217035,3.61654219150596,2.33181703516234,5.809,1.08695556960344,B
2003,Central African Republic,CAF,418.240532289858,-5.39748521855877,4.13470905150995,5.809,1.26385440119305,B
2004,Central African Republic,CAF,433.825227770233,5.99488422798696,-2.06640601136302,5.729,1.15308800406955,B
2005,Central African Republic,CAF,427.968043155237,0.908210514871953,2.88352073359021,5.691,1.08975993344158,B
2006,Central African Republic,CAF,439.294330902768,4.77108543044105,6.69526465773354,5.61,,B
2007,Central African Republic,CAF,450.762785401893,4.60753485452025,0.959917619457109,5.562,1.0890772448248,B
2008,Central African Republic,CAF,450.313616886022,2.05413096200485,9.25895099417076,5.51,1.54988099383057,B
2009,Central African Republic,CAF,492.215398914836,8.58726042640994,3.52126227238642,5.575,1.74797074081845,B
2010,Central African Republic,CAF,519.141456408484,4.63081843223307,1.49102370047802,5.658,2.40996017514635,B
2011,Central African Republic,CAF,532.38295493852,4.19461533741989,1.1944757244985,5.638,2.04840124780659,B
2012,Central African Republic,CAF,553.729578314912,5.05376125356918,5.47829594346117,5.58,1.70284520206217,B
2013,Central African Republic,CAF,349.821171688973,-36.3919770983887,6.98879341970198,5.566,2.83390827023391,B
2014,Central African Republic,CAF,351.561554911625,0.0810705153264877,14.8986841797549,5.633,2.02965439546462,B
2015,Central African Republic,CAF,366.322853938121,4.33712103020231,1.40297017136816,5.775,1.57531677890907,B
2016,Central African Republic,CAF,376.858254120398,4.75031684122342,4.94543276106518,5.793,1.47163796004867,B
2017,Central African Republic,CAF,387.35795131742,4.52727821346231,4.18072331871266,5.836,1.34269739488284,B
2018,Central African Republic,CAF,395.020015455909,3.78944359275462,1.61215686991555,5.825,1.33998903358031,B
2019,Central African Republic,CAF,401.82582161435,3.09999999999999,2.68537355266786,5.916,1.78989988276583,B
2020,Central African Republic,CAF,398.834274122139,0.899999996857062,1.71015659523152,6.519,1.8589727247233,B
2021,Central African Republic,CAF,396.020622931961,0.982919996264229,4.25936417542868,6.701,2.14924843936704,B
2022,Central African Republic,CAF,398.91539795642,0.453901876447787,5.58316735183246,6.287,1.71086224316852,B
2023,Central African Republic,CAF,397.467795750451,0.69996840076054,2.97913852618936,6.181,2.37720659578149,B
2024,Central African Republic,CAF,389.938307964229,1.49999999847535,1.47733600718743,6.253,2.51969119903231,B
2025,Central African Republic,CAF,,,,6.251,,B
1990,Canada,CAN,31700.5462613508,0.202947874139198,4.78047693336304,,1.95879374221417,C
1991,Canada,CAN,30654.3331550624,-2.0910550979319,5.62586408593005,10.316,1.89544433858064,C
1992,Canada,CAN,30563.3788132238,0.890466180427183,1.49013290374545,11.197,1.86168769986295,C
1993,Canada,CAN,31032.7546058282,2.65770691557481,1.86507936507938,11.377,1.82175350392748,C
1994,Canada,CAN,32074.1562636226,4.49404929532982,0.165562913907291,10.395,1.69668025731865,C
1995,Canada,CAN,32595.4515150443,2.68232822733793,2.14876033057849,9.489,1.55409007114777,C
1996,Canada,CAN,32801.3018574024,1.68896122499937,1.57053112507137,9.62,1.40375258106455,C
1997,Canada,CAN,33867.0079071879,4.28016683621337,1.6212163808453,9.1,1.24624320151167,C
1998,Canada,CAN,34894.6134264056,3.89288654344983,0.995942456658019,8.278,1.25629390156868,C
1999,Canada,CAN,36391.535343959,5.14100353715349,1.73484295105918,7.583,1.24170306410258,C
2000,Canada,CAN,37906.8601321366,5.1385391803606,2.71943995691976,6.829,1.11434980213748,C
2001,Canada,CAN,38200.456120621,1.87509810696022,2.52512013979905,7.219,1.13335628281332,C
2002,Canada,CAN,38921.6673033743,2.99925535017809,2.25839440940855,7.665,1.11686914736943,C
2003,Canada,CAN,39270.0234577749,1.80638512302554,2.75856321360112,7.574,1.11193730688338,C
2004,Canada,CAN,40108.7587456658,3.09236384292251,1.85725871857256,7.185,1.10418939142687,C
2005,Canada,CAN,41006.2229523971,3.21045439063563,2.21355203439767,6.758,1.10710542420811,C
2006,Canada,CAN,41663.5123057295,2.63794375007348,2.00202539534161,6.484,1.12252472932052,C
2007,Canada,CAN,42106.8724378248,2.04990463726786,2.13838399266837,6.156,1.18579022996702,C
2008,Canada,CAN,42067.5687072607,0.995406301140747,2.37027067444298,6.284,1.24551836677548,C
2009,Canada,CAN,40376.4153847836,-2.91508621550267,0.299466803009299,8.46,1.37755563107525,C
2010,Canada,CAN,41164.3399119626,3.09080634469335,1.77687154092627,8.178,1.19433833839121,C
2011,Canada,CAN,42043.6419795513,3.13719442170364,2.91213508872351,7.637,1.19329189549638,C
2012,Canada,CAN,42320.6431330726,1.75566129145483,1.51567823124516,7.392,1.11840459807104,C
2013,Canada,CAN,42851.170527104,2.32581354806429,0.938291897815316,7.143,1.00236720047397,C
2014,Canada,CAN,43643.2356440047,2.87346677785811,1.90663590717861,7.023,0.989925299438869,C
2015,Canada,CAN,43594.1941045394,0.649971001734855,1.12524136094277,6.945,1.15270937445521,C
2016,Canada,CAN,43551.3425975115,1.03855092490855,1.42875954701085,7.038,1.16416156719089,C
2017,Canada,CAN,44339.3886689254,3.03383491200222,1.59688412852976,6.426,1.35189646465708,C
2018,Canada,CAN,44907.3436912123,2.74296344906655,2.26822567248103,5.837,1.3176781061648,C
2019,Canada,CAN,45100.2915069262,1.90843194590616,1.94926902411592,5.69,1.28451224366918,C
2020,Canada,CAN,42366.1285377884,-5.03823343468899,0.716999632307827,9.657,1.39399340787119,C
2021,Canada,CAN,44639.193269037,5.95052802804381,3.39519318527527,7.527,1.25420081409628,C
2022,Canada,CAN,45677.686578804,4.18903628100851,6.80280115341612,5.279,1.16713259486345,C
2023,Canada,CAN,45048.2842408265,1.52874550838358,3.87900159788425,5.415,1.25316567875902,C
2024,Canada,CAN,44413.3983847404,1.55479521049516,2.38158383281173,6.351,1.31303419578919,C
2025,Canada,CAN,,,,6.907,,C
1990,Central Europe and the Baltics,CEB,6751.23105612115,,,,,OTHER
1991,Central Europe and the Baltics,CEB,6032.12672275095,-10.8722470728009,,9.5754583965422,2.73394391354307,OTHER
1992,Central Europe and the Baltics,CEB,5753.06463671683,-4.93535392308853,,10.1959798130274,2.8168835420746,OTHER
1993,Central Europe and the Baltics,CEB,5768.72584920353,0.208906815708005,,11.6885817374484,2.65724531852138,OTHER
1994,Central Europe and the Baltics,CEB,5982.6095525767,3.6884822604716,,11.5568158799985,2.67615319866201,OTHER
1995,Central Europe and the Baltics,CEB,6333.36546500049,5.71152456572695,,11.0167295576433,2.28731265204403,OTHER
1996,Central Europe and the Baltics,CEB,6631.85350572521,4.48605490533379,,10.3630367762026,2.18212636194206,OTHER
1997,Central Europe and the Baltics,CEB,6792.74879824524,2.2353277343923,,9.39172805883786,2.21120515515089,OTHER
1998,Central Europe and the Baltics,CEB,6983.37004431708,2.63367812579986,,9.18697418361695,2.07761864432086,OTHER
1999,Central Europe and the Baltics,CEB,7127.71001687715,1.90116646153298,,10.6183180697798,1.94354581047253,OTHER
2000,Central Europe and the Baltics,CEB,7450.86082262,3.94604998247554,,12.1493697321005,1.85491819363571,OTHER
2001,Central Europe and the Baltics,CEB,7730.94875575432,3.00541163057468,,13.4981128132324,1.88535104553418,OTHER
2002,Central Europe and the Baltics,CEB,8057.22231935461,3.54243996924046,,13.9609765303477,1.8898040009515,OTHER
2003,Central Europe and the Baltics,CEB,8405.63159028509,3.99687092421381,,13.2764246828022,1.856962552728,OTHER
2004,Central Europe and the Baltics,CEB,8923.85904704259,5.87404889000118,,12.8914606604503,1.74897595918958,OTHER
2005,Central Europe and the Baltics,CEB,9387.59188976247,4.90983938008229,,12.0311529429654,1.77373851343234,OTHER
2006,Central Europe and the Baltics,CEB,10036.4787965852,6.64053519444494,,10.1249144944981,1.69432712519284,OTHER
2007,Central Europe and the Baltics,CEB,10712.5543317673,6.33886223547215,,7.80912922603523,1.65275648147618,OTHER
2008,Central Europe and the Baltics,CEB,11176.9879548804,3.96228066394436,,6.60116715977237,1.52940811349566,OTHER
2009,Central Europe and the Baltics,CEB,10792.8296963649,-3.62226734473313,,8.51650875155537,1.52121338421603,OTHER
2010,Central Europe and the Baltics,CEB,10998.6534832885,1.5384784947519,,9.92718738959062,1.46805553992997,OTHER
2011,Central Europe and the Baltics,CEB,11421.7332703753,3.60060363619606,,9.80960842319459,1.39854353188901,OTHER
2012,Central Europe and the Baltics,CEB,11544.5427262519,0.837956413944042,,10.014837051229,1.38718435182711,OTHER
2013,Central Europe and the Baltics,CEB,11661.9769238564,0.667866777557393,,10.076189699493,1.37472221395152,OTHER
2014,Central Europe and the Baltics,CEB,12076.1572564969,3.26201255415124,,8.87370489824698,1.41854237843642,OTHER
2015,Central Europe and the Baltics,CEB,12596.8862547468,4.00166179134685,,7.81260796234007,1.52916447011863,OTHER
2016,Central Europe and the Baltics,CEB,12991.54601565,2.80726176295552,,6.47626986745334,1.47957338341037,OTHER
2017,Central Europe and the Baltics,CEB,13696.463585633,5.1071317914476,,5.2771900084377,1.52902861969761,OTHER
2018,Central Europe and the Baltics,CEB,14411.9811999447,4.95337799401425,,4.29483445753775,1.61890490307797,OTHER
2019,Central Europe and the Baltics,CEB,15024.0127296269,4.03229063844108,,3.76072643211224,1.74487742555416,OTHER
2020,Central Europe and the Baltics,CEB,14621.1363727276,-3.30111999071747,,4.3496421220328,1.91361424213641,OTHER
2021,Central Europe and the Baltics,CEB,15739.1352320017,6.57225386036487,,4.44508031221282,1.82914323213281,OTHER
2022,Central Europe and the Baltics,CEB,16397.2583916271,4.04227221314892,,3.96540582731722,1.88006139049093,OTHER
2023,Central Europe and the Baltics,CEB,16494.8126887526,0.707363294842821,,4.01230416616797,2.33539666085304,OTHER
2024,Central Europe and the Baltics,CEB,16856.766201271,2.0701601704917,,4.00056350955849,2.91601657678684,OTHER
2025,Central Europe and the Baltics,CEB,,,,4.14452082089943,,OTHER
1990,Switzerland,CHE,70063.8517086247,3.67462550079662,5.40395909218937,,1.57214718757236,C
1991,Switzerland,CHE,68559.9382296082,-0.915816616547943,5.85959663468677,1.818,1.53782488553083,C
1992,Switzerland,CHE,67778.5475359796,-0.0437330086271288,4.03703020778739,2.344,1.52370927239544,C
1993,Switzerland,CHE,67079.4643937643,-0.125983460416222,3.29262180313606,3.551,1.36696434518412,C
1994,Switzerland,CHE,67391.8444211439,1.26975779924055,0.852116995120664,3.58,1.33228409403183,C
1995,Switzerland,CHE,67264.9113311617,0.480866374676907,1.79982776867149,3.094,1.35581088252354,C
1996,Switzerland,CHE,67284.1091695976,0.471280025458157,0.811634064628187,3.684,1.28375680158363,C
1997,Switzerland,CHE,68640.0745320635,2.26132529914345,0.52022542273664,4.127,1.22086410342116,C
1998,Switzerland,CHE,70510.0256437591,3.02996930632413,0.0179384378439321,3.568,1.18520390139366,C
1999,Switzerland,CHE,71341.3428665645,1.66270104939127,0.806444380959459,3.053,1.08621220546806,C
2000,Switzerland,CHE,73749.9389517966,3.95871990780931,1.55852919679008,2.658,1.02928011745958,C
2001,Switzerland,CHE,74439.4637644735,1.57566198688916,0.989020329832545,2.49,0.991880080138388,C
2002,Switzerland,CHE,73824.3849167809,-0.0732172569941127,0.642711506543277,2.924,0.956388349764947,C
2003,Switzerland,CHE,73254.9529864219,-0.0323984255438887,0.638272930887189,4.117,0.926630419400856,C
2004,Switzerland,CHE,74718.6836260364,2.70170912949028,0.802908730955226,4.316,0.888925074606932,C
2005,Switzerland,CHE,76282.9840696619,2.74969910618739,1.17195420333702,4.437,0.83306403652778,C
2006,Switzerland,CHE,78893.8078199046,4.0736284178369,1.05950928324804,3.995,0.753808477874928,C
2007,Switzerland,CHE,81254.1701015272,3.91637577227581,0.732350603122236,3.641,0.718232323663411,C
2008,Switzerland,CHE,82481.0680560935,2.8079835919566,2.42604117060157,3.35,0.722484412265189,C
2009,Switzerland,CHE,79585.5216989959,-2.29737452570922,-0.480481936423304,4.109,0.73179337674355,C
2010,Switzerland,CHE,81315.4228307049,3.24339715656356,0.688238707219974,4.808,0.687220165933277,C
2011,Switzerland,CHE,81874.3362425008,1.81310830459596,0.2313492076509,4.409,0.694782257657599,C
2012,Switzerland,CHE,81964.8864937809,1.17925385250513,-0.692552018105163,4.491,0.669001710434324,C
2013,Switzerland,CHE,82479.9215677304,1.79214400716117,-0.217323155115672,4.747,0.712636242390875,C
2014,Switzerland,CHE,83394.3712888211,2.34988141500179,-0.0132025387515945,4.826,0.634898338463689,C
2015,Switzerland,CHE,83806.4476003837,1.64462750849488,-1.14390867228178,4.801,0.651341082840214,C
2016,Switzerland,CHE,84611.0998672721,2.06868969039562,-0.434618664285814,4.918,0.664750475412517,C
2017,Switzerland,CHE,84967.5886498224,1.36279965488859,0.533787839825876,4.797,0.66568455676088,C
2018,Switzerland,CHE,86756.6022327472,2.86044579439036,0.936335464113572,4.713,0.652876569793988,C
2019,Switzerland,CHE,87123.6604234257,1.14198218965691,0.362886179940674,4.394,0.696324324760463,C
2020,Switzerland,CHE,84637.0132935333,-2.14173712008038,-0.725874933313402,4.817,0.772558973227674,C
2021,Switzerland,CHE,88661.2029776281,5.55962020605844,0.581814168489855,5.013,0.67289247365512,C
2022,Switzerland,CHE,90605.019427268,3.04406102969423,2.83502798644451,4.122,0.682061302644033,C
2023,Switzerland,CHE,90077.4460280731,0.683328174376044,2.13540088016386,4.043,0.705659021596424,C
2024,Switzerland,CHE,90067.4645431168,1.30233332541106,1.06234041976594,4.343,0.717812077671144,C
2025,Switzerland,CHE,,,,4.873,,C
1991,Channel Islands,CHI,,,,5.679,,OTHER
1992,Channel Islands,CHI,,,,6.121,,OTHER
1993,Channel Islands,CHI,,,,7.082,,OTHER
1994,Channel Islands,CHI,,,,7.235,,OTHER
1995,Channel Islands,CHI,,,,6.974,,OTHER
1996,Channel Islands,CHI,,,,6.897,,OTHER
1997,Channel Islands,CHI,,,,6.685,,OTHER
1998,Channel Islands,CHI,,,,6.278,,OTHER
1999,Channel Islands,CHI,,,,5.91,,OTHER
2000,Channel Islands,CHI,,,,5.351,,OTHER
2001,Channel Islands,CHI,,,,5.041,,OTHER
2002,Channel Islands,CHI,,,,5.313,,OTHER
2003,Channel Islands,CHI,,,,5.644,,OTHER
2004,Channel Islands,CHI,,,,5.848,,OTHER
2005,Channel Islands,CHI,,,,5.833,,OTHER
2006,Channel Islands,CHI,,,,5.571,,OTHER
2007,Channel Islands,CHI,,,,5.23,,OTHER
2008,Channel Islands,CHI,,,,5.295,,OTHER
2009,Channel Islands,CHI,67617.8205403696,,,6.674,,OTHER
2010,Channel Islands,CHI,64722.9832990297,-3.60663231572742,,7.024,,OTHER
2011,Channel Islands,CHI,65006.4871287216,1.12504310895372,,7.244,,OTHER
2012,Channel Islands,CHI,60861.9006460501,-5.75366122139113,,8.028,,OTHER
2013,Channel Islands,CHI,60780.669022098,0.493931120528785,,8.572,,OTHER
2014,Channel Islands,CHI,61892.8083445708,2.42710178482311,,8.319,,OTHER
2015,Channel Islands,CHI,61847.8212238857,0.374367083829384,,7.928,,OTHER
2016,Channel Islands,CHI,62434.1859444218,1.21302407657195,,7.469,,OTHER
2017,Channel Islands,CHI,63393.3938698644,1.80648131383585,,6.881,,OTHER
2018,Channel Islands,CHI,63859.9826096615,1.1222435658518,,6.344,,OTHER
2019,Channel Islands,CHI,64594.5213908684,1.57335596156342,,6.185,,OTHER
2020,Channel Islands,CHI,58636.7036143365,-8.89677926591959,,6.633,,OTHER
2021,Channel Islands,CHI,64267.6930018122,9.93680136985076,,6.643,,OTHER
2022,Channel Islands,CHI,67508.9385276664,5.34196140375869,,5.923,,OTHER
2023,Channel Islands,CHI,69818.1528119104,3.71500590367266,,5.928,,OTHER
2024,Channel Islands,CHI,,,,6.031,,OTHER
2025,Channel Islands,CHI,,,,6.169,,OTHER
1990,Chile,CHL,5290.53694835535,3.59872304691744,26.0364811362364,,3.40165485912065,OTHER
1991,Chile,CHL,5606.86557277047,7.75620189312957,21.7844124277757,5.23,2.8498427672956,OTHER
1992,Chile,CHL,6151.76546454326,11.5019314370192,15.4258064688927,4.35,2.62851046938573,OTHER
1993,Chile,CHL,6461.73217350303,6.6855844008042,12.7277669490963,4.49,2.70692293725521,OTHER
1994,Chile,CHL,6688.29717704707,5.07680374667352,11.4431196444972,5.87,2.59754498264789,OTHER
1995,Chile,CHL,7201.13100361441,9.25542757753573,8.23263034116114,4.7,2.56206462916649,OTHER
1996,Chile,CHL,7605.28953010603,7.1148626270751,7.35911781788767,7.414,2.42329858662731,OTHER
1997,Chile,CHL,8058.94228801535,7.3917392684331,6.13386464357927,7.136,2.47364271374518,OTHER
1998,Chile,CHL,8287.45061096547,4.18088662700669,5.11024954517559,7.307,2.57620115809555,OTHER
1999,Chile,CHL,8161.45168872186,-0.2736313981937,3.33687917526023,11.158,2.70268274607335,OTHER
2000,Chile,CHL,8465.35303258864,4.9716214882971,3.84327295706565,10.491,2.68861587922595,OTHER
2001,Chile,CHL,8632.0148244056,3.15403492459967,3.56910053001466,10.39,2.64704914030913,OTHER
2002,Chile,CHL,8810.69052712257,3.20279913520113,2.48939816650705,10.168,2.53154295292261,OTHER
2003,Chile,CHL,9130.7842621819,4.72324526861041,2.8101787574361,9.765,2.70297145376308,OTHER
2004,Chile,CHL,9642.37478651228,6.67425416822923,1.05473871403516,10.162,2.71229041616156,OTHER
2005,Chile,CHL,10104.4208391373,5.83704571917758,3.05257621387849,9.34,2.53476302244179,OTHER
2006,Chile,CHL,10611.6144012877,6.04999082563968,3.39201733699405,9.024,2.50608218939499,OTHER
2007,Chile,CHL,11051.3450717678,5.16823098528431,4.40779938398044,8.427,2.33098056175611,OTHER
2008,Chile,CHL,11356.0922105983,3.78939280635238,8.71626873039607,9.285,2.58365229486108,OTHER
2009,Chile,CHL,11116.4093443103,-1.11803723642878,0.353045178360936,11.313,2.27650789887703,OTHER
2010,Chile,CHL,11649.2897090856,5.85165102224047,1.4107110795432,8.547,2.25424093293149,OTHER
2011,Chile,CHL,12252.8441074615,6.22389678509138,3.34121694259302,7.492,2.26361278130337,OTHER
2012,Chile,CHL,12882.834417927,6.15534001855494,3.00744840213047,6.79,2.04588028294284,OTHER
2013,Chile,CHL,13182.7329619856,3.30850824710085,1.7895555398459,6.361,1.99462247217943,OTHER
2014,Chile,CHL,13285.9540361192,1.79264947139259,4.71867527854671,6.761,1.9671068502734,OTHER
2015,Chile,CHL,13433.9202987032,2.15194249981184,4.34877353217044,6.605,1.9096233898132,OTHER
2016,Chile,CHL,13505.097711133,1.753038749071,3.78619355893118,6.926,1.92415844717468,OTHER
2017,Chile,CHL,13473.3458532934,1.35769537343957,2.18271846868519,7.257,1.94059250989466,OTHER
2018,Chile,CHL,13763.0068844795,3.99002947789977,2.43488981353057,7.623,1.87761395069212,OTHER
2019,Chile,CHL,13630.5935435578,0.634367533828438,2.55754475703326,7.493,1.86471710953666,OTHER
2020,Chile,CHL,12679.024004022,-6.14347479224092,3.04549084804326,10.934,2.06553058219768,OTHER
2021,Chile,CHL,14051.4713630677,11.3149204879049,4.52456838259143,9.281,1.6474241515743,OTHER
2022,Chile,CHL,14283.1489501524,2.15399356192458,11.6438667110559,8.249,1.54099069337002,OTHER
2023,Chile,CHL,14280.3475638842,0.521367977246825,7.58168251407962,9.013,1.63026388670906,OTHER
2024,Chile,CHL,14579.4001071307,2.64431154871538,4.29763891572524,8.718,1.57780388625485,OTHER
2025,Chile,CHL,,,,8.974,,OTHER
1990,China,CHN,917.270661782581,3.9416305983694,3.05229012075233,,2.45401611552735,OTHER
1991,China,CHN,989.548540519036,9.36170212784847,3.55668565220452,2.37,2.31124341155315,OTHER
1992,China,CHN,1117.27329480169,14.2996108947926,6.35398134024868,2.37,2.44954206753443,OTHER
1993,China,CHN,1258.34946089635,13.9290780143689,14.6100786356602,2.69,1.92806687404062,OTHER
1994,China,CHN,1406.85845705008,13.0727091631599,24.2569897243361,2.9,1.69347959870483,OTHER
1995,China,CHN,1545.19429404212,11.0328121562746,16.7912251650916,3.0,1.68623388691537,OTHER
1996,China,CHN,1681.62743528935,9.97619992053447,8.31316028893908,3.12,1.65272667000964,OTHER
1997,China,CHN,1819.09789302268,9.2876465280865,2.78646505531881,3.23,1.63265067284541,OTHER
1998,China,CHN,1944.43719705771,7.92079207933551,-0.773186011549318,3.24,1.65508069090551,OTHER
1999,China,CHN,2076.81812919622,7.7370030581299,-1.40147268276464,3.25,1.87146591412577,OTHER
2000,China,CHN,2237.44298500334,8.58643201808462,0.347811226864586,3.26,1.83575968454189,OTHER
2001,China,CHN,2405.89396743215,8.31263887091522,0.719125609120113,3.8,1.98308624365796,OTHER
2002,China,CHN,2610.72960252379,9.24339326638321,-0.731970902350243,4.24,2.05936465293746,OTHER
2003,China,CHN,2857.0373538115,10.1181928640117,1.12760348729637,4.58,1.99628893565843,OTHER
2004,China,CHN,3127.86276523632,10.1314073631003,3.82463743108159,4.49,1.93850823279804,OTHER
2005,China,CHN,3465.81734409951,11.458238455067,1.7764140766757,4.52,1.87185802294835,OTHER
2006,China,CHN,3883.35412942474,12.6746751655235,1.64943099455859,4.43,1.8695916362794,OTHER
2007,China,CHN,4409.75700836878,14.1499854947127,4.81676767378834,4.35,1.75016458545192,OTHER
2008,China,CHN,4811.47471804961,9.67024588602851,5.92525137041091,4.59,1.71604254580499,OTHER
2009,China,CHN,5237.76666540352,9.40269972778044,-0.728165250932898,4.72,1.89352379603523,OTHER
2010,China,CHN,5764.86534987407,10.5962719761682,3.17532475269199,4.53,1.73351986212832,OTHER
2011,China,CHN,6275.90956436258,9.4613358870736,5.55389892257493,4.55,1.65908251595704,OTHER
2012,China,CHN,6723.19443752823,7.85617427055587,2.6195243264554,4.58,1.70094267160117,OTHER
2013,China,CHN,7198.06876478162,7.77872409446717,2.62105001748114,4.6,1.7143409229625,OTHER
2014,China,CHN,7686.57792954381,7.46190028229434,1.9216416278852,4.63,1.73840928794394,OTHER
2015,China,CHN,8175.33285077393,6.97878002657477,1.43702380935654,4.65,1.77677106896806,OTHER
2016,China,CHN,8679.37704460133,6.77555562837017,2.00000182191943,4.56,1.7688865902507,OTHER
2017,China,CHN,9221.51403820573,6.8912663621211,1.59313600071435,4.47,1.71124264388853,OTHER
2018,China,CHN,9798.6528523316,6.75671800166833,2.07479039965576,4.31,1.67357820944542,OTHER
2019,China,CHN,10356.4804194995,6.06850235053705,2.89923416358226,4.56,1.68291101151296,OTHER
2020,China,CHN,10573.6420059282,2.34018843078414,2.41942189457782,5.0,1.75669947098837,OTHER
2021,China,CHN,11469.5707134928,8.57008513166322,0.981015135544881,4.55,1.60525971842503,OTHER
2022,China,CHN,11830.5983703496,3.1341888719577,1.9735755573905,4.98,1.63053389156959,OTHER
2023,China,CHN,12484.1578844175,5.41484330099675,0.23483682889305,4.67,1.66484889659813,OTHER
2024,China,CHN,13121.6769905565,4.9773565917572,0.218128938439177,4.59,1.71129740345228,OTHER
2025,China,CHN,,,,4.615,,OTHER
1990,Cote d'Ivoire,CIV,1866.0785698741,-1.09590841238308,-0.80587969827806,,0.96477473288964,OTHER
1991,Cote d'Ivoire,CIV,1794.12062566918,0.0409251717252914,1.68334849863479,6.595,0.994003862515562,OTHER
1992,Cote d'Ivoire,CIV,1719.71261335163,-0.244560610691636,4.23138382869967,6.7,1.01708680343167,OTHER
1993,Cote d'Ivoire,CIV,1649.47036183619,-0.192485098607804,2.16471453976754,5.869,0.973500965104727,OTHER
1994,Cote d'Ivoire,CIV,1598.69239055813,0.811206679935481,26.0815719947161,5.046,0.731597907508044,OTHER
1995,Cote d'Ivoire,CIV,1647.08777075504,7.12574472834217,14.2950690851944,4.1,,OTHER
1996,Cote d'Ivoire,CIV,1706.97650014485,7.72932741916973,2.48080669187551,4.039,0.611814463966836,OTHER
1997,Cote d'Ivoire,CIV,1801.13163122133,9.6488400474633,4.02083333333305,3.964,0.577204483263576,OTHER
1998,Cote d'Ivoire,CIV,1808.42289027986,4.26390594437231,4.61144759515372,4.1,,OTHER
1999,Cote d'Ivoire,CIV,1770.86540389357,1.16685998202273,0.70237580595596,4.421,,OTHER
2000,Cote d'Ivoire,CIV,1717.95385651231,-0.265789462275947,2.53077516737996,4.835,,OTHER
2001,Cote d'Ivoire,CIV,1636.57318705218,-2.15401249077306,4.36152914007256,5.195,,OTHER
2002,Cote d'Ivoire,CIV,1551.27925902838,-2.73052647441901,3.07726485157427,5.508,,OTHER
2003,Cote d'Ivoire,CIV,1441.58801755037,-4.72586658630681,3.29680746974208,5.847,1.0067518242091,OTHER
2004,Cote d'Ivoire,CIV,1451.86547141894,3.18503822575397,1.45798835600741,5.915,1.09607344304215,OTHER
2005,Cote d'Ivoire,CIV,1431.73320203111,0.996065564854788,3.88583039886481,6.023,1.05806530751568,OTHER
2006,Cote d'Ivoire,CIV,1437.77453798586,2.81557859252327,2.46719148596914,6.017,1.08657956101875,OTHER
2007,Cote d'Ivoire,CIV,1420.1738958245,1.10142976793477,1.89200629349597,6.284,1.1508330294867,OTHER
2008,Cote d'Ivoire,CIV,1454.62731800082,4.7826659787672,6.30852769152578,6.382,1.1017046812579,OTHER
2009,Cote d'Ivoire,CIV,1473.9183699329,3.60332156667053,1.01950457731137,6.573,1.25173572577555,OTHER
2010,Cote d'Ivoire,CIV,1540.52927270246,6.84804939907013,1.22645612135479,6.607,1.12710510056221,OTHER
2011,Cote d'Ivoire,CIV,1426.46463864534,-5.37044724000579,4.9124339505245,7.144,1.00705786228658,OTHER
2012,Cote d'Ivoire,CIV,1503.43433046682,7.62041176451649,1.30451119915606,7.223,1.10066387533087,OTHER
2013,Cote d'Ivoire,CIV,1632.32712787006,10.7602131311256,2.58117037252935,4.255,0.995019119922897,OTHER
2014,Cote d'Ivoire,CIV,1742.53693001178,9.37199994240375,0.448682076766141,3.274,1.0677761217949,OTHER
2015,Cote d'Ivoire,CIV,1814.71855088017,7.19494942728191,1.25149954781467,2.573,1.24391728133935,OTHER
2016,Cote d'Ivoire,CIV,1889.27777949938,7.17275963956332,0.723178457513308,1.896,1.24585910179804,OTHER
2017,Cote d'Ivoire,CIV,1972.81431788947,7.41076242592504,0.685881065304603,3.272,0.965894036488091,OTHER
2018,Cote d'Ivoire,CIV,2013.32307598499,4.84314605889178,0.401297817263547,2.852,1.03921408235247,OTHER
2019,Cote d'Ivoire,CIV,2093.09994335779,6.72137167584978,0.79085551205366,2.401,0.887657865631757,OTHER
2020,Cote d'Ivoire,CIV,2055.08483996432,0.699728593494228,2.41252617189052,2.588,0.963119470642636,OTHER
2021,Cote d'Ivoire,CIV,2146.47635317946,7.06332910205232,4.15919657911797,2.623,0.876213826792915,OTHER
2022,Cote d'Ivoire,CIV,2227.09845246984,6.39988362720531,5.23352856100842,2.31,0.865226904910508,OTHER
2023,Cote d'Ivoire,CIV,2315.38147441648,6.60000045223954,4.36972254867474,2.263,0.864878467778842,OTHER
2024,Cote d'Ivoire,CIV,2395.67689089222,6.01953461940062,3.45053028131018,2.273,0.762358993041457,OTHER
2025,Cote d'Ivoire,CIV,,,,2.323,,OTHER
1990,Cameroon,CMR,1360.47765296011,-6.10569764600656,1.09938128383608,,1.4745666126807,OTHER
1991,Cameroon,CMR,1271.04658608388,-3.80859937279318,0.0600513305003454,8.986,1.51455169920463,OTHER
1992,Cameroon,CMR,1196.85081918895,-3.10000321081914,-0.0160550458717418,9.055,1.53260561383612,OTHER
1993,Cameroon,CMR,1070.98275377636,-7.93206657447536,-3.20655456915868,9.154,1.32612455061139,OTHER
1994,Cameroon,CMR,1060.87326552909,1.87680922580404,35.0944618459464,8.878,1.31034009188973,OTHER
1995,Cameroon,CMR,1062.01607349987,2.89400137739698,9.06969071921509,8.598,1.25164483851881,OTHER
1996,Cameroon,CMR,1077.38925202961,4.21507214953058,3.92406372749798,8.06,1.22483788338251,OTHER
1997,Cameroon,CMR,1096.69757735007,4.52731376625037,4.78623881860375,7.859,1.30124174610687,OTHER
1998,Cameroon,CMR,1118.50819963079,4.72553484802563,3.17075185386906,7.695,1.39650943786737,OTHER
1999,Cameroon,CMR,1138.36298546565,4.51130422140731,1.87174500672008,7.595,1.44385239060644,OTHER
2000,Cameroon,CMR,1151.27689302947,3.83241779430614,1.22719012976132,7.533,1.32474886472414,OTHER
2001,Cameroon,CMR,1169.92670464984,4.32426119221549,4.41977245881145,7.46,1.29036003475657,OTHER
2002,Cameroon,CMR,1189.96707897027,4.47702683369155,2.83442260128066,6.711,1.33850675603337,OTHER
2003,Cameroon,CMR,1221.09446141454,5.45315368881347,0.623163557374316,5.908,1.3838069976001,OTHER
2004,Cameroon,CMR,1271.74326874167,7.04886281858374,0.233647380067583,5.087,1.4016038318718,OTHER
2005,Cameroon,CMR,1264.74345218659,2.22827020924117,2.01353950175986,4.4,1.14390062434822,OTHER
2006,Cameroon,CMR,1277.32990712342,3.80958327566137,5.11757816019469,3.729,1.22979394296967,OTHER
2007,Cameroon,CMR,1295.73067471287,4.32758900972871,0.921402245650095,3.063,1.24159299291596,OTHER
2008,Cameroon,CMR,1295.02211276052,2.8476778892105,5.33780627627498,3.386,1.2555907411193,OTHER
2009,Cameroon,CMR,1290.89961351149,2.57925177738754,3.04361847939999,3.743,1.23383418917622,OTHER
2010,Cameroon,CMR,1290.9013745759,2.89902472122014,1.27538046242338,4.11,1.28837517696819,OTHER
2011,Cameroon,CMR,1297.3064962694,3.37921128506045,2.93969946305091,3.988,1.13588889236589,OTHER
2012,Cameroon,CMR,1319.66961634054,4.62597872209571,2.73529677529539,3.836,1.17534857560788,OTHER
2013,Cameroon,CMR,1347.2130636706,4.99552916130783,2.0503471800174,3.686,1.16504114303499,OTHER
2014,Cameroon,CMR,1381.81938454907,5.71981814509198,1.85489850366776,3.534,1.10497962306915,OTHER
2015,Cameroon,CMR,1415.00009710569,5.66695298703932,2.67623531419899,3.518,1.09889864309409,OTHER
2016,Cameroon,CMR,1435.61830727839,4.53579423678801,0.874190383288856,3.529,1.14642434992604,OTHER
2017,Cameroon,CMR,1444.90682916573,3.54117654926007,0.64040914988195,3.573,1.13837382188187,OTHER
2018,Cameroon,CMR,1461.01969999317,3.95551423892049,1.0688581131292,3.608,1.07600981816736,OTHER
2019,Cameroon,CMR,1470.31785276187,3.47505998194981,2.45280214062732,3.632,1.06457837839838,OTHER
2020,Cameroon,CMR,1434.51913723409,0.259932915907115,2.43760882182236,3.881,0.96440732254506,OTHER
2021,Cameroon,CMR,1443.57600237663,3.33885747179505,2.27185762503637,3.976,0.985208787517684,OTHER
2022,Cameroon,CMR,1458.66180431693,3.7367840056412,6.24767713343861,3.646,0.939352946747924,OTHER
2023,Cameroon,CMR,1468.17837007337,3.34756290750219,7.38281384280983,3.607,0.926490469517272,OTHER
2024,Cameroon,CMR,1480.73097431993,3.52472308052245,4.53331349711606,3.603,1.00912763032385,OTHER
2025,Cameroon,CMR,,,,3.602,,OTHER
1990,"Congo, Dem. Rep.",COD,831.662947440969,-6.56831069464245,81.295404814004,,,A
1991,"Congo, Dem. Rep.",COD,736.691215470812,-8.42105149913377,2154.4368271134,3.272,,A
1992,"Congo, Dem. Rep.",COD,637.436883335816,-10.5000085646478,4129.16985661558,3.372,,A
1993,"Congo, Dem. Rep.",COD,532.214450612231,-13.469050538128,1986.90476190475,3.45,5.22608568530078,A
1994,"Congo, Dem. Rep.",COD,487.814601480181,-3.89999680312374,23773.1317741015,3.403,,A
1995,"Congo, Dem. Rep.",COD,471.254216678637,0.699998829794396,541.908883239026,3.285,,A
1996,"Congo, Dem. Rep.",COD,457.55178560632,-1.02317264199921,492.441850235414,3.156,1.5468010910472,A
1997,"Congo, Dem. Rep.",COD,424.966609734203,-5.61704659870092,198.516707416462,3.171,1.41085112381148,A
1998,"Congo, Dem. Rep.",COD,406.859287635037,-1.62415404479,29.1488069236652,3.195,0.428454161411096,A
1999,"Congo, Dem. Rep.",COD,376.62289344811,-4.27014083113345,284.894975914086,3.23,1.15815066378512,A
2000,"Congo, Dem. Rep.",COD,339.52682222392,-6.91092731652104,513.906843747535,3.245,0.220260805193326,A
2001,"Congo, Dem. Rep.",COD,322.033920024307,-2.10017302488848,359.936614264585,3.251,,A
2002,"Congo, Dem. Rep.",COD,321.547848190451,2.94776518359767,31.5225826025495,3.179,,A
2003,"Congo, Dem. Rep.",COD,329.709536540469,5.57782231144439,12.8739657187404,3.057,0.880645829020907,A
2004,"Congo, Dem. Rep.",COD,341.714925751419,6.73837393324293,3.9943840081597,2.976,1.33660440783123,A
2005,"Congo, Dem. Rep.",COD,351.708486411683,6.13515115548968,21.316816722934,2.948,1.31013976084745,A
2006,"Congo, Dem. Rep.",COD,358.454382275579,5.10894433184896,13.0526949745101,3.174,1.3246033223691,A
2007,"Congo, Dem. Rep.",COD,377.437143095814,8.52992974243585,16.9451006541949,3.404,1.10611627665862,A
2008,"Congo, Dem. Rep.",COD,393.331182464822,7.40172337539792,17.3013845700156,3.627,0.697347863400989,A
2009,"Congo, Dem. Rep.",COD,383.515898271062,0.565481557604713,2.79999999999981,3.882,0.651615938486403,A
2010,"Congo, Dem. Rep.",COD,400.619567973092,7.84300782191249,7.10000000000037,4.098,0.821258594589643,A
2011,"Congo, Dem. Rep.",COD,417.130434045991,7.59331721294959,15.316515913949,4.317,0.904759163497381,A
2012,"Congo, Dem. Rep.",COD,438.406058243633,8.66859360531922,9.72182806273364,4.485,1.10722925521469,A
2013,"Congo, Dem. Rep.",COD,464.526715460494,9.62448879216879,0.80822310148711,4.469,1.07353188499408,A
2014,"Congo, Dem. Rep.",COD,481.830241883776,7.30227750870263,1.24303889760802,4.436,0.88969520971371,A
2015,"Congo, Dem. Rep.",COD,495.826633014883,6.35973756164829,0.74419899478147,4.441,1.22338305167721,A
2016,"Congo, Dem. Rep.",COD,480.461377880475,0.393832798154563,2.88585107289988,4.528,1.02563437176754,A
2017,"Congo, Dem. Rep.",COD,482.854682128541,4.24121047272719,,4.613,0.74157072807359,A
2018,"Congo, Dem. Rep.",COD,495.312105711027,6.07168870646615,,4.632,0.61234655603641,A
2019,"Congo, Dem. Rep.",COD,482.524295129472,0.555384294580819,,4.605,0.694017431863738,A
2020,"Congo, Dem. Rep.",COD,470.852950000929,0.775427992354622,,5.355,0.729735329108429,A
2021,"Congo, Dem. Rep.",COD,485.160805929784,6.42961005647355,,5.289,0.533178814847647,A
2022,"Congo, Dem. Rep.",COD,513.512704372167,9.31116944064918,,4.54,0.567707215239695,A
2023,"Congo, Dem. Rep.",COD,539.45912637913,8.5334898318451,,4.469,1.11885996027452,A
2024,"Congo, Dem. Rep.",COD,554.244129980766,6.12675551779212,,4.421,1.22855267131451,A
2025,"Congo, Dem. Rep.",COD,,,,4.434,,A
1990,"Congo, Rep.",COG,2363.76701814587,1.00000356627487,2.88905374216946,,,OTHER
1991,"Congo, Rep.",COG,2352.52754080776,2.39536745255616,-1.67834968956536,19.911,,OTHER
1992,"Congo, Rep.",COG,2346.67913794406,2.61194805533871,-3.93546810070881,19.916,3.82928860778653,OTHER
1993,"Congo, Rep.",COG,2255.94360801961,-0.979683208744774,4.92366412213743,19.99,3.64486910824424,OTHER
1994,"Congo, Rep.",COG,2069.79640456567,-5.49307574541402,42.4396750333452,20.269,,OTHER
1995,"Congo, Rep.",COG,2092.54337905245,3.9853243781107,9.41800743452227,20.226,,OTHER
1996,"Congo, Rep.",COG,2122.62819294837,4.29048155870402,10.0311203319502,20.049,,OTHER
1997,"Congo, Rep.",COG,2064.7536042465,-0.624812152260716,,19.886,,OTHER
1998,"Congo, Rep.",COG,2095.34403570595,3.73755276980884,,19.898,,OTHER
1999,"Congo, Rep.",COG,1986.8478922289,-2.58219935813743,4.14267137284048,20.141,,OTHER
2000,"Congo, Rep.",COG,2057.01922023551,7.5759803952642,-0.88199151702543,19.872,,OTHER
2001,"Congo, Rep.",COG,2056.16505922617,3.80260189913561,0.0559899218140582,19.88,1.79222454052521,OTHER
2002,"Congo, Rep.",COG,2100.16876714574,4.58187006108889,4.37875971780872,19.644,2.12335238350685,OTHER
2003,"Congo, Rep.",COG,2058.88683675038,0.813264076303781,-0.631844987363156,19.877,2.43229339855318,OTHER
2004,"Congo, Rep.",COG,2058.88402946896,3.47663162118089,2.42976607961799,19.896,2.44017990277083,OTHER
2005,"Congo, Rep.",COG,2140.03686200251,7.75575897806648,3.09449011456181,19.796,1.51813794092809,OTHER
2006,"Congo, Rep.",COG,2226.0233547376,7.98623836334291,6.53784395299603,19.563,1.56934291857187,OTHER
2007,"Congo, Rep.",COG,2004.10103961966,-6.61399480441001,2.65464645060702,19.909,1.9162889436872,OTHER
2008,"Congo, Rep.",COG,2061.55829880574,6.30637595585259,4.95875092023151,19.962,1.79027941022784,OTHER
2009,"Congo, Rep.",COG,2211.31572382028,11.6372888615758,4.41500374795223,19.844,,OTHER
2010,"Congo, Rep.",COG,2332.28508055953,9.93126543095578,0.391525011227612,19.3,1.6625904477394,OTHER
2011,"Congo, Rep.",COG,2307.49384399715,2.20591936286718,1.75958704273803,19.435,,OTHER
2012,"Congo, Rep.",COG,2467.06102906839,9.94715314257564,5.01018773134471,19.491,,OTHER
2013,"Congo, Rep.",COG,2390.65754938662,-0.712434451876447,4.63161619729461,19.845,2.04447551898046,OTHER
2014,"Congo, Rep.",COG,2488.68118548992,6.64606540928447,0.912139545450097,19.696,3.94035726748698,OTHER
2015,"Congo, Rep.",COG,2439.35189403696,0.415193061293763,3.16909796750829,20.02,,OTHER
2016,"Congo, Rep.",COG,2174.19310251224,-8.68524343913786,3.19056179723773,20.298,4.59480614297478,OTHER
2017,"Congo, Rep.",COG,2003.27121075187,-5.59477371915547,0.450063823285546,20.737,3.17813469269901,OTHER
2018,"Congo, Rep.",COG,1909.9560382117,-2.30431780125842,1.15277896375523,20.84,1.97928115025179,OTHER
2019,"Congo, Rep.",COG,1885.51080877731,1.12447391976529,2.20607305781525,20.494,2.14627657925685,OTHER
2020,"Congo, Rep.",COG,1725.51040049963,-6.26777227963225,1.79537147083107,22.286,2.60118726630221,OTHER
2021,"Congo, Rep.",COG,1701.79060456872,1.01507036990908,1.7156427545126,21.998,2.34034890602655,OTHER
2022,"Congo, Rep.",COG,1686.00234391385,1.47535613247133,3.04344334698477,20.131,1.90798488893194,OTHER
2023,"Congo, Rep.",COG,1677.08549205924,1.90686426346754,4.30174563591016,19.919,1.97625641072141,OTHER
2024,"Congo, Rep.",COG,1679.58061097707,2.57966943921721,3.09143630919166,19.895,1.18596121569308,OTHER
2025,"Congo, Rep.",COG,,,,19.876,,OTHER
1990,Colombia,COL,3714.1849928328,4.28199833053058,29.1520245976215,,1.86015929954807,B
1991,Colombia,COL,3713.17727535576,2.00160759559029,30.3878204854435,10.12,1.85348178319724,B
1992,Colombia,COL,3787.5942918216,4.04492943933556,27.010626623136,9.44,2.10667794255338,B
1993,Colombia,COL,3912.6590835796,5.38540993901029,22.4424828533275,7.8,2.52526701829097,B
1994,Colombia,COL,4059.32146113882,5.81466190724336,22.8462417553044,8.25,2.50840701347047,B
1995,Colombia,COL,4189.72770913999,5.20243759278655,20.8917930194849,8.72,2.83162658057701,B
1996,Colombia,COL,4198.69126252708,2.05585471287195,20.7975755127401,11.81,4.44539325396431,B
1997,Colombia,COL,4265.6935185646,3.43029367788374,18.4700217119089,12.14,2.80178788575936,B
1998,Colombia,COL,4213.82800470051,0.569784088434517,18.6769799276671,15.0,3.44098574204708,B
1999,Colombia,COL,3967.11339937681,-4.20401524244947,10.873687085747,20.06,3.76274205786296,B
2000,Colombia,COL,4016.80951748167,2.92486148176778,9.22534818585365,20.52,3.03168353865852,B
2001,Colombia,COL,4020.50789754842,1.67789830787579,7.96556090304834,15.04,3.32387281880532,B
2002,Colombia,COL,4058.28493578738,2.50398046659659,6.35150728778872,14.481,3.41712762358197,B
2003,Colombia,COL,4154.17528523618,3.91827190322513,7.1297886294186,13.221,3.46398869081496,B
2004,Colombia,COL,4311.91591255233,5.33302206759905,5.90402005546502,13.717,3.46501517406307,B
2005,Colombia,COL,4457.27537460443,4.82876110773741,5.05101962689695,11.062,3.37467969392646,B
2006,Colombia,COL,4694.03442939175,6.71686869844402,4.29342363628926,11.088,3.29582499135229,B
2007,Colombia,COL,4947.25260813108,6.73819469090975,5.54438485815155,11.204,3.28630170949445,B
2008,Colombia,COL,5048.57187245249,3.28344618616541,6.9968849555451,11.273,3.73724698565115,B
2009,Colombia,COL,5046.97121757727,1.13964864548062,4.20251661216481,12.066,3.88696383706353,B
2010,Colombia,COL,5214.24547620131,4.49465897070922,2.27200227892008,11.153,3.63691504613462,B
2011,Colombia,COL,5517.1011086899,6.94789198173555,3.4150334477625,10.288,3.07710698956258,B
2012,Colombia,COL,5675.75617978305,3.91263576716115,3.16930188840055,9.959,3.15600586340429,B
2013,Colombia,COL,5910.80592301166,5.13399351995672,2.01699224310383,9.246,3.27226285651869,B
2014,Colombia,COL,6121.83982019825,4.49903000110972,2.89883787761737,8.799,3.10825884811044,B
2015,Colombia,COL,6248.51490534512,2.95590137527523,4.98983115849529,8.572,3.10996008410671,B
2016,Colombia,COL,6316.07067782542,2.08738250162794,7.51346024627674,8.922,3.07113102611539,B
2017,Colombia,COL,6309.67745292518,1.35936086788746,4.3143132569501,9.086,3.20809672439436,B
2018,Colombia,COL,6353.5464285392,2.56432428277704,3.24056932930569,9.36,3.0332327385044,B
2019,Colombia,COL,6439.96359812647,3.18685539245533,3.52301932741446,10.28,3.14565669372153,B
2020,Colombia,COL,5891.95523215403,-7.18591413760859,2.52663500084706,15.983,3.53440413219336,B
2021,Colombia,COL,6457.16921807086,10.8011981904878,3.49505757399448,13.898,3.1957582534691,B
2022,Colombia,COL,6856.72590505374,7.32827729427979,10.1772313546166,10.541,2.79798282722927,B
2023,Colombia,COL,6828.59753791113,0.712380031974334,11.7359044948689,9.591,2.96545217971359,B
2024,Colombia,COL,6863.59563194342,1.5983315366523,6.60908593728228,9.619,3.35903368303836,B
2025,Colombia,COL,,,,8.29,,B
1990,Comoros,COM,1253.76196294342,7.33881096130857,,,,OTHER
1991,Comoros,COM,1148.13931888356,-6.16697445150861,,4.795,,OTHER
1992,Comoros,COM,1207.29209443855,7.35801529393501,,4.528,,OTHER
1993,Comoros,COM,1215.6495051112,2.5473458344995,,4.571,,OTHER
1994,Comoros,COM,1146.70713941919,-3.98651752857747,,4.566,,OTHER
1995,Comoros,COM,1190.50038004288,5.63727928670581,,4.675,,OTHER
1996,Comoros,COM,1164.20336109423,-0.510368828932258,,4.774,,OTHER
1997,Comoros,COM,1194.79487327423,4.41042562590719,,4.561,,OTHER
1998,Comoros,COM,1174.68989605102,0.0250407992332242,,4.614,,OTHER
1999,Comoros,COM,1185.07043579337,2.69768646408839,,4.544,,OTHER
2000,Comoros,COM,1150.82840106354,-1.00701887109655,,4.4,,OTHER
2001,Comoros,COM,1188.50107049357,5.41959971808741,5.55459394816812,4.379,,OTHER
2002,Comoros,COM,1217.11501559943,4.59768263263243,3.53304214308077,4.372,,OTHER
2003,Comoros,COM,1216.98036712949,1.93442812313498,3.799081366719,4.559,,OTHER
2004,Comoros,COM,1231.14746798849,3.10041210399676,4.47499289078106,4.571,,OTHER
2005,Comoros,COM,1274.6143662974,5.66520240193151,3.0133239505812,4.527,,OTHER
2006,Comoros,COM,1227.24636392125,-1.75444679449394,3.37436360121204,4.482,,OTHER
2007,Comoros,COM,1212.69629084896,0.803599788247752,4.46616710098131,4.474,,OTHER
2008,Comoros,COM,1235.97247187374,3.96461118871815,1.7007817628453,4.416,,OTHER
2009,Comoros,COM,1250.90035344227,3.24060198483924,4.36234829325719,4.303,,OTHER
2010,Comoros,COM,1272.60650664705,3.77788070743117,3.35475770328919,4.19,,OTHER
2011,Comoros,COM,1299.11099021922,4.14356479211455,1.8426630075619,4.12,,OTHER
2012,Comoros,COM,1313.5812493744,3.16835627559691,6.31474450315177,4.091,,OTHER
2013,Comoros,COM,1343.5451171047,4.4661636979028,-4.29487331536756,3.98,,OTHER
2014,Comoros,COM,1342.32802421364,2.10666920560958,7.54755379096711,3.984,,OTHER
2015,Comoros,COM,1329.37048235986,1.14747399397193,-0.117173884190069,4.031,,OTHER
2016,Comoros,COM,1345.62555739306,3.32039987961315,0.797517430888487,4.117,,OTHER
2017,Comoros,COM,1369.41038262485,3.81570211280726,-0.237362224154613,4.049,,OTHER
2018,Comoros,COM,1391.84620461012,3.64259587408398,2.15155084413033,3.975,,OTHER
2019,Comoros,COM,1389.36430643805,1.76070164655727,3.58213544469211,3.926,,OTHER
2020,Comoros,COM,1359.70624686714,-0.195577456821965,0.786641929499151,4.468,,OTHER
2021,Comoros,COM,1359.76242021159,2.0001921183449,-0.00441793682346988,4.394,,OTHER
2022,Comoros,COM,1368.3741885336,2.60301031927843,12.5320314570998,3.879,,OTHER
2023,Comoros,COM,1382.51308503106,2.99521564038136,8.37373955490995,3.833,,OTHER
2024,Comoros,COM,1401.88898411553,3.3381010943571,5.05192609588218,3.815,,OTHER
2025,Comoros,COM,,,,3.819,,OTHER
1990,Cabo Verde,CPV,835.120723175504,0.692171874476983,10.6535057862491,,,OTHER
1991,Cabo Verde,CPV,826.681399309547,1.40414698106899,9.5509074131036,13.527,,OTHER
1992,Cabo Verde,CPV,896.519359558541,10.9376469895221,3.1166643268286,13.428,0.992592471063058,OTHER
1993,Cabo Verde,CPV,953.861011115729,8.70831156568961,5.78839590443697,13.276,0.756580531119533,OTHER
1994,Cabo Verde,CPV,1113.93806476467,19.1826416318144,3.45205833010708,12.936,0.838878589489836,OTHER
1995,Cabo Verde,CPV,1248.28104350759,14.2116362469634,8.35152497972927,12.883,1.26508085113154,OTHER
1996,Cabo Verde,CPV,1365.49820603623,11.3465247642174,5.96361961777575,12.844,0.8441753102704,OTHER
1997,Cabo Verde,CPV,1492.01847422507,11.1184260583756,8.55606258148633,13.01,0.831007455137562,OTHER
1998,Cabo Verde,CPV,1652.11117220593,12.5172857879884,4.39423509983477,13.055,0.858540442487481,OTHER
1999,Cabo Verde,CPV,1809.80582624137,11.2226484455351,4.35643374510452,13.071,0.838543201162953,OTHER
2000,Cabo Verde,CPV,2037.31720912714,14.2848688450919,-2.47745668519835,13.024,1.15402591313906,OTHER
2001,Cabo Verde,CPV,2051.21733888102,2.23165454528898,3.34996472317894,13.242,0.753615197231365,OTHER
2002,Cabo Verde,CPV,2127.70872296502,5.25089116960211,1.88453410076764,13.379,0.665480290001653,OTHER
2003,Cabo Verde,CPV,2186.89500422765,4.17625932578332,1.18817038620528,13.604,0.648753558764804,OTHER
2004,Cabo Verde,CPV,2379.79636224135,10.197072633926,-1.8908217230618,13.456,0.63097843761799,OTHER
2005,Cabo Verde,CPV,2514.16779255327,6.91245795720201,0.41889161285517,13.439,0.649497233340122,OTHER
2006,Cabo Verde,CPV,2683.83943856892,7.98375044795048,5.36907687065548,13.378,0.564741208222978,OTHER
2007,Cabo Verde,CPV,3056.97102851154,15.1706879735517,4.41099704193488,13.294,0.481259814269355,OTHER
2008,Cabo Verde,CPV,3238.44159287498,7.03901129565128,6.77443546371142,13.307,0.54860127368837,OTHER
2009,Cabo Verde,CPV,3159.58698693977,-1.50358672385678,0.991103480568084,13.517,0.449908484432209,OTHER
2010,Cabo Verde,CPV,3194.61667734233,1.83641914989978,2.07866470906423,10.67,0.451425943343675,OTHER
2011,Cabo Verde,CPV,3309.20121643898,3.92471821338283,4.47388342165023,10.956,0.476996486976338,OTHER
2012,Cabo Verde,CPV,3341.7421054836,1.08364848376166,2.54039644167108,11.145,0.506009716198007,OTHER
2013,Cabo Verde,CPV,3361.09387702205,0.632136727385131,1.50654285701407,11.398,0.48366416567439,OTHER
2014,Cabo Verde,CPV,3383.8422809791,0.696666840118581,-0.238778144990623,11.689,0.492596173932618,OTHER
2015,Cabo Verde,CPV,3415.06266730931,0.936026507808833,0.131187999024544,11.923,0.510089039086437,OTHER
2016,Cabo Verde,CPV,3560.1400729534,4.28071482662371,-1.40781637091705,12.085,0.550048040403016,OTHER
2017,Cabo Verde,CPV,3719.71306047915,4.5513148102974,0.784415251101334,12.24,0.470518534467026,OTHER
2018,Cabo Verde,CPV,3853.67940035241,3.70696458310842,1.25615185860785,12.17,0.485896540748011,OTHER
2019,Cabo Verde,CPV,4115.90283469406,6.94782634051859,1.10750930553819,12.123,0.431864983823163,OTHER
2020,Cabo Verde,CPV,3255.93628984058,-20.8052758990735,0.6057961856899,14.65,0.618818770532046,OTHER
2021,Cabo Verde,CPV,3471.6553421786,7.03353010694514,1.86215256793885,13.932,0.546659834120196,OTHER
2022,Cabo Verde,CPV,3997.76763250653,15.843675684642,7.93092928079189,12.239,0.456081005090828,OTHER
2023,Cabo Verde,CPV,4168.67748407593,4.7947613911073,3.72437535861454,11.882,0.566494134671967,OTHER
2024,Cabo Verde,CPV,4448.96609078891,7.24388538990945,1.0481698336865,11.883,0.623903407592831,OTHER
2025,Cabo Verde,CPV,,,,11.939,,OTHER
1990,Costa Rica,CRI,6037.05111668102,3.55306336572285,19.0397526635648,,,OTHER
1991,Costa Rica,CRI,6018.68283701715,2.26565496296193,28.7092913706617,5.37,,OTHER
1992,Costa Rica,CRI,6408.20531541453,9.2011037327736,21.7911687900609,3.93,,OTHER
1993,Costa Rica,CRI,6693.49083166149,7.09719123999687,9.77860078293776,3.95,,OTHER
1994,Costa Rica,CRI,6826.32273425801,4.51902837637206,13.5344687273427,4.05,,OTHER
1995,Costa Rica,CRI,6940.83702069434,4.15395304333353,23.1864981102567,5.18,,OTHER
1996,Costa Rica,CRI,6871.60941046409,1.35045949139338,17.5114524814591,6.16,,OTHER
1997,Costa Rica,CRI,7085.98834302225,5.4761657765486,13.2480440791191,5.68,,OTHER
1998,Costa Rica,CRI,7430.1724106288,7.15530857859194,11.6592997742233,5.33,,OTHER
1999,Costa Rica,CRI,7584.42136977783,4.21481117123987,10.0452817292494,5.9,,OTHER
2000,Costa Rica,CRI,7726.51985682031,3.86871808953644,10.9615496593622,5.08,,OTHER
2001,Costa Rica,CRI,7854.2339580182,3.49116989434005,11.2556157091171,6.051,,OTHER
2002,Costa Rica,CRI,7989.55926102157,3.41687639041064,9.16752048509118,6.396,,OTHER
2003,Costa Rica,CRI,8207.45746763047,4.31717986636224,9.44758091616983,6.654,,OTHER
2004,Costa Rica,CRI,8445.52914945791,4.42459959654504,12.3148150178852,6.445,,OTHER
2005,Costa Rica,CRI,8655.33965418585,3.97666636818026,13.7982949108987,6.749,,OTHER
2006,Costa Rica,CRI,9160.29437453236,7.3266954325067,11.4705968149052,5.926,,OTHER
2007,Costa Rica,CRI,9779.51149389818,8.21513198348715,9.35724456417157,4.557,,OTHER
2008,Costa Rica,CRI,10104.9092039691,4.73817487754022,13.4244635507283,4.934,,OTHER
2009,Costa Rica,CRI,9883.67567046297,-0.873455942787785,7.84270167700653,7.824,,OTHER
2010,Costa Rica,CRI,10285.0856660419,5.36034352634111,5.66275708420021,7.171,,OTHER
2011,Costa Rica,CRI,10612.4694861141,4.40315923970431,4.87799830970702,9.518,,OTHER
2012,Costa Rica,CRI,11001.5192856576,4.88259241025739,4.49545314354605,9.11,,OTHER
2013,Costa Rica,CRI,11151.1437869768,2.49476611209954,5.23133614174428,8.218,,OTHER
2014,Costa Rica,CRI,11422.6735793176,3.54210987765977,4.51920098516953,8.499,,OTHER
2015,Costa Rica,CRI,11714.7105980732,3.65208096802883,0.801982005099623,8.415,,OTHER
2016,Costa Rica,CRI,12084.4351325634,4.20432325175899,-0.0174788505908217,8.085,,OTHER
2017,Costa Rica,CRI,12468.5654531709,4.1576989627609,1.62590692991731,7.729,,OTHER
2018,Costa Rica,CRI,12679.5253643016,2.6159044043379,2.2211146152658,9.01,,OTHER
2019,Costa Rica,CRI,12877.650101079,2.41751181762513,2.09604635327807,10.807,,OTHER
2020,Costa Rica,CRI,12242.2098908533,-4.27335432161462,0.724911478131375,16.432,,OTHER
2021,Costa Rica,CRI,13146.6927918465,7.93576224743147,1.72647755109241,15.139,,OTHER
2022,Costa Rica,CRI,13686.1614090822,4.55149177958398,8.27477490232654,11.325,,OTHER
2023,Costa Rica,CRI,14318.8389652137,5.11192183224598,0.525193508693455,8.325,,OTHER
2024,Costa Rica,CRI,14866.5823676109,4.32122429646145,-0.412853001047069,6.936,,OTHER
2025,Costa Rica,CRI,,,,6.843,,OTHER
1990,Caribbean small states,CSS,8229.17592166741,-0.327504848703512,,,,OTHER
1991,Caribbean small states,CSS,8173.67190828662,-0.0544393426818601,,16.3249606471741,,OTHER
1992,Caribbean small states,CSS,8276.7439175077,2.05282732584287,,17.043855044918,,OTHER
1993,Caribbean small states,CSS,8251.32354932239,0.463000318766433,,16.8394643774493,,OTHER
1994,Caribbean small states,CSS,8461.74618708025,3.33676525451267,,16.1154342863252,,OTHER
1995,Caribbean small states,CSS,8648.82960289098,3.08294652862304,,14.6507674227641,,OTHER
1996,Caribbean small states,CSS,8995.08973933631,4.91502475202645,,14.1980943997497,,OTHER
1997,Caribbean small states,CSS,9330.98626876283,4.61436180305334,,13.6119469585577,,OTHER
1998,Caribbean small states,CSS,9709.72381810714,4.9190851488808,,13.0418053985954,,OTHER
1999,Caribbean small states,CSS,10119.1403979495,5.06331005930517,,12.5019625854356,,OTHER
2000,Caribbean small states,CSS,10510.8694258103,4.69150491054475,,11.7427630641232,,OTHER
2001,Caribbean small states,CSS,10648.8703596983,2.10316136448954,,11.1794403357232,,OTHER
2002,Caribbean small states,CSS,10985.8632347623,3.9850481450781,,11.3083250951395,,OTHER
2003,Caribbean small states,CSS,11563.3614779162,6.09993647177596,,11.5380632882928,,OTHER
2004,Caribbean small states,CSS,12014.5670017555,4.66068583586366,,10.2916036767948,,OTHER
2005,Caribbean small states,CSS,12638.9654635453,4.39522842972688,,9.98480572264988,,OTHER
2006,Caribbean small states,CSS,13550.3562471238,7.83209779101442,,8.69394120180955,,OTHER
2007,Caribbean small states,CSS,13982.598007093,3.84674166509373,,8.1976990614565,,OTHER
2008,Caribbean small states,CSS,14130.2413806317,1.69966604699709,,7.8711908829552,,OTHER
2009,Caribbean small states,CSS,13578.6986655384,-3.39231957790483,,9.18808540593253,,OTHER
2010,Caribbean small states,CSS,13743.4073853565,1.85821449903838,,8.80934904598808,,OTHER
2011,Caribbean small states,CSS,13773.5645177114,0.886353024582334,,8.82531756416261,,OTHER
2012,Caribbean small states,CSS,14236.6654344554,4.03485699947825,,8.99563754734034,,OTHER
2013,Caribbean small states,CSS,14333.3457750583,1.37522571423916,,8.87950796126762,,OTHER
2014,Caribbean small states,CSS,14605.7774648313,2.59149738961506,,8.61294822432626,,OTHER
2015,Caribbean small states,CSS,14497.5393236017,-0.100918343775831,,8.22453564269079,,OTHER
2016,Caribbean small states,CSS,13963.1395387692,-3.08019901728429,,8.52897625860849,,OTHER
2017,Caribbean small states,CSS,13780.3075342487,-0.745458058997372,,8.24674002522057,,OTHER
2018,Caribbean small states,CSS,13815.7947601283,1.21087866602529,,8.59708625490841,,OTHER
2019,Caribbean small states,CSS,13825.4223050228,0.875117819991502,,8.21142514691839,,OTHER
2020,Caribbean small states,CSS,12531.5018423504,-9.0291630332097,,9.95181592662355,,OTHER
2021,Caribbean small states,CSS,13290.8289489771,6.53181248270917,,9.71327125079923,,OTHER
2022,Caribbean small states,CSS,15207.5837552377,14.8851030062619,,8.29867755889038,,OTHER
2023,Caribbean small states,CSS,16468.9430284866,8.83833676011841,,7.51281290895946,,OTHER
2024,Caribbean small states,CSS,18582.6849984925,13.3129250895082,,7.49180699898505,,OTHER
2025,Caribbean small states,CSS,,,,7.55114639676154,,OTHER
1990,Cuba,CUB,4961.45738860948,-2.94856494503389,,,,OTHER
1991,Cuba,CUB,4395.45493473446,-10.6926971084884,,8.306,,OTHER
1992,Cuba,CUB,3861.87437370304,-11.5806030812698,,8.779,,OTHER
1993,Cuba,CUB,3270.55047645542,-14.8781806947595,,9.27,,OTHER
1994,Cuba,CUB,3280.38453264476,0.716930310416799,,8.806,,OTHER
1995,Cuba,CUB,3348.88763214863,2.45720117243687,,8.27,,OTHER
1996,Cuba,CUB,3599.32498555978,7.83874965899149,,7.61,,OTHER
1997,Cuba,CUB,3687.42530352589,2.78342504174314,,7.1,,OTHER
1998,Cuba,CUB,3680.98418008951,0.159146052326719,,6.23,,OTHER
1999,Cuba,CUB,3895.54643322661,6.18875530352257,,6.26,,OTHER
2000,Cuba,CUB,4112.26168350671,5.9147601740486,,5.45,,OTHER
2001,Cuba,CUB,4229.90309433356,3.18502990449461,,4.08,,OTHER
2002,Cuba,CUB,4277.39565642359,1.42482126141282,,3.31,,OTHER
2003,Cuba,CUB,4426.96599591833,3.79274022304334,,2.33,,OTHER
2004,Cuba,CUB,4670.18802138025,5.77053807021559,,1.854,,OTHER
2005,Cuba,CUB,5182.35283601732,11.2016564219094,,1.95,,OTHER
2006,Cuba,CUB,5799.41163668615,12.0658631129953,,1.913,,OTHER
2007,Cuba,CUB,6215.76603727772,7.26213696647943,,1.788,,OTHER
2008,Cuba,CUB,6469.08507847668,4.11682804164681,,1.583,,OTHER
2009,Cuba,CUB,6561.25305093006,1.4513054307407,,1.67,3.38096005154639,OTHER
2010,Cuba,CUB,6716.49048497058,2.39035229650723,,2.5,3.32685611242383,OTHER
2011,Cuba,CUB,6902.16397571139,2.80230083647626,,3.18,3.08450500072474,OTHER
2012,Cuba,CUB,7109.24834185635,3.01490028898772,,3.46,3.93759997812444,OTHER
2013,Cuba,CUB,7307.82004410741,2.74760256257211,,3.29,3.51272878104423,OTHER
2014,Cuba,CUB,7392.48324633027,1.04757663187654,,2.7,3.53600476096013,OTHER
2015,Cuba,CUB,7727.91997207998,4.4383335888395,,2.4,3.08379144526184,OTHER
2016,Cuba,CUB,7774.0698462623,0.512843095700745,,2.0,3.07218792501319,OTHER
2017,Cuba,CUB,7927.27769431767,1.80979178380274,,1.7,2.87240323946139,OTHER
2018,Cuba,CUB,8120.43123558256,2.24794852913217,,1.7,2.87620737245072,OTHER
2019,Cuba,CUB,8124.75282059108,-0.163087223606624,,1.705,,OTHER
2020,Cuba,CUB,7252.28811179844,-10.9494359030206,,2.233,,OTHER
2021,Cuba,CUB,7379.04275283674,1.25448735650322,,2.11,,OTHER
2022,Cuba,CUB,7552.33152218842,1.77465227724316,,1.829,,OTHER
2023,Cuba,CUB,7433.42885399674,-1.92937123169681,,1.73,,OTHER
2024,Cuba,CUB,7381.39774048869,-1.06173273220524,,1.755,,OTHER
2025,Cuba,CUB,,,,1.746,,OTHER
2000,Curacao,CUW,21523.645846078,,,,,OTHER
2001,Curacao,CUW,22171.0654932071,-0.695753704098053,1.79282868525896,,,OTHER
2002,Curacao,CUW,22231.8792561824,0.397065216763636,0.391389432485324,,,OTHER
2003,Curacao,CUW,21840.8912647914,0.288186681651752,1.6337139144157,,,OTHER
2004,Curacao,CUW,21512.1115522523,0.208461073109362,1.37912138094799,,,OTHER
2005,Curacao,CUW,21112.3218717015,0.676425345201665,4.11711711711707,,,OTHER
2006,Curacao,CUW,20913.6629896021,1.63593468987035,3.11499524097949,,,OTHER
2007,Curacao,CUW,21011.1570121301,2.46996322836787,2.99572039942908,,,OTHER
2008,Curacao,CUW,21202.4304610307,2.18804308019168,6.8763239367776,,,OTHER
2009,Curacao,CUW,20952.8997952543,-0.531308242338184,1.75331605427595,,,OTHER
2010,Curacao,CUW,20706.437408421,0.0823066088131412,2.77944261312586,,,OTHER
2011,Curacao,CUW,20518.0985782641,0.508457572414372,2.3325315256217,,,OTHER
2012,Curacao,CUW,20277.5112566223,-0.34895035717112,3.18398746349454,,,OTHER
2013,Curacao,CUW,19921.4771792975,-0.635696647893425,1.33232086152117,,,OTHER
2014,Curacao,CUW,19529.5285930905,-0.637398345190817,1.49873969616429,,,OTHER
2015,Curacao,CUW,19361.8129630226,0.45815174597594,-0.476542049801404,,,OTHER
2016,Curacao,CUW,18953.0538552203,-1.06770769957464,-0.0472079848940292,,,OTHER
2017,Curacao,CUW,18651.4796966993,-1.27620931537493,1.58558801700344,,,OTHER
2018,Curacao,CUW,18355.1765793615,-2.10411142994484,2.58368756641813,,,OTHER
2019,Curacao,CUW,17980.5297947929,-3.20613171902549,2.62220783425058,,,OTHER
2020,Curacao,CUW,14849.9696941839,-18.4384703505393,,,,OTHER
2021,Curacao,CUW,15625.4114231051,4.18371193053579,,,,OTHER
2022,Curacao,CUW,16772.8147195764,6.90599999999999,,,,OTHER
2023,Curacao,CUW,17326.9646862721,4.20199999999977,,,,OTHER
2024,Curacao,CUW,18044.7751865648,5.02690000000014,,,,OTHER
2006,Cayman Islands,CYM,96066.629965728,,,,,OTHER
2007,Cayman Islands,CYM,96202.7389296237,3.16262533840754,,,,OTHER
2008,Cayman Islands,CYM,93115.3176374189,-0.357401372925935,,,,OTHER
2009,Cayman Islands,CYM,84001.4219797545,-7.20048278238133,,,,OTHER
2010,Cayman Islands,CYM,79483.0963975025,-2.71563682344265,0.276140861750108,,,OTHER
2011,Cayman Islands,CYM,78233.0182694571,1.16906269526342,1.32543575779664,,,OTHER
2012,Cayman Islands,CYM,77074.3886285602,1.22975368307725,1.18894845245607,,,OTHER
2013,Cayman Islands,CYM,76038.8787807923,1.2793305928175,2.1606114681339,,,OTHER
2014,Cayman Islands,CYM,76104.621790038,2.65452932151371,1.27397911533387,,,OTHER
2015,Cayman Islands,CYM,76379.2098777987,2.83312242670048,-2.34752770165615,,,OTHER
2016,Cayman Islands,CYM,77031.864216869,3.23997361448569,-0.62525835861814,,,OTHER
2017,Cayman Islands,CYM,77717.1760762284,3.18404730726789,,,,OTHER
2018,Cayman Islands,CYM,79305.7692066005,4.26726567162505,,,,OTHER
2019,Cayman Islands,CYM,80714.5721513481,3.91563637725301,,,,OTHER
2020,Cayman Islands,CYM,75199.6446248648,-4.95480732200573,,,,OTHER
2021,Cayman Islands,CYM,77259.6331345061,4.86941655353661,,,,OTHER
2022,Cayman Islands,CYM,80029.0319676823,5.77566708028824,,,,OTHER
2023,Cayman Islands,CYM,83005.4838305223,5.8155918263088,,,,OTHER
1990,Cyprus,CYP,17144.46875,7.40399951139527,4.50205462895842,,7.3740356129737,OTHER
1991,Cyprus,CYP,16829.912109375,0.739501434263062,5.03527438848104,3.0,7.26477612246644,OTHER
1992,Cyprus,CYP,17928.541015625,9.39999830664647,6.51021953065818,2.09,9.12928604418491,OTHER
1993,Cyprus,CYP,17623.28515625,0.700000765065823,4.85416666666692,2.7,4.07495260499477,OTHER
1994,Cyprus,CYP,18281.021484375,5.89999928523103,4.6985893105498,2.7,4.02398919595774,OTHER
1995,Cyprus,CYP,19453.845703125,8.36246885710111,2.61581787956337,2.6,3.04103421492608,OTHER
1996,Cyprus,CYP,19385.287109375,1.24854147527125,2.97892486481265,3.1,4.52471482889734,OTHER
1997,Cyprus,CYP,19617.185546875,2.64093066351474,3.60534444364628,3.4,5.573910769889,OTHER
1998,Cyprus,CYP,20562.296875,6.11088294947106,2.22770732654316,3.3,4.67631794591642,OTHER
1999,Cyprus,CYP,21349.75,4.99795469482918,1.62999999999998,5.532,2.73385096955161,OTHER
2000,Cyprus,CYP,22383.96484375,5.96530445494226,4.1416576470206,4.766,2.82209015133954,OTHER
2001,Cyprus,CYP,23019.25,3.95256258200938,1.97304191729914,4.043,3.15322215947894,OTHER
2002,Cyprus,CYP,23604.189453125,3.72297491128981,2.80115505180746,3.336,2.1301607353618,OTHER
2003,Cyprus,CYP,23930.783203125,2.62329962315329,4.13906538686858,4.153,1.98516312435716,OTHER
2004,Cyprus,CYP,24799.6484375,5.02627226665527,2.28621706801674,4.77,1.9557691617927,OTHER
2005,Cyprus,CYP,25631.3671875,4.85298762175586,2.56016132330233,5.481,2.03746974323698,OTHER
2006,Cyprus,CYP,26395.50390625,4.71378358593959,2.30468732978555,4.593,1.8999978625024,OTHER
2007,Cyprus,CYP,27156.818359375,5.09822614854798,2.37265183669719,3.946,1.68459965831751,OTHER
2008,Cyprus,CYP,27449.2265625,3.64698922103939,4.66900841902485,3.756,1.62970494449745,OTHER
2009,Cyprus,CYP,26183.685546875,-2.01508203683694,0.326276652249793,5.594,1.81681950779024,OTHER
2010,Cyprus,CYP,26090.048828125,2.28267100119788,2.43004084102254,6.359,1.85292455056688,OTHER
2011,Cyprus,CYP,25538.78125,0.416711868408683,3.28944939564211,7.942,1.73783209097559,OTHER
2012,Cyprus,CYP,24285.49609375,-3.44738151374587,2.38905410042316,12.097,1.65475170209627,OTHER
2013,Cyprus,CYP,22711.71875,-6.58747751118347,-0.399357676464425,16.131,1.60700908951525,OTHER
2014,Cyprus,CYP,22373.578125,-1.77605867728616,-1.35498885446314,16.277,1.54260195978916,OTHER
2015,Cyprus,CYP,23088.44140625,3.41892038889013,-2.0969976905311,15.026,1.64766762744388,OTHER
2016,Cyprus,CYP,24477.986328125,6.57359080924678,-1.42916666666665,13.006,1.40455761221209,OTHER
2017,Cyprus,CYP,25666.00390625,5.75083236554525,0.531766496174467,11.155,1.56810293907547,OTHER
2018,Cyprus,CYP,26962.40625,6.27166360056404,1.43549119531759,8.504,1.74983319036456,OTHER
2019,Cyprus,CYP,28167.16015625,5.87559583386607,0.250370996758493,7.155,1.76959353705638,OTHER
2020,Cyprus,CYP,26895.68359375,-3.22063018637567,-0.638422797978958,7.755,1.89553437845021,OTHER
2021,Cyprus,CYP,29517.072265625,11.3975590801512,2.44608867175474,7.513,1.78406744246115,OTHER
2022,Cyprus,CYP,31370.55078125,8.27372597293814,8.39548297993334,6.806,1.72118847605333,OTHER
2023,Cyprus,CYP,31884.84375,3.61945644636856,3.54134188751663,5.835,1.6506068333336,OTHER
2024,Cyprus,CYP,32617.216796875,3.94077381708404,1.80023018624815,4.9,1.64735214954921,OTHER
2025,Cyprus,CYP,,,,4.924,,OTHER
1990,Czechia,CZE,11900.5844581421,,,,,OTHER
1991,Czechia,CZE,10543.6195982395,-11.6149423646776,,2.27,,OTHER
1992,Czechia,CZE,10479.4918667877,-0.506542343116848,11.086500072223,2.6,,OTHER
1993,Czechia,CZE,10475.0849147458,0.0619042423607254,20.8130295438428,4.349,2.3304040663427,OTHER
1994,Czechia,CZE,10775.9443891717,2.90930948412982,10.039429835143,4.284,2.28340085763757,OTHER
1995,Czechia,CZE,11453.3800188807,6.22140598863832,8.99052361478448,4.082,1.75885533074022,OTHER
1996,Czechia,CZE,11944.7171474526,4.16858426915319,8.75877472878111,3.852,1.65758607725057,OTHER
1997,Czechia,CZE,11886.3480904927,-0.595838414214853,8.59615666715564,4.674,1.5803034972859,OTHER
1998,Czechia,CZE,11850.8396211995,-0.393150193750415,10.6983655274888,6.455,1.73559766220785,OTHER
1999,Czechia,CZE,12026.4688076608,1.37836060943835,2.13544844417329,8.702,1.83868741109923,OTHER
2000,Czechia,CZE,12543.9364342367,4.010669619984,3.77538829151729,8.764,1.86147018377297,OTHER
2001,Czechia,CZE,12958.4667607533,2.9172195289956,4.66267556988257,8.128,1.73552829284443,OTHER
2002,Czechia,CZE,13179.9878092741,1.51345949139996,1.90298097019026,7.28,1.80901146474017,OTHER
2003,Czechia,CZE,13618.9349633164,3.300836832613,0.118739205526814,7.777,1.87752210665196,OTHER
2004,Czechia,CZE,14259.63342798,4.73633969683438,2.76010781671153,8.298,1.69964346518547,OTHER
2005,Czechia,CZE,15147.7214417611,6.37502886086791,1.85709789109228,7.927,1.7772578503284,OTHER
2006,Czechia,CZE,16107.3042502688,6.62317299177447,2.53399258343633,7.141,1.56811468416419,OTHER
2007,Czechia,CZE,16892.542854974,5.48882595164517,2.8531243721117,5.316,1.4247883319863,OTHER
2008,Czechia,CZE,17190.6470333289,2.61226807205139,6.3586638015237,4.392,1.23408817792114,OTHER
2009,Czechia,CZE,16272.8084766719,-4.79832416684926,1.01937735329229,6.662,1.31349218921279,OTHER
2010,Czechia,CZE,16665.9317825137,2.71466509907701,1.47272727272728,7.281,1.18289778802227,OTHER
2011,Czechia,CZE,16926.2846674435,1.77238085338473,1.9172191363555,6.712,1.06914296806992,OTHER
2012,Czechia,CZE,16772.3539223328,-0.770668190622743,3.28762306610411,6.979,1.05560770651415,OTHER
2013,Czechia,CZE,16759.7808635642,-0.0418124160447491,1.4382978723404,6.953,1.00870446252121,OTHER
2014,Czechia,CZE,17118.0425571578,2.24521219862635,0.343988589646793,6.108,0.959115722257081,OTHER
2015,Czechia,CZE,17931.5987670768,4.95875848915604,0.309364548494975,5.048,0.941202924537164,OTHER
2016,Czechia,CZE,18359.0978103904,2.58087013921376,0.683504209385702,3.952,0.986634400365061,OTHER
2017,Czechia,CZE,19257.6930680911,5.17356529967881,2.4505339846014,2.893,0.943984411925526,OTHER
2018,Czechia,CZE,19736.6295261285,2.83030588267866,2.14949494949492,2.246,1.07552668819544,OTHER
2019,Czechia,CZE,20360.0599221814,3.56577658128261,2.84787595918041,2.015,1.13323967641325,OTHER
2020,Czechia,CZE,19233.1469549829,-5.30487955463876,3.1612952849781,2.55,1.295406324775,OTHER
2021,Czechia,CZE,20373.8783043424,4.02901832055149,3.83984491500146,2.803,1.35325325729994,OTHER
2022,Czechia,CZE,20627.348651011,2.8471706583814,15.100165146837,2.224,1.32690210545667,OTHER
2023,Czechia,CZE,20272.5874017334,0.0475803308973752,10.6612601372427,2.579,1.47176821017418,OTHER
2024,Czechia,CZE,20445.432830127,1.23308611983484,2.43531202435314,2.6,1.91680849222604,OTHER
2025,Czechia,CZE,,,,2.825,,OTHER
1990,Germany,DEU,29763.3124657124,5.25500610110028,2.69646824292392,,2.50676361181222,C
1991,Germany,DEU,31056.5938822126,5.10826150190911,4.04703259753466,5.316,1.97382250348754,C
1992,Germany,DEU,31441.9743477578,2.01361340926105,5.0569779673173,6.323,1.8360797299954,C
1993,Germany,DEU,30932.0193060317,-0.973033082340891,4.47457650752808,7.675,1.6772597330503,C
1994,Germany,DEU,31625.3939679554,2.59685569693275,2.69305639854954,8.727,1.5366036133542,C
1995,Germany,DEU,32007.145402934,1.50499384201356,1.70616041317076,8.158,1.48727246874621,C
1996,Germany,DEU,32245.8608379557,1.0378755674358,1.44972701963238,8.822,1.45737175283167,C
1997,Germany,DEU,32795.7833455165,1.85432238398302,1.93937198922729,9.861,1.40270759051929,C
1998,Germany,DEU,33477.9856458764,2.09561231172233,0.911183535014403,9.787,1.38165698909139,C
1999,Germany,DEU,34168.8308210083,2.12957016297766,0.585433064230783,8.854,1.38034779906259,C
2000,Germany,DEU,35104.1308467844,2.8765231247659,1.44026838719741,7.917,1.34421581953972,C
2001,Germany,DEU,35618.5143698493,1.63614170690956,1.98385731334471,7.773,1.30789826898647,C
2002,Germany,DEU,35477.5151544301,-0.228255715793637,1.42080615551526,8.482,1.31344033426945,C
2003,Germany,DEU,35270.0227284267,-0.529801394291297,1.03422218628562,9.779,1.2986963477858,C
2004,Germany,DEU,35687.6378708542,1.16208684507278,1.66573696655991,10.727,1.25072808117217,C
2005,Germany,DEU,36024.0947047021,0.885485292551564,1.54691114751328,11.193,1.23275583821682,C
2006,Germany,DEU,37459.261328042,3.86668241523209,1.57742642840563,10.277,1.17898651377886,C
2007,Germany,DEU,38593.0749910508,2.8891174138025,2.2983440070095,8.732,1.15279236258074,C
2008,Germany,DEU,39009.8477636357,0.887902330743628,2.62837981637219,7.508,1.1888700534429,C
2009,Germany,DEU,36940.4078672661,-5.54455451920674,0.312739007368446,7.88,1.2847898688108,C
2010,Germany,DEU,38526.7371042695,4.13463778522758,1.1038103778926,7.043,1.24181027958074,C
2011,Germany,DEU,40722.4849268242,3.75796884489337,2.07517283735874,5.967,1.18233731589884,C
2012,Germany,DEU,40834.5088218456,0.463512036709204,2.00848884782956,5.372,1.21725965761789,C
2013,Germany,DEU,40884.8926759028,0.396995583779145,1.50472330251876,5.316,1.16213791467872,C
2014,Germany,DEU,41602.4661281668,2.18018602168017,0.906794000434245,4.979,1.12769949450115,C
2015,Germany,DEU,41929.7549110722,1.66300602334775,0.514426137125456,4.612,1.11541840455009,C
2016,Germany,DEU,42516.9337063103,2.22222216259371,0.491747008445174,4.104,1.12912506140277,C
2017,Germany,DEU,43543.4807050551,2.797906720551,1.50949485109628,3.781,1.13126090102098,C
2018,Germany,DEU,43905.8550061973,1.13569604599849,1.73216879766941,3.384,1.14814145777047,C
2019,Germany,DEU,44235.2658954682,0.977734697038784,1.44565976888253,3.163,1.24014846331417,C
2020,Germany,DEU,42372.8726784255,-4.13191443239947,0.144877925813981,3.881,1.35598993512329,C
2021,Germany,DEU,44011.0194631674,3.90999994204108,3.06666666666673,3.594,1.29982374349238,C
2022,Germany,DEU,44817.1316331389,1.8092581243061,6.87257438551096,3.137,1.35030514561756,C
2023,Germany,DEU,44368.9920074881,-0.869647578573321,5.94643667725823,3.071,1.48796332620564,C
2024,Germany,DEU,44027.7631554469,-0.495851897260366,2.2564981433876,3.4,1.89190377205494,C
2025,Germany,DEU,,,,3.711,,C
1991,Djibouti,DJI,,,,26.118,6.65088450757308,OTHER
1992,Djibouti,DJI,,,,26.457,6.76002805366394,OTHER
1993,Djibouti,DJI,,,,27.253,6.15873724134084,OTHER
1994,Djibouti,DJI,,,,27.118,5.75744469878374,OTHER
1995,Djibouti,DJI,,,,27.303,5.79164602938749,OTHER
1996,Djibouti,DJI,,,,27.172,5.08047879345913,OTHER
1997,Djibouti,DJI,,,,27.176,5.47498607759421,OTHER
1998,Djibouti,DJI,,,,27.027,5.6508745401074,OTHER
1999,Djibouti,DJI,,,,26.742,5.47808971304258,OTHER
2000,Djibouti,DJI,,,,26.664,5.06910119132427,OTHER
2001,Djibouti,DJI,,,1.74665224985434,26.597,,OTHER
2002,Djibouti,DJI,,,0.637619553666319,26.589,,OTHER
2003,Djibouti,DJI,,,1.98196734627544,26.484,,OTHER
2004,Djibouti,DJI,,,3.12226204699352,26.441,5.60717905405405,OTHER
2005,Djibouti,DJI,,,3.10496640148299,26.448,4.50775678258952,OTHER
2006,Djibouti,DJI,,,3.48340699677866,26.382,4.58763424043374,OTHER
2007,Djibouti,DJI,,,4.96597654553301,26.292,2.90107489253439,OTHER
2008,Djibouti,DJI,,,11.9586206896551,26.183,2.62758252462798,OTHER
2009,Djibouti,DJI,,,1.67549587285962,26.325,,OTHER
2010,Djibouti,DJI,,,3.95007875923886,26.368,,OTHER
2011,Djibouti,DJI,,,5.0687139477798,26.31,,OTHER
2012,Djibouti,DJI,,,3.73120950756887,26.179,,OTHER
2013,Djibouti,DJI,2140.13769442336,,-12.563149225034,26.149,,OTHER
2014,Djibouti,DJI,2253.14082249768,7.19298728463697,1.34186494340162,26.16,,OTHER
2015,Djibouti,DJI,2376.12554719873,7.30898563450799,-0.522166521445793,26.063,,OTHER
2016,Djibouti,DJI,2502.85181449431,7.1234323372872,2.40252905434889,25.982,,OTHER
2017,Djibouti,DJI,2596.45134698268,5.458091517212,0.57728572456066,26.064,,OTHER
2018,Djibouti,DJI,2677.1650334451,4.77433934943193,0.138836400011405,26.18,,OTHER
2019,Djibouti,DJI,2781.94350113484,5.54508081154978,3.31763203299602,26.257,,OTHER
2020,Djibouti,DJI,2773.40661780097,1.2021151728969,1.77900535643955,27.701,,OTHER
2021,Djibouti,DJI,2854.15987035097,4.40715667561153,1.18086783934059,27.628,,OTHER
2022,Djibouti,DJI,2959.78673011268,5.16653702854374,5.17222088647605,26.272,,OTHER
2023,Djibouti,DJI,3117.8155381531,6.80733529403308,1.44905087029085,26.074,,OTHER
2024,Djibouti,DJI,3290.42482052598,6.98048467276334,2.1120116728497,26.007,,OTHER
2025,Djibouti,DJI,,,,26.015,,OTHER
1990,Dominica,DMA,5536.87901663922,5.41798351146888,3.19092323226821,,,OTHER
1991,Dominica,DMA,5638.3073302382,1.3477691598669,5.55706153429132,,,OTHER
1992,Dominica,DMA,5750.32541372085,2.02941338180298,5.47182559344177,,,OTHER
1993,Dominica,DMA,5865.47647130041,2.16142138921818,1.56902604224498,,,OTHER
1994,Dominica,DMA,5863.78283734011,0.034477526872962,0.0151367351744227,,,OTHER
1995,Dominica,DMA,6042.20196512625,3.0308658627128,1.31753745774969,,,OTHER
1996,Dominica,DMA,6235.05917401475,3.10419572470771,1.67716450485913,,,OTHER
1997,Dominica,DMA,6381.53965204338,2.18562742404438,2.43629715479673,,,OTHER
1998,Dominica,DMA,6639.15946016126,3.77423043853915,0.999147457910748,,,OTHER
1999,Dominica,DMA,6687.23987711733,0.354077659205259,1.17947787394174,,,OTHER
2000,Dominica,DMA,6879.59737273918,2.3402193777688,0.856946805358482,,,OTHER
2001,Dominica,DMA,6897.65674086518,-0.0638434428881567,1.3038940346596,,,OTHER
2002,Dominica,DMA,6676.97271467957,-3.08742052359268,0.170055330197681,,,OTHER
2003,Dominica,DMA,7047.66189595946,5.80495468629533,1.4533680043725,,,OTHER
2004,Dominica,DMA,7323.8530008275,4.09783662273917,2.39410982050298,,,OTHER
2005,Dominica,DMA,7381.74728529453,0.915286472779144,1.68190079877552,,,OTHER
2006,Dominica,DMA,7698.53701483824,4.40077479812059,2.20239132631669,,,OTHER
2007,Dominica,DMA,8106.18951878325,5.3579375575878,3.6322212931782,,,OTHER
2008,Dominica,DMA,8682.57378179773,7.12131217762231,6.35992183336295,,,OTHER
2009,Dominica,DMA,8582.71481435718,-1.13575145648322,0.00626357107066859,,,OTHER
2010,Dominica,DMA,8574.27308682238,-0.105610857694984,2.99936630549,,,OTHER
2011,Dominica,DMA,8553.8384670104,0.0427388878891435,1.1312313652648,,,OTHER
2012,Dominica,DMA,8532.34388117289,-0.15739179314221,1.35677147808859,,,OTHER
2013,Dominica,DMA,8459.6586988024,0.0045039972976042,-0.0464116468805991,,,OTHER
2014,Dominica,DMA,8576.26367623609,2.33521742067693,0.799250372687492,,,OTHER
2015,Dominica,DMA,8282.59874702141,-3.37338262476895,-0.843826984638329,,,OTHER
2016,Dominica,DMA,8499.52291903149,1.44724556489263,0.141816225732312,,,OTHER
2017,Dominica,DMA,7985.6341102129,-7.5443637547282,0.296252889279486,,,OTHER
2018,Dominica,DMA,8261.16492553236,2.964010610466,0.989191119189889,,,OTHER
2019,Dominica,DMA,8624.51695993537,3.94809757938053,1.50462353858141,,,OTHER
2020,Dominica,DMA,7302.94454951254,-15.7064024545862,1.22026442242476,,,OTHER
2021,Dominica,DMA,7738.31730070386,5.37983838954712,2.22891330700343,,,OTHER
2022,Dominica,DMA,8590.92209069816,10.3968076616121,2.88490226829353,,,OTHER
2023,Dominica,DMA,8946.98822588042,3.65221012208734,5.08677483158111,,,OTHER
2024,Dominica,DMA,9172.71049624795,2.052738472526,2.56921890367725,,,OTHER
1990,Denmark,DNK,39306.7939232431,1.66026774169177,2.64160306382001,,1.95075703504915,OTHER
1991,Denmark,DNK,39776.5961774467,1.45818005306188,2.39515331724416,9.099,1.91975873946774,OTHER
1992,Denmark,DNK,40447.2328284958,2.0228112415746,2.09604442933213,9.027,1.85515102127163,OTHER
1993,Denmark,DNK,40280.8935863909,-0.078900412805325,1.2578566795326,10.719,1.87408519061274,OTHER
1994,Denmark,DNK,42270.6520867615,5.29469615156448,1.99201463809517,8.036,1.74260026232195,OTHER
1995,Denmark,DNK,43328.5293418439,3.03802150461165,2.08360842382854,6.992,1.68675957369556,OTHER
1996,Denmark,DNK,44331.6199637443,2.89575069230459,2.12629802275577,6.844,1.6461435449497,OTHER
1997,Denmark,DNK,45546.5896151864,3.16848143784479,2.1821667790712,5.4,1.61872430785355,OTHER
1998,Denmark,DNK,46437.1921069175,2.32630274538961,1.84565122007883,5.039,1.60907118109632,OTHER
1999,Denmark,DNK,47657.1731901716,2.96730536257029,2.49779544404529,5.141,1.56553651572988,OTHER
2000,Denmark,DNK,49266.9882757886,3.72400899471576,2.90328203236461,4.476,1.45846561683975,OTHER
2001,Denmark,DNK,49557.1509962227,0.95003224600012,2.33787000255262,4.164,1.53154262127753,OTHER
2002,Denmark,DNK,49624.5965359582,0.456530018779986,2.42443661219694,4.274,1.50685882049485,OTHER
2003,Denmark,DNK,49708.0909084109,0.441091006625101,2.07507820646506,5.398,1.46466732860503,OTHER
2004,Denmark,DNK,50956.3045398814,2.77635180744053,1.15435693124934,5.204,1.42024015449579,OTHER
2005,Denmark,DNK,52015.1841169021,2.35960882992528,1.81781458291254,4.83,1.30811146758176,OTHER
2006,Denmark,DNK,53823.1590295482,3.81648769908172,1.92422138464584,3.897,1.37505574678224,OTHER
2007,Denmark,DNK,54113.9771471341,0.987173815945127,1.69326586220324,3.801,1.30402280174653,OTHER
2008,Denmark,DNK,53572.5346568185,-0.417178439991005,3.41626794258374,3.683,1.34882681237568,OTHER
2009,Denmark,DNK,50635.9118061988,-4.97447905669058,1.30470991024335,6.409,1.34441225473678,OTHER
2010,Denmark,DNK,51209.4492757775,1.58289703108802,2.31092436974786,7.746,1.39710181036952,OTHER
2011,Denmark,DNK,51667.5313210425,1.3108037609606,2.7586822605125,7.769,1.3123392890178,OTHER
2012,Denmark,DNK,51470.689845427,-0.00543230161670749,2.3979148566464,7.798,1.35329314051826,OTHER
2013,Denmark,DNK,51970.3909324806,1.39267343161971,0.789071780078062,7.384,1.22352490397164,OTHER
2014,Denmark,DNK,52368.3625969272,1.27799983192831,0.56402054044954,6.925,1.1497978040996,OTHER
2015,Denmark,DNK,53094.0133607574,2.10441456445301,0.452034153691574,6.278,1.11481302624419,OTHER
2016,Denmark,DNK,54300.2039621991,3.07304549209093,0.250000000000031,5.989,1.15107146564238,OTHER
2017,Denmark,DNK,55601.0145717787,3.05647723922718,1.14713216957601,5.833,1.1399854112558,OTHER
2018,Denmark,DNK,56355.0733084714,1.8600074900921,0.813609467455631,5.131,1.28310489294024,OTHER
2019,Denmark,DNK,57114.6227336347,1.71140093932736,0.75813157251162,5.018,1.29920660644454,OTHER
2020,Denmark,DNK,55934.5555945523,-1.78010601831291,0.420711974110024,5.644,1.37376885314973,OTHER
2021,Denmark,DNK,59312.8158043771,6.50025445756295,1.85304543989689,5.065,1.29155763565745,OTHER
2022,Denmark,DNK,59108.7449374068,0.443832614908331,7.69656699889259,4.434,1.36156457421085,OTHER
2023,Denmark,DNK,59026.9843650999,0.604587766175584,3.30517811237605,5.094,1.99961332917573,OTHER
2024,Denmark,DNK,60772.8624276041,3.47783593140312,1.37220049768925,5.358,2.41617454160591,OTHER
2025,Denmark,DNK,,,,5.529,,OTHER
1990,Dominican Republic,DOM,2772.77065608381,-5.45431239511254,50.4624792378524,,0.67572938756657,OTHER
1991,Dominican Republic,DOM,2741.93908143923,0.944138889056532,47.0791574105359,6.863,0.348155032228406,OTHER
1992,Dominican Republic,DOM,2989.60630229953,11.2374641300752,4.25902638893392,6.669,0.559086816093422,OTHER
1993,Dominican Republic,DOM,3147.67060324766,7.36669526975602,5.2503388069097,6.322,0.755070036358464,OTHER
1994,Dominican Republic,DOM,3167.94494108567,2.59378305986246,8.26076798575834,6.285,0.733765624039859,OTHER
1995,Dominican Republic,DOM,3286.36149249382,5.69998859173715,12.5359594558962,6.439,0.549477867602509,OTHER
1996,Dominican Republic,DOM,3419.50600399521,5.96119319380874,5.39929385038922,6.485,0.633651609977827,OTHER
1997,Dominican Republic,DOM,3659.50819044162,8.89955230035797,8.29656754792045,6.323,0.796926406823975,OTHER
1998,Dominican Republic,DOM,3840.8718026365,6.70585570778992,4.83166558591895,6.304,0.780062374149808,OTHER
1999,Dominican Republic,DOM,4004.19876842647,5.95651024999543,6.47054186846928,6.312,0.81624388755279,OTHER
2000,Dominican Republic,DOM,4123.10573163115,4.65172550299128,7.72413566181615,6.432,1.03009647155323,OTHER
2001,Dominican Republic,DOM,4158.98430282429,2.46937023763239,8.8830684881296,7.262,1.21349605211345,OTHER
2002,Dominican Republic,DOM,4280.80182397408,4.48650367045651,5.22336769759446,6.779,1.05891921128922,OTHER
2003,Dominican Republic,DOM,4162.66686117661,-1.34935744782766,27.4497127394394,6.938,0.764145027120822,OTHER
2004,Dominican Republic,DOM,4212.01044121773,2.58556667449577,51.4608598338065,6.303,0.687618052138186,OTHER
2005,Dominican Republic,DOM,4549.24957008857,9.43178931977285,4.19020260472056,6.587,0.766536371799736,OTHER
2006,Dominican Republic,DOM,4904.71715839398,9.17120650955299,7.57280523853073,5.654,0.683423360678412,OTHER
2007,Dominican Republic,DOM,5204.78500652254,7.41840577774235,6.14356655248047,5.158,0.62761905715381,OTHER
2008,Dominican Republic,DOM,5308.92664966814,3.26808671288212,10.6446210953711,4.764,0.699861657175699,OTHER
2009,Dominican Republic,DOM,5294.64953374426,1.00345293018719,1.44215131834353,5.467,0.667461170274579,OTHER
2010,Dominican Republic,DOM,5666.45633430206,8.40114541209596,6.32993220146146,5.212,0.6675317048534,OTHER
2011,Dominican Republic,DOM,5773.57403459156,3.19196227475523,5.79676809206533,6.087,0.602928060143009,OTHER
2012,Dominican Republic,DOM,5860.29893321013,2.77567100848816,3.69449707884776,6.722,0.653151461976632,OTHER
2013,Dominican Republic,DOM,6075.03399972737,4.93473300709881,4.830950967408,7.351,0.611824773045351,OTHER
2014,Dominican Republic,DOM,6430.27811051339,7.11122629673892,2.99864226125218,6.719,0.651437855543241,OTHER
2015,Dominican Republic,DOM,6800.95309395474,6.98771131236387,0.836746346724556,7.605,0.643674978238558,OTHER
2016,Dominican Republic,DOM,7177.75376475488,6.71974078681295,1.61416607245222,7.284,0.63403055291349,OTHER
2017,Dominican Republic,DOM,7379.39978067137,3.93386176401576,3.27955694678546,5.832,0.6660634439633,OTHER
2018,Dominican Republic,DOM,7818.70593240469,7.09751640210159,3.56443426013507,5.861,0.693991110098086,OTHER
2019,Dominican Republic,DOM,8117.04639185786,4.8940301149584,1.81060377042959,6.356,0.689583054746984,OTHER
2020,Dominican Republic,DOM,7395.8734262396,-7.92905234231061,3.78103179915516,6.126,0.746231922011371,OTHER
2021,Dominican Republic,DOM,8344.90510312395,14.0124289062207,8.24300347981809,7.702,0.647239948925026,OTHER
2022,Dominican Republic,DOM,8698.13592094395,5.23795652902595,8.81109209279587,5.504,0.679073001629194,OTHER
2023,Dominican Republic,DOM,8809.96335385949,2.19229848237939,4.78561281021135,5.555,0.779308679345321,OTHER
2024,Dominican Republic,DOM,9168.45418897141,4.95352204492849,3.30223338951227,5.312,0.782420068931067,OTHER
2025,Dominican Republic,DOM,,,,5.092,,OTHER
1990,Algeria,DZA,3605.68701212608,0.800000580174981,16.6525343885432,,1.46107058594342,OTHER
1991,Algeria,DZA,3478.50976269176,-1.2000005864423,25.8863869348513,20.6,1.21083405924608,OTHER
1992,Algeria,DZA,3455.92936294162,1.80000230253509,31.6696619117149,24.38,2.14013212989672,OTHER
1993,Algeria,DZA,3302.91950568634,-2.10000075697259,20.5403261235826,26.23,2.50563157717782,OTHER
1994,Algeria,DZA,3201.56914402566,-0.899996552970833,29.0476561173071,27.74,3.14643001210165,OTHER
1995,Algeria,DZA,3255.18726869561,3.79999479063817,29.7796264864998,31.84,2.93502710736712,OTHER
1996,Algeria,DZA,3322.95538141474,4.09999847167964,18.6790758601749,28.268,3.0940883958553,OTHER
1997,Algeria,DZA,3297.46603361265,1.09999993684249,5.73352275357186,25.43,3.63740346813324,OTHER
1998,Algeria,DZA,3410.88254401644,5.10000361107312,4.95016163793114,26.85,3.96567378793071,OTHER
1999,Algeria,DZA,3471.49196276497,3.20000155319546,2.64551113392798,28.575,3.75507998270644,OTHER
2000,Algeria,DZA,3553.32420521991,3.80000000158476,0.339163189071768,29.77,3.43339396144052,OTHER
2001,Algeria,DZA,3610.00605631983,2.99999999863043,4.22598834854673,27.3,3.52046284697011,OTHER
2002,Algeria,DZA,3754.66081538446,5.40000000000001,1.4183019234505,25.9,3.41471973103319,OTHER
2003,Algeria,DZA,3945.89816094007,6.50000000062043,4.268953958395,23.72,3.00262450946501,OTHER
2004,Algeria,DZA,4066.28204806495,4.49999999976698,3.96180030257187,17.65,3.04875701211848,OTHER
2005,Algeria,DZA,4223.60252133943,5.39999999969525,1.38244656662118,15.27,2.73228606749557,OTHER
2006,Algeria,DZA,4279.61547120827,2.89999999905852,2.31149918514423,12.27,2.51370691443586,OTHER
2007,Algeria,DZA,4339.25055772831,3.10000000128674,3.67899574741699,13.79,2.76932850304128,OTHER
2008,Algeria,DZA,4367.56538017541,2.49999999929371,4.85859062814938,11.33,2.86740578765417,OTHER
2009,Algeria,DZA,4336.10054052949,1.19999999969519,5.73706036145627,10.16,3.5129603834668,OTHER
2010,Algeria,DZA,4456.6102741643,4.80000000093564,3.91106195534028,9.96,3.18998154667367,OTHER
2011,Algeria,DZA,4501.3543013352,2.99999999941909,4.5242115050527,9.96,3.9628827473348,OTHER
2012,Algeria,DZA,4518.43978956464,2.40000000034432,8.89145091062317,10.97,4.10589825804389,OTHER
2013,Algeria,DZA,4543.23444006767,2.60000000061164,3.25423910998847,9.82,4.42382453876042,OTHER
2014,Algeria,DZA,4634.10149179952,4.09999999866501,2.91692692067458,10.207,4.96487829782902,OTHER
2015,Algeria,DZA,4685.05902729002,3.20000000089023,4.78444700693889,11.206,5.55074215961894,OTHER
2016,Algeria,DZA,4768.73140081027,3.90000000017621,6.39769480268756,10.202,5.65271835420787,OTHER
2017,Algeria,DZA,4742.90075532529,1.49999999895587,5.59111590961663,12.0,5.30711492252911,OTHER
2018,Algeria,DZA,4717.0035885361,1.40000000088281,4.26999020467083,12.112,4.92992700311609,OTHER
2019,Algeria,DZA,4672.66408678635,0.899999999219148,1.95176821052891,12.302,5.32695853750995,OTHER
2020,Algeria,DZA,4363.68533767783,-4.99999999908597,2.41513094083413,14.08,5.88614822110901,OTHER
2021,Algeria,DZA,4456.74687637774,3.79999999900707,7.22606307415477,13.656,4.89003270596997,OTHER
2022,Algeria,DZA,4544.46688060372,3.60000000094915,9.26551551551552,12.382,4.05748811460294,OTHER
2023,Algeria,DZA,4660.40545687895,4.10000000005964,9.32217375928322,11.645,7.39039327356489,OTHER
2024,Algeria,DZA,4765.72900168387,3.69999999907979,4.04611455313434,11.655,7.97145723551219,OTHER
2025,Algeria,DZA,,,,11.633,,OTHER
1990,East Asia & Pacific (excluding high income),EAP,1072.20234491906,5.15402586683464,,,2.3454435137765,OTHER
1991,East Asia & Pacific (excluding high income),EAP,1141.344864318,8.09512830095559,,2.41390623885303,2.27779437678698,OTHER
1992,East Asia & Pacific (excluding high income),EAP,1251.75930303382,11.251155610535,,2.38330583983105,2.32826368126509,OTHER
1993,East Asia & Pacific (excluding high income),EAP,1374.44174389569,11.3145299522452,,2.63468153816686,1.98985792929347,OTHER
1994,East Asia & Pacific (excluding high income),EAP,1504.55227228437,10.9490357666695,,2.93314445248657,1.87922215036841,OTHER
1995,East Asia & Pacific (excluding high income),EAP,1632.51403862926,9.93684679035269,,3.01646156806726,1.81868623546224,OTHER
1996,East Asia & Pacific (excluding high income),EAP,1758.6080996469,9.10639177797773,,3.12119458500169,1.75622424701026,OTHER
1997,East Asia & Pacific (excluding high income),EAP,1865.21033858016,7.39648272520486,,3.2129923203788,1.71834911557512,OTHER
1998,East Asia & Pacific (excluding high income),EAP,1898.55129175971,3.00364565702975,,3.38360539136196,1.63273320958967,OTHER
1999,East Asia & Pacific (excluding high income),EAP,1999.27722851845,6.45131824662897,,3.47870712039455,1.75199931414779,OTHER
2000,East Asia & Pacific (excluding high income),EAP,2132.39099441931,7.7287822942059,,3.43334970499077,1.67684847375646,OTHER
2001,East Asia & Pacific (excluding high income),EAP,2259.8145439145,6.9805706585587,,3.85578728070638,1.80108081580566,OTHER
2002,East Asia & Pacific (excluding high income),EAP,2422.47283050058,8.15516032067922,,4.16950098114092,1.85532433488518,OTHER
2003,East Asia & Pacific (excluding high income),EAP,2618.81249841519,9.02400838958573,,4.41684389931735,1.84616283163106,OTHER
2004,East Asia & Pacific (excluding high income),EAP,2835.24719161171,9.14914906890947,,4.41127089940087,1.78243736180334,OTHER
2005,East Asia & Pacific (excluding high income),EAP,3095.23156174672,10.0494089212275,,4.49019174546575,1.70039603635222,OTHER
2006,East Asia & Pacific (excluding high income),EAP,3410.67408690719,11.0703093286524,,4.3836448453094,1.67683620668993,OTHER
2007,East Asia & Pacific (excluding high income),EAP,3805.17838200242,12.4517668419081,,4.36462589942474,1.61195855454937,OTHER
2008,East Asia & Pacific (excluding high income),EAP,4102.12956719619,8.64882758953462,,4.44442036989862,1.58778575450048,OTHER
2009,East Asia & Pacific (excluding high income),EAP,4397.68279304561,8.01603787822019,,4.42509624520043,1.74962312263223,OTHER
2010,East Asia & Pacific (excluding high income),EAP,4797.24821906567,9.89795112070591,,4.16370037437203,1.59176109381713,OTHER
2011,East Asia & Pacific (excluding high income),EAP,5168.48039467882,8.58482682972522,,4.11479448813573,1.53360540539885,OTHER
2012,East Asia & Pacific (excluding high income),EAP,5511.82607552871,7.57914812749354,,4.05276045051969,1.59189601950992,OTHER
2013,East Asia & Pacific (excluding high income),EAP,5864.64068313952,7.31754182442093,,4.05506180796151,1.63002766733251,OTHER
2014,East Asia & Pacific (excluding high income),EAP,6225.65318734608,7.02297626347401,,4.05030843985024,1.64581629046109,OTHER
2015,East Asia & Pacific (excluding high income),EAP,6589.77076427462,6.6614246586106,,4.12458341898818,1.69458639528853,OTHER
2016,East Asia & Pacific (excluding high income),EAP,6966.47191689918,6.51009063718404,,4.04312471702124,1.67490913679837,OTHER
2017,East Asia & Pacific (excluding high income),EAP,7374.82622244547,6.66672230599954,,3.9216662036523,1.62513132242057,OTHER
2018,East Asia & Pacific (excluding high income),EAP,7806.58513374745,6.53713724894706,,3.81235265554938,1.58119135943445,OTHER
2019,East Asia & Pacific (excluding high income),EAP,8220.71036562156,5.88586101772283,,3.90432643103478,1.57952923878962,OTHER
2020,East Asia & Pacific (excluding high income),EAP,8293.69666986026,1.34522560098827,,4.36943697408605,1.67458268126847,OTHER
2021,East Asia & Pacific (excluding high income),EAP,8905.88464694349,7.71979646853711,,4.13328662810016,1.54215322765702,OTHER
2022,East Asia & Pacific (excluding high income),EAP,9200.23508783493,3.54811147025214,,4.23491194246921,1.55187367961865,OTHER
2023,East Asia & Pacific (excluding high income),EAP,9665.75975299647,5.25527986417276,,3.97712381690091,1.57750795899699,OTHER
2024,East Asia & Pacific (excluding high income),EAP,10128.2890911466,4.96144388249688,,3.91370991631764,1.62758828321556,OTHER
2025,East Asia & Pacific (excluding high income),EAP,,,,3.9178376117136,,OTHER
1990,Early-demographic dividend,EAR,1833.02641598647,5.08724414030328,,,3.57141213634861,OTHER
1991,Early-demographic dividend,EAR,1870.1460591802,4.41371859499459,,6.27795263088707,3.45806317151336,OTHER
1992,Early-demographic dividend,EAR,1904.90419036554,4.13478962931228,,6.34783715467962,3.07752566773176,OTHER
1993,Early-demographic dividend,EAR,1930.63581906637,3.52115794343888,,6.52253587521998,2.95213154034776,OTHER
1994,Early-demographic dividend,EAR,1955.90962793151,3.35242887561704,,6.75830009709217,2.77717674711149,OTHER
1995,Early-demographic dividend,EAR,1965.69754602451,2.52841199258209,,7.03393456293223,2.71995888846777,OTHER
1996,Early-demographic dividend,EAR,2035.27760511837,5.70696746674018,,6.88342868446174,2.60885174671882,OTHER
1997,Early-demographic dividend,EAR,2093.37412051897,4.97060838391243,,6.76187367957394,2.72801465802168,OTHER
1998,Early-demographic dividend,EAR,2101.6771873181,2.39170403989294,,6.86942892859097,2.77233862170272,OTHER
1999,Early-demographic dividend,EAR,2107.77394978639,2.22374938414885,,7.06616766110044,2.61975663398225,OTHER
2000,Early-demographic dividend,EAR,2158.87337673331,4.36773102019383,,7.07281148454185,2.5145221277718,OTHER
2001,Early-demographic dividend,EAR,2144.69783734624,1.20021645541037,,7.1563905809364,2.49961377109888,OTHER
2002,Early-demographic dividend,EAR,2143.67588181876,1.73460455798589,,7.39006412287729,2.46073620982764,OTHER
2003,Early-demographic dividend,EAR,2211.95868741619,4.97750125527547,,7.29621887458035,2.41529415924132,OTHER
2004,Early-demographic dividend,EAR,2312.5110972536,6.36558361842121,,7.18946151700737,2.35027914496305,OTHER
2005,Early-demographic dividend,EAR,2409.7524782084,5.97176811797237,,7.11332854467778,2.3196915214072,OTHER
2006,Early-demographic dividend,EAR,2515.60216032264,6.14128391149524,,6.88954096317128,2.23900999809364,OTHER
2007,Early-demographic dividend,EAR,2617.61581534939,5.76681812549049,,6.8238682430718,2.2323878912231,OTHER
2008,Early-demographic dividend,EAR,2666.11094569761,3.4867312426008,,6.76572719306619,2.21564632014826,OTHER
2009,Early-demographic dividend,EAR,2641.46036980411,0.646995041589022,,6.88223725605258,2.50929911793193,OTHER
2010,Early-demographic dividend,EAR,2766.88281699468,6.38102086180527,,6.69836499671353,2.29843682874406,OTHER
2011,Early-demographic dividend,EAR,2859.22240884783,4.95235981152089,,6.60736243902951,2.17403408319242,OTHER
2012,Early-demographic dividend,EAR,2935.95209151149,4.23032506652112,,6.70184146782176,2.26416134656599,OTHER
2013,Early-demographic dividend,EAR,3010.19886929379,4.03077677401174,,6.67711092742994,2.38353324920221,OTHER
2014,Early-demographic dividend,EAR,3087.28170907983,3.9857111534247,,6.61419058154874,2.55382594531241,OTHER
2015,Early-demographic dividend,EAR,3174.36962020929,4.24282022448061,,6.79324404164611,2.61118156180197,OTHER
2016,Early-demographic dividend,EAR,3261.99599812662,4.1362880546906,,6.7341480328496,2.40445869452777,OTHER
2017,Early-demographic dividend,EAR,3365.65570800725,4.48711135136755,,6.71806478492721,2.43179415217375,OTHER
2018,Early-demographic dividend,EAR,3444.80737958553,3.60797948282926,,6.77526130131479,2.3773939051556,OTHER
2019,Early-demographic dividend,EAR,3480.18904220698,2.26986665615696,,6.30970549335686,2.32551880042625,OTHER
2020,Early-demographic dividend,EAR,3290.1946903817,-4.30295004163713,,7.36417086549936,2.48939848447338,OTHER
2021,Early-demographic dividend,EAR,3500.20998909915,7.50999857340678,,6.74359581980053,2.24523459345173,OTHER
2022,Early-demographic dividend,EAR,3669.67144770881,6.0211900577017,,5.64296814018676,2.1353866818957,OTHER
2023,Early-demographic dividend,EAR,3793.52187314813,4.59507205032625,,5.11313521249178,2.2410056697285,OTHER
2024,Early-demographic dividend,EAR,3887.67750781635,3.66894359356229,,5.14376176238682,2.37700649723052,OTHER
2025,Early-demographic dividend,EAR,,,,5.15274599833717,,OTHER
1990,East Asia & Pacific,EAS,3713.30449655525,5.08586209559229,,,1.60479764643937,OTHER
1991,East Asia & Pacific,EAS,3839.36631304826,4.89960593153,,2.45960141823165,1.56366003463866,OTHER
1992,East Asia & Pacific,EAS,3950.40757207826,4.28055575052421,,2.45298512544046,1.57202128205071,OTHER
1993,East Asia & Pacific,EAS,4065.44901128898,4.24372190081594,,2.70801641148741,1.49207874887985,OTHER
1994,East Asia & Pacific,EAS,4225.96818735689,5.27325639243882,,2.97684115736109,1.4275559836912,OTHER
1995,East Asia & Pacific,EAS,4412.80345958709,5.71705419505545,,3.05225354598453,1.39274701165819,OTHER
1996,East Asia & Pacific,EAS,4606.31191089469,5.65663628691702,,3.16713936232141,1.42670876403971,OTHER
1997,East Asia & Pacific,EAS,4739.57000705492,4.10983108092348,,3.25632597864275,1.43844093433226,OTHER
1998,East Asia & Pacific,EAS,4709.85724935701,0.491547066001303,,3.54773877147608,1.40366897019469,OTHER
1999,East Asia & Pacific,EAS,4840.07824316971,3.81114222656306,,3.65945976901506,1.39261314797259,OTHER
2000,East Asia & Pacific,EAS,5056.47338479158,5.46046822047464,,3.56333033432491,1.3427405720996,OTHER
2001,East Asia & Pacific,EAS,5177.21850451068,3.31347260685814,,3.96606605575514,1.408011191415,OTHER
2002,East Asia & Pacific,EAS,5362.11003612717,4.44552675504879,,4.26557821608325,1.44436688283853,OTHER
2003,East Asia & Pacific,EAS,5585.29422036513,4.99196829478505,,4.47961803252938,1.44439449643612,OTHER
2004,East Asia & Pacific,EAS,5869.9841240498,5.8961192968507,,4.42980737625595,1.42421685310233,OTHER
2005,East Asia & Pacific,EAS,6173.52773117604,5.9566497873921,,4.47463469156014,1.43510293391457,OTHER
2006,East Asia & Pacific,EAS,6524.30999120138,6.47993129557409,,4.351012904116,1.4588797615226,OTHER
2007,East Asia & Pacific,EAS,6959.65968932647,7.48405766634296,,4.30429852915007,1.45683450969706,OTHER
2008,East Asia & Pacific,EAS,7213.51487084263,4.43315617318123,,4.38194930101755,1.46280611719091,OTHER
2009,East Asia & Pacific,EAS,7350.03477529475,2.62409609496959,,4.47420796985744,1.56843663734425,OTHER
2010,East Asia & Pacific,EAS,7855.36234558956,7.62675265966158,,4.22455076502669,1.47962024810177,OTHER
2011,East Asia & Pacific,EAS,8223.35669138572,5.45100196166661,,4.13091004622057,1.46169166315087,OTHER
2012,East Asia & Pacific,EAS,8581.48213952296,5.20891395964568,,4.0605301268473,1.48924122564334,OTHER
2013,East Asia & Pacific,EAS,8962.78821401788,5.27881586451304,,4.05303743028521,1.53629947609199,OTHER
2014,East Asia & Pacific,EAS,9321.66592840668,4.79835612587867,,4.02541580416077,1.57550839719904,OTHER
2015,East Asia & Pacific,EAS,9691.70576095155,4.7187640804806,,4.08987694775025,1.62515472293226,OTHER
2016,East Asia & Pacific,EAS,10071.8615358636,4.65562872024383,,4.00393781457677,1.59769584719241,OTHER
2017,East Asia & Pacific,EAS,10507.3446728598,5.0621276153982,,3.87456480348735,1.56823809326713,OTHER
2018,East Asia & Pacific,EAS,10945.0220958063,4.79489718189352,,3.75442452697159,1.55199809472897,OTHER
2019,East Asia & Pacific,EAS,11328.7206349245,4.04297018230737,,3.82442011949597,1.56478466475024,OTHER
2020,East Asia & Pacific,EAS,11276.053700591,-0.0574924656287692,,4.29658340250273,1.64863456713969,OTHER
2021,East Asia & Pacific,EAS,11962.7375119887,6.34482611371077,,4.06219092494547,1.57400583706177,OTHER
2022,East Asia & Pacific,EAS,12298.2762533191,2.9996184966993,,4.10032254258298,1.57721029626587,OTHER
2023,East Asia & Pacific,EAS,12789.571638276,4.20566738267351,,3.86187012642211,1.62737855960372,OTHER
2024,East Asia & Pacific,EAS,13252.7558734185,3.79010550023051,,3.80594017324633,1.69618760362993,OTHER
2025,East Asia & Pacific,EAS,,,,3.80585541446833,,OTHER
1990,Europe & Central Asia (excluding high income),ECA,3553.12386439712,2.77233713072533,,,,OTHER
1991,Europe & Central Asia (excluding high income),ECA,3355.3680290883,-4.6784389988926,,4.47175276094931,,OTHER
1992,Europe & Central Asia (excluding high income),ECA,3169.42443840076,-4.70427685198244,,5.26992299704434,,OTHER
1993,Europe & Central Asia (excluding high income),ECA,3085.36007170421,-2.02629044115966,,5.93307208181572,2.78981515888325,OTHER
1994,Europe & Central Asia (excluding high income),ECA,2765.08406029633,-9.98827503647678,,7.15598913122265,3.1519130816916,OTHER
1995,Europe & Central Asia (excluding high income),ECA,2781.3425228623,0.956432561461227,,8.5598066611286,3.30065039806163,OTHER
1996,Europe & Central Asia (excluding high income),ECA,2875.76146696821,3.82112626431253,,9.94996550467078,3.48100527183686,OTHER
1997,Europe & Central Asia (excluding high income),ECA,3023.70937538212,5.47077160684049,,10.123820205318,3.59434628210806,OTHER
1998,Europe & Central Asia (excluding high income),ECA,3079.57752722172,2.05104595213082,,11.0176037980024,2.93884811062767,OTHER
1999,Europe & Central Asia (excluding high income),ECA,3038.00064003378,-1.13414638136663,,11.3939211887159,3.33340672022532,OTHER
2000,Europe & Central Asia (excluding high income),ECA,3231.4170375726,6.80979345894985,,10.7462183942089,3.23280777267673,OTHER
2001,Europe & Central Asia (excluding high income),ECA,3219.6524005977,0.0684525462293379,,10.6408534193536,3.03757682767826,OTHER
2002,Europe & Central Asia (excluding high income),ECA,3410.62468197803,6.39740464893519,,10.702874375174,3.16997586619783,OTHER
2003,Europe & Central Asia (excluding high income),ECA,3619.89726149943,6.6171884917037,,10.290974644155,2.83081949005236,OTHER
2004,Europe & Central Asia (excluding high income),ECA,3949.57993189741,9.60702365632842,,10.1363077374344,2.43392315861634,OTHER
2005,Europe & Central Asia (excluding high income),ECA,4268.51101428285,8.53515428264136,,9.62072328847468,2.2710194699141,OTHER
2006,Europe & Central Asia (excluding high income),ECA,4598.69648089427,8.24539310699477,,9.15632666629247,2.2610703460553,OTHER
2007,Europe & Central Asia (excluding high income),ECA,4915.72250440104,7.17892729068129,,8.61312246579108,2.24562311990509,OTHER
2008,Europe & Central Asia (excluding high income),ECA,5034.07810862034,3.09419077627324,,8.58123430648126,2.18447735788335,OTHER
2009,Europe & Central Asia (excluding high income),ECA,4821.30871859383,-3.49665461735418,,10.1856136243961,2.32139248483544,OTHER
2010,Europe & Central Asia (excluding high income),ECA,5123.22527224197,7.12596948217272,,9.54059516043394,2.13489485029622,OTHER
2011,Europe & Central Asia (excluding high income),ECA,5504.86405202366,8.32799694953145,,8.88391871872232,1.98032286420786,OTHER
2012,Europe & Central Asia (excluding high income),ECA,5682.17981048522,4.06057081666241,,8.60097981057875,1.99047630761363,OTHER
2013,Europe & Central Asia (excluding high income),ECA,6000.41396490137,6.51713885377283,,8.56358395138192,1.93413994204699,OTHER
2014,Europe & Central Asia (excluding high income),ECA,6136.90314013434,3.18257259715766,,8.96073635337147,1.92110005733759,OTHER
2015,Europe & Central Asia (excluding high income),ECA,6291.45594655745,3.4161267268946,,8.9610543144391,1.95105424953181,OTHER
2016,Europe & Central Asia (excluding high income),ECA,6409.4471148702,2.78383354652405,,9.03756351375215,2.03805868742628,OTHER
2017,Europe & Central Asia (excluding high income),ECA,6736.23791731628,6.00300899758489,,8.94336027365094,1.97296366341493,OTHER
2018,Europe & Central Asia (excluding high income),ECA,6930.30071694301,3.76177122621912,,8.61159005290134,2.31826257954034,OTHER
2019,Europe & Central Asia (excluding high income),ECA,7046.99611203784,2.5819078238094,,9.11807057814077,2.4921667192501,OTHER
2020,Europe & Central Asia (excluding high income),ECA,7016.36291211506,0.276088024593605,,9.26814225066228,2.30965654216112,OTHER
2021,Europe & Central Asia (excluding high income),ECA,7621.34511041877,9.28042104515386,,8.95407922243149,2.0256774720535,OTHER
2022,Europe & Central Asia (excluding high income),ECA,7898.44899906048,3.07901753477167,,7.71538545377934,3.93238176752492,OTHER
2023,Europe & Central Asia (excluding high income),ECA,8356.07726564962,5.03672042034297,,7.17966785115489,4.89734603224103,OTHER
2024,Europe & Central Asia (excluding high income),ECA,8634.68709000162,3.9823947129598,,6.90392605245375,4.60291712507271,OTHER
2025,Europe & Central Asia (excluding high income),ECA,,,,6.83346297049418,,OTHER
1990,Europe & Central Asia,ECS,15930.5488310998,2.30270558539945,,,2.60004132108141,OTHER
1991,Europe & Central Asia,ECS,15883.372997186,0.16141809320149,,6.89908680494163,2.46189684054447,OTHER
1992,Europe & Central Asia,ECS,15725.1060523457,-0.588940494713881,,7.50363987800311,2.43816696693035,OTHER
1993,Europe & Central Asia,ECS,15572.7351063926,-0.633345157903491,,8.65755617021955,2.32561903768653,OTHER
1994,Europe & Central Asia,ECS,15751.5595432543,1.40490993056328,,9.65148359317699,2.24712628718441,OTHER
1995,Europe & Central Asia,ECS,16084.1669113582,2.32351151202681,,9.9311190228704,2.03756507529665,OTHER
1996,Europe & Central Asia,ECS,16345.3866972697,1.80955320967729,,10.2686228030506,2.01033911164076,OTHER
1997,Europe & Central Asia,ECS,16825.864139911,3.09035472082593,,10.5181612217563,2.02219065777857,OTHER
1998,Europe & Central Asia,ECS,17239.6311482068,2.5758562475573,,10.6928774380072,1.89443880712085,OTHER
1999,Europe & Central Asia,ECS,17719.5449197877,2.90156722904513,,10.5851773676979,1.87720946602542,OTHER
2000,Europe & Central Asia,ECS,18477.5285403386,4.40863983120383,,9.68483091902418,1.85722542018748,OTHER
2001,Europe & Central Asia,ECS,18863.273716802,2.22899478180145,,9.0564200675213,1.82760043509707,OTHER
2002,Europe & Central Asia,ECS,19121.7872126142,1.56278535307663,,9.07870920871455,1.84726665555719,OTHER
2003,Europe & Central Asia,ECS,19419.6815424207,1.82628001807387,,9.11346744115473,1.8319930303397,OTHER
2004,Europe & Central Asia,ECS,19978.690365054,3.17874600502029,,9.05651425282142,1.79094743850565,OTHER
2005,Europe & Central Asia,ECS,20464.4783927706,2.72418898336035,,8.7318165816003,1.76070936819606,OTHER
2006,Europe & Central Asia,ECS,21196.6642243836,3.88577021359424,,8.17297527475334,1.72505062798273,OTHER
2007,Europe & Central Asia,ECS,21916.8468708201,3.69073242253705,,7.24696438985174,1.70169525544983,OTHER
2008,Europe & Central Asia,ECS,22052.0918924998,1.02477232584393,,7.16897078667497,1.72668527984486,OTHER
2009,Europe & Central Asia,ECS,20991.3574844148,-4.43157190260722,,9.05895187341577,1.8252190637214,OTHER
2010,Europe & Central Asia,ECS,21465.351630475,2.63232144281702,,9.11732766770857,1.76813816424768,OTHER
2011,Europe & Central Asia,ECS,21915.6417726438,2.32913438295796,,8.8511592613399,1.71946693772579,OTHER
2012,Europe & Central Asia,ECS,21898.7575895315,0.315139388356457,,9.07096034933149,1.76531399103805,OTHER
2013,Europe & Central Asia,ECS,22004.7529248863,0.864284116119634,,9.26791470889925,1.73054348064907,OTHER
2014,Europe & Central Asia,ECS,22338.7450304311,1.93001148495549,,8.94531748737116,1.69565348693862,OTHER
2015,Europe & Central Asia,ECS,22702.8228380066,2.07593452180188,,8.55822892785091,1.67456464837656,OTHER
2016,Europe & Central Asia,ECS,23032.6152966065,1.90557078805695,,8.07810584353711,1.6873625117297,OTHER
2017,Europe & Central Asia,ECS,23622.7656806191,2.9545404517369,,7.48553527599582,1.63658859455952,OTHER
2018,Europe & Central Asia,ECS,24037.6040282064,2.1590240838548,,6.87753387966177,1.63078367596392,OTHER
2019,Europe & Central Asia,ECS,24389.8062444924,1.82337861520314,,6.62368420554511,1.69101267520448,OTHER
2020,Europe & Central Asia,ECS,23034.1354718301,-5.38089471565053,,7.09506699474453,1.81764967354245,OTHER
2021,Europe & Central Asia,ECS,24581.3075426451,6.79965905280591,,6.90008993267541,1.73122322956238,OTHER
2022,Europe & Central Asia,ECS,25418.8606318264,3.39087777130356,,5.8461378752333,1.99794983821245,OTHER
2023,Europe & Central Asia,ECS,25669.8654521598,1.04637480733759,,5.5524628481626,2.2099965441953,OTHER
2024,Europe & Central Asia,ECS,25973.9053281236,1.56624845618092,,5.37193076650132,2.51341069640046,OTHER
2025,Europe & Central Asia,ECS,,,,5.35763709810189,,OTHER
1990,Ecuador,ECU,3919.71758067093,3.67991405308877,48.5191129963729,,1.35122222907748,B
1991,Ecuador,ECU,4000.56819787678,4.29134246404705,48.718080675219,4.371,1.27147161976289,B
1992,Ecuador,ECU,4000.03146191686,2.11431064978969,54.6078215093596,4.333,1.21330539339896,B
1993,Ecuador,ECU,3996.99377481811,1.97321813678619,44.9550537592163,4.403,1.5053435537415,B
1994,Ecuador,ECU,4087.34069011974,4.25825042741626,27.3108817940495,4.409,1.31569135777556,B
1995,Ecuador,ECU,4100.68735341031,2.25254865225104,22.9341344145802,4.408,1.98760353101763,B
1996,Ecuador,ECU,4093.84154476335,1.73174762607862,24.4114592150674,4.422,1.6897249235818,B
1997,Ecuador,ECU,4192.85523208483,4.32786475767577,30.6575675722172,4.424,1.8110665611487,B
1998,Ecuador,ECU,4252.04348649475,3.26652934570988,36.0984331623885,4.389,2.01895367462851,B
1999,Ecuador,ECU,3979.19293611513,-4.73938585363382,52.2420051858225,4.656,1.55598240646013,B
2000,Ecuador,ECU,3953.39879728357,1.09180164720277,96.0963756926096,4.8,1.51733948117752,B
2001,Ecuador,ECU,4049.0001889951,4.20627185748789,37.6767454518094,4.252,1.66039298461832,B
2002,Ecuador,ECU,4174.89793579965,4.92809549611376,12.4835980082094,4.825,1.86662346180863,B
2003,Ecuador,ECU,4220.21298466638,2.88450036512064,7.92936487461555,5.662,2.38654946619875,B
2004,Ecuador,ECU,4430.23717984188,6.83239736646514,2.74323198926704,5.002,2.01733501271599,B
2005,Ecuador,ECU,4589.32849203452,5.39862243994342,2.1682770118372,3.779,2.36848865849083,B
2006,Ecuador,ECU,4706.98056823816,4.34113198577639,3.29874846258215,3.55,2.07919490158198,B
2007,Ecuador,ECU,4715.30359842555,1.90242859700484,2.27618478002121,3.142,2.62795079870115,B
2008,Ecuador,ECU,4939.90215021789,6.56492068224719,8.40009593987462,3.917,2.6922066648737,B
2009,Ecuador,ECU,4909.33681705683,1.0910129698311,5.15996829181047,4.608,3.24319951406484,B
2010,Ecuador,ECU,5022.20374387205,4.02913787986621,3.55437734567842,4.088,3.07257396611835,B
2011,Ecuador,ECU,5359.45724615639,8.48147656332823,4.4745326579584,3.458,3.10647440690889,B
2012,Ecuador,ECU,5579.85624282158,5.783212336172,5.10172180958665,3.235,2.95181465866835,B
2013,Ecuador,ECU,5893.32172683036,7.21123653679159,2.72177577710371,3.083,2.83298697009902,B
2014,Ecuador,ECU,6055.04172761485,4.22606520388456,3.58922016616663,3.48,2.71279094772759,B
2015,Ecuador,ECU,5976.1596805651,0.119692109287612,3.96664623255357,3.616,2.6720726618256,B
2016,Ecuador,ECU,5849.13587933672,-0.687954245877947,1.72826463324532,4.597,2.57311675623471,B
2017,Ecuador,ECU,6104.27253521751,5.97039880954841,0.417335588666824,3.836,2.35738419773924,B
2018,Ecuador,ECU,6063.0956178776,1.04429460679607,-0.224103246005552,3.53,2.37199911152844,B
2019,Ecuador,ECU,5971.38938386723,0.1654044646003,0.266012515466155,3.812,2.18038189769994,B
2020,Ecuador,ECU,5355.68934196443,-9.24509619165865,-0.338872392562139,6.116,2.45792351121034,B
2021,Ecuador,ECU,5815.09477390949,9.42189269033631,0.133251386096389,4.504,2.24210709535338,B
2022,Ecuador,ECU,6107.49495006543,5.86842354862311,3.46616972213076,3.713,2.21851529975547,B
2023,Ecuador,ECU,6174.81822806637,1.98823813984235,2.21568764237058,3.51,2.2651385614971,B
2024,Ecuador,ECU,5999.39391066593,-2.00125476341026,1.54732515615369,3.453,2.22194770434425,B
2025,Ecuador,ECU,,,,3.308,,B
1990,"Egypt, Arab Rep.",EGY,1972.13789303215,5.66702915715818,16.7563747077691,,3.4676995357893,OTHER
1991,"Egypt, Arab Rep.",EGY,1940.10019358455,1.12540459520747,19.7485448195578,9.38,3.61174470420041,OTHER
1992,"Egypt, Arab Rep.",EGY,1979.02010131221,4.47285918408184,13.6374241717218,8.92,3.21550063172359,OTHER
1993,"Egypt, Arab Rep.",EGY,1989.9792002068,2.90079079959442,12.0897922868977,10.92,3.09773699249923,OTHER
1994,"Egypt, Arab Rep.",EGY,2024.95373805139,3.97317218034541,8.15423128587096,10.93,3.15393465100637,OTHER
1995,"Egypt, Arab Rep.",EGY,2074.8399114013,4.64245877240639,15.7422305021595,11.04,3.08203623414837,OTHER
1996,"Egypt, Arab Rep.",EGY,2133.64804177125,4.98873056512208,7.18710369719992,9.0,2.97481186979645,OTHER
1997,"Egypt, Arab Rep.",EGY,2204.66575942323,5.49235474302942,4.62560578826438,8.37,2.84148521846447,OTHER
1998,"Egypt, Arab Rep.",EGY,2277.28504834543,5.575497460986,3.87257546427489,8.03,2.65938329094369,OTHER
1999,"Egypt, Arab Rep.",EGY,2361.86425101237,6.05343878467555,3.07949912638332,7.95,2.56976747814276,OTHER
2000,"Egypt, Arab Rep.",EGY,2458.60835003016,6.37000382991766,2.68380535348546,8.98,2.55126513982739,OTHER
2001,"Egypt, Arab Rep.",EGY,2492.03441188721,3.53525197391507,2.26975720475955,9.26,2.98556856033807,OTHER
2002,"Egypt, Arab Rep.",EGY,2498.48121191713,2.39020402573726,2.73723855000334,10.01,3.27845479650374,OTHER
2003,"Egypt, Arab Rep.",EGY,2524.80477192682,3.19345473739745,4.50777636319303,10.91,3.17728527009726,OTHER
2004,"Egypt, Arab Rep.",EGY,2574.42341789124,4.0920716112534,11.2706193320519,10.32,2.87753123653597,OTHER
2005,"Egypt, Arab Rep.",EGY,2635.70305227819,4.47174447174434,4.86939696871988,11.049,2.71422040657605,OTHER
2006,"Egypt, Arab Rep.",EGY,2761.62410769792,6.84383819379117,7.64452644526434,10.49,2.60621860261331,OTHER
2007,"Egypt, Arab Rep.",EGY,2902.06559804963,7.08782742681038,9.31896905799229,8.8,2.37963467509709,OTHER
2008,"Egypt, Arab Rep.",EGY,3052.21297844721,7.15628356605819,18.3168316831684,8.517,2.18078548537016,OTHER
2009,"Egypt, Arab Rep.",EGY,3135.09661303014,4.67359979952391,11.7634954386443,9.087,2.03264504307225,OTHER
2010,"Egypt, Arab Rep.",EGY,3233.84521246786,5.1472348575531,11.2651882653185,8.757,1.95296705174529,OTHER
2011,"Egypt, Arab Rep.",EGY,3222.37650111856,1.7645719489982,10.0649259874818,11.849,1.83702551137618,OTHER
2012,"Egypt, Arab Rep.",EGY,3220.99194203067,2.22619979863525,7.11172943343082,12.597,1.64817579267929,OTHER
2013,"Egypt, Arab Rep.",EGY,3216.3783902629,2.18546605362143,9.4697198106492,13.154,1.61005697699419,OTHER
2014,"Egypt, Arab Rep.",EGY,3235.66246235257,2.91591187985748,10.0702154687481,13.105,1.68969483568075,OTHER
2015,"Egypt, Arab Rep.",EGY,3306.98159414141,4.37201907790141,10.370490343517,13.052,1.72314742829085,OTHER
2016,"Egypt, Arab Rep.",EGY,3381.22246306207,4.34664345555447,13.8136062148289,12.45,1.66660515243227,OTHER
2017,"Egypt, Arab Rep.",EGY,3452.90961245539,4.18122099994778,29.5066083940038,11.767,1.42203170028818,OTHER
2018,"Egypt, Arab Rep.",EGY,3568.63966286161,5.3311086189448,14.4014657807421,9.855,1.24996619642133,OTHER
2019,"Egypt, Arab Rep.",EGY,3701.2446345188,5.55209307156956,9.15279959324803,7.851,1.18097179684711,OTHER
2020,"Egypt, Arab Rep.",EGY,3770.86947867421,3.55016483786838,5.04493288977538,7.974,1.12247550332399,OTHER
2021,"Egypt, Arab Rep.",EGY,3837.31992324447,3.29064601202211,5.21404940513042,7.441,1.12200927143154,OTHER
2022,"Egypt, Arab Rep.",EGY,4029.78295457978,6.58784560886967,13.8956609775177,6.546,1.01475596559521,OTHER
2023,"Egypt, Arab Rep.",EGY,4111.3118478995,3.76028052279247,33.8847763115546,6.753,0.808918707093165,OTHER
2024,"Egypt, Arab Rep.",EGY,4137.60929232898,2.3991692678251,28.2705899322082,6.817,0.665263620234986,OTHER
2025,"Egypt, Arab Rep.",EGY,,,,6.781,,OTHER
1990,Euro area,EMU,25547.4550182017,3.59125766124586,,,2.36150519108044,OTHER
1991,Euro area,EMU,26042.413357529,2.36339610868586,,8.31633202176857,2.16461571115558,OTHER
1992,Euro area,EMU,26224.3295746237,1.12209067760165,,8.93072986689998,2.06308526580403,OTHER
1993,Euro area,EMU,25938.6789978624,-0.682682169925428,,10.691650859096,2.00235472212117,OTHER
1994,Euro area,EMU,26510.6892500885,2.51527168695237,,11.7377677754957,1.92501138211828,OTHER
1995,Euro area,EMU,27099.1469106052,2.46938801978264,,11.4189986140193,1.79440944071278,OTHER
1996,Euro area,EMU,27506.4528209062,1.74279875100405,,11.6258748533766,1.77850788952269,OTHER
1997,Euro area,EMU,28202.1804567058,2.76386635331764,,11.6224406312296,1.74195008548547,OTHER
1998,Euro area,EMU,28988.2958059514,3.00046427355869,,11.205669738695,1.69384961813731,OTHER
1999,Euro area,EMU,29786.7598526447,3.00994305317883,,10.4542821601684,1.67346251937533,OTHER
2000,Euro area,EMU,30853.1385054093,3.90141358203564,,9.47321124385057,1.63607838026138,OTHER
2001,Euro area,EMU,31423.952566199,2.18509855153397,,8.41956121583543,1.58693410780858,OTHER
2002,Euro area,EMU,31566.1273129298,0.946766858097888,,8.68085523881314,1.57262118907315,OTHER
2003,Euro area,EMU,31628.9508530599,0.75319113715031,,9.0218414865169,1.56875823053387,OTHER
2004,Euro area,EMU,32179.5603833867,2.31187462582069,,9.2907687105215,1.55255882495822,OTHER
2005,Euro area,EMU,32577.2810721025,1.77166717086934,,9.15007509419852,1.51234140108396,OTHER
2006,Euro area,EMU,33499.6140523812,3.32457136193729,,8.42956606287314,1.46290921508275,OTHER
2007,Euro area,EMU,34325.8913160023,3.01116848351764,,7.53715996964668,1.42080684215025,OTHER
2008,Euro area,EMU,34294.4150107331,0.410531246374063,,7.54425138527358,1.45832933918964,OTHER
2009,Euro area,EMU,32645.5191413239,-4.48276627207102,,9.63334626391305,1.54388115747432,OTHER
2010,Euro area,EMU,33252.3689886555,2.11823129195227,,10.1740194070287,1.47004362471431,OTHER
2011,Euro area,EMU,33906.6275617053,1.7775447306567,,10.2604549448738,1.40781623434091,OTHER
2012,Euro area,EMU,33522.1754688076,-0.920856755560266,,11.4157094775581,1.40493853712464,OTHER
2013,Euro area,EMU,33413.4989986022,-0.166724880410968,,11.9997144514046,1.35282855395381,OTHER
2014,Euro area,EMU,33841.6103940756,1.45587546223307,,11.6246613617345,1.31490928118966,OTHER
2015,Euro area,EMU,34471.1747135027,2.14365367393994,,10.881412988039,1.29155051382122,OTHER
2016,Euro area,EMU,34995.0723160118,1.80158112775391,,10.0320372944587,1.30349072847813,OTHER
2017,Euro area,EMU,35842.3298274979,2.62262590499378,,9.06848085645283,1.30800075810062,OTHER
2018,Euro area,EMU,36369.0726205231,1.77991130879937,,8.145745207482,1.32239103321587,OTHER
2019,Euro area,EMU,36891.7993038494,1.62263181033828,,7.50763908569826,1.34925151599682,OTHER
2020,Euro area,EMU,34608.4614772745,-6.05674425052126,,7.83444210222942,1.51536598889819,OTHER
2021,Euro area,EMU,36812.8039945725,6.43713755486188,,7.74091996942336,1.48316739631307,OTHER
2022,Euro area,EMU,38051.0445374525,3.6592192433758,,6.77735729230381,1.49976607903452,OTHER
2023,Euro area,EMU,38060.382262715,0.473405522226571,,6.56284141881272,1.55505360498989,OTHER
2024,Euro area,EMU,38254.4232216366,0.911910157337687,,6.38633268588582,1.74397480767038,OTHER
2025,Euro area,EMU,,,,6.33138964349225,,OTHER
1991,Eritrea,ERI,,,,5.129,,OTHER
1992,Eritrea,ERI,642.072233527209,,,5.297,,OTHER
1993,Eritrea,ERI,705.988405158037,13.4547625007102,,5.387,21.3291139240506,OTHER
1994,Eritrea,ERI,829.915037227268,21.2214111876814,,5.446,12.7159420289855,OTHER
1995,Eritrea,ERI,806.702995328956,2.8583790589487,,5.349,19.5391124143288,OTHER
1996,Eritrea,ERI,838.660572635214,9.25883856340832,,5.31,20.3448190649491,OTHER
1997,Eritrea,ERI,895.033773452053,7.90868457794079,,5.4,11.8604149677876,OTHER
1998,Eritrea,ERI,899.082974199102,1.77258309100318,,5.501,32.4970666110039,OTHER
1999,Eritrea,ERI,886.053679218386,0.0134800959108077,,5.604,34.3777684538841,OTHER
2000,Eritrea,ERI,845.132430060544,-3.14198590251638,,5.656,32.6556711938037,OTHER
2001,Eritrea,ERI,893.268735439193,8.75543552816325,,5.74,22.1367915582472,OTHER
2002,Eritrea,ERI,889.009113592982,3.0054291917378,,5.794,20.6718783563252,OTHER
2003,Eritrea,ERI,830.379672282601,-2.65551592487554,,5.79,20.8657453093811,OTHER
2004,Eritrea,ERI,808.591420184592,1.45173556595506,,5.704,,OTHER
2005,Eritrea,ERI,809.794793468889,2.57444955124846,,5.721,,OTHER
2006,Eritrea,ERI,789.402432018085,-0.969217110711355,,5.707,,OTHER
2007,Eritrea,ERI,789.072701743247,1.42682221120323,,5.719,,OTHER
2008,Eritrea,ERI,693.398874212494,-9.78303001782456,,5.683,,OTHER
2009,Eritrea,ERI,702.430936480778,3.8765015275421,,5.757,,OTHER
2010,Eritrea,ERI,703.877374381654,2.19419034888082,,5.854,,OTHER
2011,Eritrea,ERI,751.374899794668,8.67980010138049,,5.801,,OTHER
2012,Eritrea,ERI,,,,5.692,,OTHER
2013,Eritrea,ERI,,,,5.624,,OTHER
2014,Eritrea,ERI,,,,5.637,,OTHER
2015,Eritrea,ERI,,,,5.751,,OTHER
2016,Eritrea,ERI,,,,5.772,,OTHER
2017,Eritrea,ERI,,,,5.804,,OTHER
2018,Eritrea,ERI,,,,5.756,,OTHER
2019,Eritrea,ERI,,,,5.812,,OTHER
2020,Eritrea,ERI,,,,6.375,,OTHER
2021,Eritrea,ERI,,,,6.489,,OTHER
2022,Eritrea,ERI,,,,6.033,,OTHER
2023,Eritrea,ERI,,,,5.909,,OTHER
2024,Eritrea,ERI,,,,5.947,,OTHER
2025,Eritrea,ERI,,,,5.978,,OTHER
1990,Spain,ESP,19174.77083233,3.7813935513235,6.72181952228656,,2.29330520898016,OTHER
1991,Spain,ESP,19612.9766041957,2.54600049647455,5.93421344335924,15.929,2.12919223112803,OTHER
1992,Spain,ESP,19698.51176766,0.929215482921151,5.92453126228489,17.697,2.04280367601027,OTHER
1993,Spain,ESP,19394.4931411816,-1.03149183695307,4.56907173681813,22.156,2.0118717370405,OTHER
1994,Spain,ESP,19762.3886289154,2.38319537908909,4.71841373967329,24.209,2.00133740218861,OTHER
1995,Spain,ESP,20217.9031940372,2.75749400293542,4.67380337624704,22.675,1.91702239465122,OTHER
1996,Spain,ESP,20658.8402775701,2.60741117110229,3.55884559338557,22.142,1.81443901615473,OTHER
1997,Spain,ESP,21310.4311888986,3.58729972356299,1.97107395582926,20.698,1.72281567944182,OTHER
1998,Spain,ESP,22135.4045018802,4.30197745333581,1.83432999908409,18.673,1.75731994886122,OTHER
1999,Spain,ESP,23017.838771323,4.40886545305924,2.31034813987067,15.475,1.75523458900652,OTHER
2000,Spain,ESP,24106.8818529374,5.20064125553942,3.43351563418766,13.785,1.72551798839458,OTHER
2001,Spain,ESP,24878.3784543991,3.91908880808811,3.58983413338112,10.348,1.62958403293614,OTHER
2002,Spain,ESP,25205.3154769045,2.75545611564098,3.06565685902219,11.146,1.45597370162444,OTHER
2003,Spain,ESP,25481.1653690112,2.9392895953076,3.03888839396655,11.283,1.42254439300681,OTHER
2004,Spain,ESP,25825.3106463315,3.1145314799161,3.03924881090924,11.09,1.43022117967926,OTHER
2005,Spain,ESP,26294.447384391,3.5512255846125,3.36881409750383,9.146,1.38717775355122,OTHER
2006,Spain,ESP,26899.0921497113,4.04343515605099,3.51557576832128,8.452,1.37000746147478,OTHER
2007,Spain,ESP,27338.79541774,3.53350013165972,2.78679745804945,8.232,1.36310631227691,OTHER
2008,Spain,ESP,27112.526293889,0.767165748290694,4.07534335957339,11.254,1.36762048450666,OTHER
2009,Spain,ESP,25860.8142592652,-3.76813306940053,-0.28781308353524,17.857,1.35835383696039,OTHER
2010,Spain,ESP,25766.2515825743,0.0941223116369514,1.79986457728768,19.86,1.3816644927099,OTHER
2011,Spain,ESP,25510.5579678829,-0.639920636520344,3.1961018883379,21.39,1.32573618168037,OTHER
2012,Spain,ESP,24763.568274484,-2.86511368637748,2.44612782366808,24.789,1.41695174735802,OTHER
2013,Spain,ESP,24498.5559507945,-1.42732224757626,1.40858109183018,26.094,1.26618872678062,OTHER
2014,Spain,ESP,24947.8512505913,1.52048593647231,-0.151114837527234,24.441,1.24625944103127,OTHER
2015,Spain,ESP,25982.4416197775,4.06086672473866,-0.500365709903242,22.057,1.25969265356283,OTHER
2016,Spain,ESP,26719.2442268615,2.91515598595787,-0.202598000426452,19.635,1.12848106845526,OTHER
2017,Spain,ESP,27426.281015093,2.89604207865007,1.95607633363963,17.224,1.22211082849583,OTHER
2018,Spain,ESP,27956.7225466484,2.39541124478878,1.6749813686379,15.255,1.24562475871831,OTHER
2019,Spain,ESP,28301.4393949563,1.96117850841711,0.699518994458738,14.104,1.22464525288942,OTHER
2020,Spain,ESP,25077.019882928,-10.9400706350371,-0.322753017299739,15.532,1.35429599703865,OTHER
2021,Spain,ESP,26705.3629138959,6.68314420473001,3.09313511976419,14.914,1.33768901652321,OTHER
2022,Spain,ESP,28203.1093419474,6.37031712129601,8.39057634118626,13.033,1.4055469125943,OTHER
2023,Spain,ESP,28558.6319817501,2.46085796805582,3.53236133492432,12.179,1.4715775760116,OTHER
2024,Spain,ESP,29245.2192451729,3.45525405630191,2.77417826534772,11.4,1.43210737406914,OTHER
2025,Spain,ESP,,,,10.376,,OTHER
1990,Estonia,EST,9341.22561480009,,,,,OTHER
1991,Estonia,EST,8637.20598149255,-7.99984359444035,,1.468,,OTHER
1992,Estonia,EST,6934.17066642789,-21.1686562081087,,3.681,,OTHER
1993,Estonia,EST,6706.56000129024,-5.7404942203392,89.8119490277274,6.544,0.761751960945642,OTHER
1994,Estonia,EST,6738.99914418874,-1.64242462249874,47.6546906187628,7.561,1.04163027365878,OTHER
1995,Estonia,EST,7170.94607721168,4.52668179218811,28.7766137208513,9.659,0.930586008373083,OTHER
1996,Estonia,EST,7637.25708286963,4.94301226131752,23.0503433495169,9.915,0.866311409441128,OTHER
1997,Estonia,EST,8732.99085657194,13.0500207047869,10.5818789322146,10.369,1.02886453383652,OTHER
1998,Estonia,EST,9199.93534127632,4.33982761193587,8.20833333333297,9.51,1.05677341127574,OTHER
1999,Estonia,EST,9133.89593384355,-0.425025372086623,3.29611089718909,11.573,1.28040294601413,OTHER
2000,Estonia,EST,10006.7696280939,10.0876385800462,4.01848952508763,13.36,1.37613232122576,OTHER
2001,Estonia,EST,10662.9455020331,5.88074589534277,5.74827981651373,13.134,1.50097699373087,OTHER
2002,Estonia,EST,11474.6622721923,6.93300082616575,3.57191270164026,10.026,1.65626054354887,OTHER
2003,Estonia,EST,12424.0441535693,7.59630181032645,1.33499116549955,11.288,1.73550917444736,OTHER
2004,Estonia,EST,13348.5284463324,6.80070110758655,3.04811107523416,10.248,1.68718221150394,OTHER
2005,Estonia,EST,14703.6179707772,9.52305386462066,4.07971423199848,8.033,1.44977185113693,OTHER
2006,Estonia,EST,16234.5152041417,9.76257131206653,4.43762042389213,5.915,1.38733380120574,OTHER
2007,Estonia,EST,17543.4661785723,7.57091879311882,6.60132603055637,4.592,1.65723646617002,OTHER
2008,Estonia,EST,16688.997772178,-5.12531154308803,10.3623580313682,5.455,1.76710636308365,OTHER
2009,Estonia,EST,14274.8511086787,-14.6302225427906,-0.0784083112809768,13.548,1.79897241682054,OTHER
2010,Estonia,EST,14657.939813612,2.4497502063999,2.97204512015693,16.707,1.70034915217706,OTHER
2011,Estonia,EST,15820.922342204,7.60697458913162,4.9819013145361,12.328,1.67245488569073,OTHER
2012,Estonia,EST,16460.6843479001,3.67201872506541,3.93339987296985,10.021,1.87984897526434,OTHER
2013,Estonia,EST,16809.5326683781,1.75649379621869,2.78056658954987,8.631,1.88381591331462,OTHER
2014,Estonia,EST,17413.6867560212,3.32278988182702,-0.106175146521709,7.352,1.89535477779564,OTHER
2015,Estonia,EST,17722.1557669523,1.83815262882932,-0.49232600654737,6.412,1.98944501754528,OTHER
2016,Estonia,EST,18264.9873304279,3.09301920751959,0.148684907627372,6.882,2.02803563355143,OTHER
2017,Estonia,EST,19270.8141210511,5.63467248963991,3.41723549488054,5.807,1.96988670547821,OTHER
2018,Estonia,EST,19914.3454922878,3.69969756161726,3.43632688420446,5.412,1.97061311743188,OTHER
2019,Estonia,EST,20579.8756732376,3.72664943466884,2.27725931243522,4.514,1.99845018670744,OTHER
2020,Estonia,EST,19946.945696898,-2.88380751483778,-0.444531097679829,6.956,2.26136428332919,OTHER
2021,Estonia,EST,21570.6658455268,8.25488044580031,4.65316673847472,6.178,2.01231933389152,OTHER
2022,Estonia,EST,21023.2994937246,-1.22616966587796,19.3982634080616,5.571,2.13485210963824,OTHER
2023,Estonia,EST,20126.3730486957,-2.74421914571231,9.15922507983982,6.378,2.99572297522503,OTHER
2024,Estonia,EST,20078.1397620993,-0.0900428648493801,3.5194118998392,7.6,3.37400221824601,OTHER
2025,Estonia,EST,,,,8.313,,OTHER
1990,Ethiopia,ETH,267.078134508598,2.72645178272684,5.15248124174767,,9.6579698086295,A
1991,Ethiopia,ETH,237.502454667904,-7.13747971659305,35.7225982298715,3.284,5.70513154467309,A
1992,Ethiopia,ETH,207.967880879774,-8.6724801143672,10.5274440119592,3.416,3.44170834936514,A
1993,Ethiopia,ETH,227.173295614208,13.1428339363255,3.54306596166032,3.252,3.07168835064302,A
1994,Ethiopia,ETH,226.399912642527,3.18996458331273,7.59387600185336,3.1,2.86843870238978,A
1995,Ethiopia,ETH,232.230450633845,6.12751141587474,10.0221733553238,3.005,2.22561605430131,A
1996,Ethiopia,ETH,252.612985005506,12.4261737814951,-8.48424868948825,3.121,2.11713848911382,A
1997,Ethiopia,ETH,252.311666681832,3.1339068517801,2.39520958083829,3.227,3.3431774775412,A
1998,Ethiopia,ETH,236.05551452188,-3.4581391346848,0.894801693964106,3.481,7.27693614895529,A
1999,Ethiopia,ETH,240.604711286049,5.16214582255112,7.94144864137325,3.714,9.50694268259021,A
2000,Ethiopia,ETH,247.505413659694,6.07321748125295,0.662458109266481,3.499,7.69023859338487,A
2001,Ethiopia,ETH,260.04231608135,8.30130632267965,-8.23784453391136,3.16,4.39265735424712,A
2002,Ethiopia,ETH,256.066635883709,1.51472570667433,0.6750891021708,3.054,3.75673419834585,A
2003,Ethiopia,ETH,243.076666020009,-2.16135972256865,13.6740452028271,3.008,3.29628763599851,A
2004,Ethiopia,ETH,267.923513391712,13.5726031401471,3.32737047894847,2.776,3.13053613053613,A
2005,Ethiopia,ETH,290.833381425059,11.8187659491625,9.96997123512891,2.497,2.81221837499407,A
2006,Ethiopia,ETH,313.013896721503,10.8347270679373,12.2994763114824,2.337,2.30714932404438,A
2007,Ethiopia,ETH,338.799064654308,11.4561670019891,17.2404008340897,2.337,1.89627732982541,A
2008,Ethiopia,ETH,364.642208155735,10.7885216870332,44.3566858766951,2.326,1.51584796368311,A
2009,Ethiopia,ETH,385.632419711374,8.8025531990487,8.48364404530282,2.326,1.20460157802807,A
2010,Ethiopia,ETH,421.898622378633,12.5505383347633,8.14926402965082,2.295,1.15394252706819,A
2011,Ethiopia,ETH,455.909628648555,11.1782962297008,33.2499598823344,2.27,1.09070647415251,A
2012,Ethiopia,ETH,481.639999909808,8.64781163513926,23.600417677317,2.252,0.868361507077892,A
2013,Ethiopia,ETH,518.324662208106,10.5822700502552,7.46402192944517,2.251,0.806417193723534,A
2014,Ethiopia,ETH,556.362532243867,10.2574929627477,6.89001951597191,2.361,0.768407756190907,A
2015,Ethiopia,ETH,597.912113218663,10.3924630141307,9.56889955968623,2.442,0.70541465068261,A
2016,Ethiopia,ETH,636.835680951429,9.43348265981905,6.62813337230924,2.556,0.683567210395797,A
2017,Ethiopia,ETH,678.98541915757,9.56418965754014,10.6871150284238,2.665,0.675310715716932,A
2018,Ethiopia,ETH,705.96881207336,6.81614778557282,13.8330356586661,2.811,0.645850962685811,A
2019,Ethiopia,ETH,744.702789753973,8.36408573314054,15.8096321719344,2.928,0.579949536835092,A
2020,Ethiopia,ETH,768.705424485209,6.05953089054807,20.3563468559061,3.998,0.780754838260967,A
2021,Ethiopia,ETH,790.65701959778,5.64153069257077,26.8395221557722,3.935,1.60917093329444,A
2022,Ethiopia,ETH,811.177729326201,5.32175988403378,33.8898797100898,3.386,1.50594072756186,A
2023,Ethiopia,ETH,842.44660489404,6.59424599357075,30.2188278135278,3.375,0.882490047359025,A
2024,Ethiopia,ETH,883.458588619291,7.61277447511073,21.037746057771,3.357,0.650506448320295,A
2025,Ethiopia,ETH,,,,3.323,,A
1990,European Union,EUU,21731.2530227102,3.29743791200039,,,2.37825500580521,OTHER
1991,European Union,EUU,21985.0168891349,1.4603351005577,,8.58619358196168,2.17934625781145,OTHER
1992,European Union,EUU,22118.8569004837,0.901656210391863,,9.2310495773906,2.08077742118864,OTHER
1993,European Union,EUU,21915.7395317894,-0.596025014143265,,10.8519435596734,2.01891785354663,OTHER
1994,European Union,EUU,22451.7087770878,2.70140177450007,,11.5479115718762,1.9398364359502,OTHER
1995,European Union,EUU,23019.8473769296,2.72468002916139,,11.109236245509,1.79260501093958,OTHER
1996,European Union,EUU,23422.7251841031,1.91607144497759,,11.1438232362614,1.76627049678478,OTHER
1997,European Union,EUU,24015.3635939363,2.68449943681976,,10.9465383712559,1.75327658879695,OTHER
1998,European Union,EUU,24698.2910106815,2.98141046023252,,10.5276376311465,1.70955446132567,OTHER
1999,European Union,EUU,25398.2909228594,3.00374716399072,,10.2140715975986,1.68774315945848,OTHER
2000,European Union,EUU,26365.7986774651,3.93357955857741,,9.6992067646065,1.65016495238463,OTHER
2001,European Union,EUU,26899.8795099661,2.16114364230499,,9.20662418982846,1.60773438762456,OTHER
2002,European Union,EUU,27131.1149025351,1.09769505370336,,9.5656358156472,1.58997887006971,OTHER
2003,European Union,EUU,27284.7276136716,0.936970953534527,,9.70782702151942,1.5835425723607,OTHER
2004,European Union,EUU,27885.7681519653,2.59990864973688,,9.86057517861666,1.55833477541974,OTHER
2005,European Union,EUU,28334.7590973938,1.98357902362464,,9.63100586720302,1.52287329011751,OTHER
2006,European Union,EUU,29246.6456488849,3.56754077134353,,8.68896256105534,1.47284557280129,OTHER
2007,European Union,EUU,30060.1943726362,3.14183566763455,,7.5031053820411,1.43306179749582,OTHER
2008,European Union,EUU,30144.6515730515,0.617986886948614,,7.24163431745465,1.45186198828494,OTHER
2009,European Union,EUU,28771.7357026131,-4.31208831896211,,9.21120412957521,1.52656583613073,OTHER
2010,European Union,EUU,29352.9442515094,2.18180099957819,,9.87327234610775,1.46081224237748,OTHER
2011,European Union,EUU,29974.1521239011,1.96060087405085,,9.92888294564936,1.39707870909744,OTHER
2012,European Union,EUU,29700.9011811145,-0.764417073932009,,10.8758482088061,1.39589306490721,OTHER
2013,European Union,EUU,29667.2033330658,-0.0330405739034347,,11.3511730368596,1.34698326791033,OTHER
2014,European Union,EUU,30117.8841825355,1.63272217207499,,10.8255885011473,1.31655214443042,OTHER
2015,European Union,EUU,30771.6568591261,2.3719530456017,,10.0165353301996,1.3025280391065,OTHER
2016,European Union,EUU,31300.1591558827,1.91998029828646,,9.1056944627421,1.30652621106207,OTHER
2017,European Union,EUU,32135.6624693296,2.81811045546294,,8.13208945121752,1.31409076512032,OTHER
2018,European Union,EUU,32719.1711480652,2.0464201274383,,7.24425466386935,1.33833331607504,OTHER
2019,European Union,EUU,33289.4352232776,1.87524696216212,,6.67705052747452,1.3743822254778,OTHER
2020,European Union,EUU,31435.0353450837,-5.57888055659984,,7.05471356704802,1.53553402874721,OTHER
2021,European Union,EUU,33488.1142449396,6.37775013900983,,7.0265794645481,1.4991964809968,OTHER
2022,European Union,EUU,34605.1747492534,3.56155233245134,,6.16136079316676,1.52484151625373,OTHER
2023,European Union,EUU,34631.1439044457,0.454322708045197,,6.02643653344515,1.64483710586445,OTHER
2024,European Union,EUU,34896.3710345936,1.06455789818651,,5.92300803762815,1.90094888106335,OTHER
2025,European Union,EUU,,,,5.92651809121259,,OTHER
1990,Fragile and conflict affected situations,FCS,1487.85171733751,5.23519394507133,,,,OTHER
1991,Fragile and conflict affected situations,FCS,1392.13284817184,-4.2713131654514,,4.51253711157987,,OTHER
1992,Fragile and conflict affected situations,FCS,1369.53047921828,0.889616491423766,,4.46708088098546,,OTHER
1993,Fragile and conflict affected situations,FCS,1310.97088844479,-1.6702958262816,,4.4933108272632,2.44444056781248,OTHER
1994,Fragile and conflict affected situations,FCS,1233.34287470272,-3.24566321138253,,4.58781916448892,2.70906274151939,OTHER
1995,Fragile and conflict affected situations,FCS,1203.95587343395,0.245982433527388,,5.06716615448784,1.8801354806602,OTHER
1996,Fragile and conflict affected situations,FCS,1211.13071997787,2.9118024424053,,5.33010913621677,1.53868581527037,OTHER
1997,Fragile and conflict affected situations,FCS,1241.42370981936,4.7722860350183,,5.42867756634261,1.87690947172214,OTHER
1998,Fragile and conflict affected situations,FCS,1265.5235061537,4.32291141844318,,5.67463210572767,1.88858850480485,OTHER
1999,Fragile and conflict affected situations,FCS,1259.77729626841,1.92581108555426,,5.91106797509165,2.53473228393118,OTHER
2000,Fragile and conflict affected situations,FCS,1295.212123623,5.18663757747724,,5.89463669839926,2.36033081640967,OTHER
2001,Fragile and conflict affected situations,FCS,1317.2785211913,4.06179145792829,,5.80674802618769,2.22133769678729,OTHER
2002,Fragile and conflict affected situations,FCS,1326.84891113816,3.22228814343197,,5.77114189513379,2.16617619275463,OTHER
2003,Fragile and conflict affected situations,FCS,1297.19104055081,0.229452778414995,,5.64312921777869,2.01913881544042,OTHER
2004,Fragile and conflict affected situations,FCS,1417.38633890673,11.9437760162428,,5.48623094719852,1.94612046694924,OTHER
2005,Fragile and conflict affected situations,FCS,1470.03208126605,6.26363135259066,,5.17767975776894,1.88825387248354,OTHER
2006,Fragile and conflict affected situations,FCS,1523.62890028503,6.18309763217857,,5.03911118703589,1.80521244904978,OTHER
2007,Fragile and conflict affected situations,FCS,1581.88537303272,6.30127020834233,,4.96588170785721,1.88923390985227,OTHER
2008,Fragile and conflict affected situations,FCS,1622.44441895788,5.0680787484275,,5.00225362970178,1.9413744144437,OTHER
2009,Fragile and conflict affected situations,FCS,1619.06372938072,2.30383173467253,,5.05847183686227,1.92912760169797,OTHER
2010,Fragile and conflict affected situations,FCS,1676.97481416997,6.17368805793606,,5.13136973093564,1.62456391630823,OTHER
2011,Fragile and conflict affected situations,FCS,1643.76876493196,0.447611981931502,,5.17742478848615,1.51663097443387,OTHER
2012,Fragile and conflict affected situations,FCS,1694.3739229428,5.63256722854437,,5.23732928583222,1.6814212098563,OTHER
2013,Fragile and conflict affected situations,FCS,1708.69932882823,3.31354139494103,,5.22783229689778,2.06190252652488,OTHER
2014,Fragile and conflict affected situations,FCS,1697.58810951134,1.67655954670576,,5.37288631344439,2.12812256117491,OTHER
2015,Fragile and conflict affected situations,FCS,1663.16200127279,0.167306320259826,,5.47368968838346,1.95446054581547,OTHER
2016,Fragile and conflict affected situations,FCS,1634.41669597359,0.474197451324557,,5.62699513440415,1.73338490946502,OTHER
2017,Fragile and conflict affected situations,FCS,1619.44767158323,1.30184507279765,,5.84698350124452,1.94757411230303,OTHER
2018,Fragile and conflict affected situations,FCS,1607.410665042,1.45548612659789,,5.85152506730988,1.57797590205099,OTHER
2019,Fragile and conflict affected situations,FCS,1585.23602922322,0.815291636433273,,5.90080932795554,1.60572202548556,OTHER
2020,Fragile and conflict affected situations,FCS,1435.4620668369,-7.41318835322814,,6.65657957461586,1.68729200719808,OTHER
2021,Fragile and conflict affected situations,FCS,1425.89864437684,1.53090680703167,,6.78144462467384,1.68234991075273,OTHER
2022,Fragile and conflict affected situations,FCS,1421.76860683137,1.62071663646512,,5.66963973502859,3.49314902096634,OTHER
2023,Fragile and conflict affected situations,FCS,1423.91012233176,2.14545491630646,,5.25788625090276,5.35210116410704,OTHER
2024,Fragile and conflict affected situations,FCS,1419.27637949231,2.00694502217958,,5.10292528264286,6.51174616754759,OTHER
2025,Fragile and conflict affected situations,FCS,,,,5.12087353705196,,OTHER
1990,Finland,FIN,31291.5222587198,0.691649917806032,6.14956531179849,,1.5633514986376,OTHER
1991,Finland,FIN,29290.9773950558,-5.88059618513641,4.31021289843465,6.503,1.78123103649322,OTHER
1992,Finland,FIN,28162.3512348846,-3.31137361706595,2.91932319285011,11.595,1.90713101160862,OTHER
1993,Finland,FIN,27807.8614663327,-0.779815061561479,2.19065319556436,16.201,1.86801150656572,OTHER
1994,Finland,FIN,28785.9195720485,3.96437283726799,1.08855677589404,16.426,1.75560359540335,OTHER
1995,Finland,FIN,29890.5243289925,4.23436710187066,0.791239406938497,17.005,1.42254149924916,OTHER
1996,Finland,FIN,30883.8347237846,3.66265716987186,0.629194238120965,15.572,1.53047227121301,OTHER
1997,Finland,FIN,32762.1179107575,6.39770068404337,1.19255883425839,14.967,1.53515505066012,OTHER
1998,Finland,FIN,34457.4555939742,5.45427021765444,1.3994737857984,13.214,1.46317555780765,OTHER
1999,Finland,FIN,35886.4949080548,4.38928070374669,1.16223155669444,11.693,1.22310377157804,OTHER
2000,Finland,FIN,37872.6020343504,5.75373770498848,3.04210080667795,11.134,1.24000997169797,OTHER
2001,Finland,FIN,38784.1308115726,2.64026205699308,2.57844080098895,10.29,1.1431199131475,OTHER
2002,Finland,FIN,39343.0698997627,1.68732644358099,1.57122012789379,10.423,1.15346267852331,OTHER
2003,Finland,FIN,40038.9839702277,2.01179992738312,0.877440386254785,10.469,1.44547443507181,OTHER
2004,Finland,FIN,41521.962874476,4.00537952277651,0.187120559084418,10.358,1.46771855552706,OTHER
2005,Finland,FIN,42529.3506920884,2.77730918518017,0.62387445002519,9.602,1.46470451104851,OTHER
2006,Finland,FIN,44069.3958834717,4.01957326515895,1.56666380704386,8.935,1.44270225678265,OTHER
2007,Finland,FIN,46213.6898975737,5.31280176694145,2.5106656524034,6.854,1.28760998478864,OTHER
2008,Finland,FIN,46359.8732844055,0.784431235717051,4.06595355358379,6.369,1.39102532971688,OTHER
2009,Finland,FIN,42412.5133513534,-8.07603116552393,-9.17360384430342e-07,8.249,1.56084541207723,OTHER
2010,Finland,FIN,43556.5385834368,3.1682879121621,1.18413523154646,8.394,1.49172644486325,OTHER
2011,Finland,FIN,44391.4535667984,2.39039455396828,3.41680754255211,7.781,1.49199362525613,OTHER
2012,Finland,FIN,43507.9345371578,-1.52284013040689,2.80833622561573,7.689,1.53160526604717,OTHER
2013,Finland,FIN,42883.6384986417,-0.979741024949618,1.47828615688809,8.193,1.54007184381097,OTHER
2014,Finland,FIN,42502.4880199858,-0.4780684247837,1.04119621178439,8.663,1.45927959000267,OTHER
2015,Finland,FIN,42560.3456767103,0.466503766322674,-0.207928839905268,9.376,1.45819060668341,OTHER
2016,Finland,FIN,43529.6761616969,2.57193414898754,0.356684500891695,8.818,1.43150516649128,OTHER
2017,Finland,FIN,44862.220404205,3.30337003591039,0.754015047084346,8.64,1.36088933984851,OTHER
2018,Finland,FIN,45337.2409550575,1.19297759742292,1.08382098409305,7.361,1.37168236993597,OTHER
2019,Finland,FIN,45898.5708448954,1.34973845741737,1.0240939296343,6.695,1.36132283517387,OTHER
2020,Finland,FIN,44690.9801103074,-2.49103605535707,0.290554555653239,7.759,1.43578115547809,OTHER
2021,Finland,FIN,45792.0454180872,2.67634641498897,2.19457432340007,7.617,1.30243925969996,OTHER
2022,Finland,FIN,46016.1492103929,0.763041912763526,7.12350773301402,6.719,1.58854518946055,OTHER
2023,Finland,FIN,45357.0296547377,-0.939093459613758,6.25064322154762,7.149,2.0075369530221,OTHER
2024,Finland,FIN,45254.0358658917,0.416171964862073,1.56568906231615,8.4,2.29979173712597,OTHER
2025,Finland,FIN,,,,9.461,,OTHER
1990,Fiji,FJI,3414.95053196369,5.8000027238601,8.19137132040969,,2.10875525984723,OTHER
1991,Fiji,FJI,3295.72685663527,-2.7000037309646,6.49734555984547,4.618,2.16678825384228,OTHER
1992,Fiji,FJI,3471.43143724943,6.10000190987678,4.88302271568615,4.64,1.84041410651212,OTHER
1993,Fiji,FJI,3522.8422806512,2.13003242138259,5.20658925195764,4.694,1.80855931911651,OTHER
1994,Fiji,FJI,3682.00013774058,5.09999960852183,0.816666666667011,4.598,1.70263727299194,OTHER
1995,Fiji,FJI,3755.268335603,2.49999853846879,2.16564721441536,4.651,1.6257873899244,OTHER
1996,Fiji,FJI,3910.82963547549,4.80000043020961,3.05016181229797,4.623,1.42424634501108,OTHER
1997,Fiji,FJI,3785.46684889302,-2.19999936869252,3.36814006437943,4.725,1.36495958076192,OTHER
1998,Fiji,FJI,3787.48702167736,1.30000045153808,5.71168160413118,4.746,1.25918886595729,OTHER
1999,Fiji,FJI,4073.37708743898,8.79999871927237,1.96867366000919,4.698,1.13180634323429,OTHER
2000,Fiji,FJI,3960.8890315,-1.69999841605511,1.09216459977387,4.697,1.75624341841376,OTHER
2001,Fiji,FJI,3998.79729208867,2.00000014675203,4.27267024465105,4.692,1.82458369041641,OTHER
2002,Fiji,FJI,4086.10434130578,3.19999911373272,0.762032085561206,4.772,1.5485667306433,OTHER
2003,Fiji,FJI,4087.72449101023,0.999999344757256,4.17274777763034,4.74,1.48650087420329,OTHER
2004,Fiji,FJI,4264.59723774177,5.29999970460942,2.827485193912,4.7,1.58387595253995,OTHER
2005,Fiji,FJI,4255.45097421847,0.700000402432295,2.36576453830433,3.886,1.32359461422314,OTHER
2006,Fiji,FJI,4295.40679748345,1.85248387199492,2.49083638787078,3.957,1.60859901711712,OTHER
2007,Fiji,FJI,4223.44800626708,-0.850654310045783,4.80370641306988,4.109,2.23709999847122,OTHER
2008,Fiji,FJI,4240.77265686858,1.03279422025963,7.73227857918421,4.187,1.52095281013957,OTHER
2009,Fiji,FJI,4164.29314800857,-1.38603770763578,3.13103559015967,4.309,1.78657925681224,OTHER
2010,Fiji,FJI,4272.359150902,2.9546724221223,3.6890122967076,4.345,1.60512894075313,OTHER
2011,Fiji,FJI,4375.5808542034,2.70514302901054,7.278117827085,4.406,1.61040391811109,OTHER
2012,Fiji,FJI,4427.97844455038,1.41131438177968,3.42337523401979,4.375,1.49096169403815,OTHER
2013,Fiji,FJI,4630.35126544718,4.73421948956533,2.91354193603992,4.356,1.38677744785356,OTHER
2014,Fiji,FJI,4883.24300436251,5.60351440618301,0.519306474579106,4.323,1.53977309916003,OTHER
2015,Fiji,FJI,5097.53106864695,4.50120041028725,1.37488542621446,4.288,0.910147310120732,OTHER
2016,Fiji,FJI,5218.85823412748,2.44565179664245,3.86322538221277,4.319,1.10379290217157,OTHER
2017,Fiji,FJI,5500.67840152349,5.35336455965039,3.34757834757831,4.418,1.4048380780238,OTHER
2018,Fiji,FJI,5720.21447177109,3.81235122208561,4.08147637644542,4.523,1.45588315236828,OTHER
2019,Fiji,FJI,5701.10435269432,-0.581946709343867,1.79388647514555,4.661,1.44512747814401,OTHER
2020,Fiji,FJI,4721.1228189763,-17.1835352599354,-1.70014167847317,5.054,1.60530458182017,OTHER
2021,Fiji,FJI,4507.33353596072,-4.3459619989752,1.53454853751591,5.225,1.59594278733602,OTHER
2022,Fiji,FJI,5291.51693123572,17.7451269773594,6.07882431529724,5.403,1.36090769946015,OTHER
2023,Fiji,FJI,5761.5694863591,9.44245856738313,2.97544080604538,5.316,1.33351782363525,OTHER
2024,Fiji,FJI,5935.20896505673,3.53085896076352,3.89084237884105,5.361,1.3128793789726,OTHER
2025,Fiji,FJI,,,,5.347,,OTHER
1990,France,FRA,27992.9751471374,2.82962715326478,3.19428338029481,,2.84463959497759,OTHER
1991,France,FRA,28197.2359540607,1.23666248297356,3.21340732409677,9.134,2.84921925342208,OTHER
1992,France,FRA,28482.5194675509,1.5160611169627,2.36376046269355,10.203,2.72756816588629,OTHER
1993,France,FRA,28257.0962487817,-0.35899781051468,2.10446277124642,11.32,2.72168441384594,OTHER
1994,France,FRA,28822.5006495069,2.38366086110145,1.65551532926999,12.593,2.69073238306963,OTHER
1995,France,FRA,29379.6158424052,2.30479278392259,1.79648142095589,11.834,2.51542226280158,OTHER
1996,France,FRA,29683.7786067651,1.39707987198881,1.98288365089738,12.367,2.43766326434912,OTHER
1997,France,FRA,30325.522871824,2.5270616339357,1.20394294026963,12.566,2.39395696754189,OTHER
1998,France,FRA,31256.5073830655,3.45259434279616,0.651126867833072,12.074,2.2468089386267,OTHER
1999,France,FRA,32152.7207478734,3.39930808809441,0.537141639134596,11.981,2.19815329922308,OTHER
2000,France,FRA,33255.1379642335,4.14099996402915,1.67595988720928,10.218,2.09218901026309,OTHER
2001,France,FRA,33640.6738002565,1.89946701186636,1.63478079549599,8.61,2.04148415280944,OTHER
2002,France,FRA,33753.5782979758,1.06775027069419,1.92341228727063,8.702,2.05857264018165,OTHER
2003,France,FRA,33840.6175720101,0.967827182558352,2.09847219146919,8.306,2.1064709567846,OTHER
2004,France,FRA,34557.1471111581,2.86825052501032,2.14208964640238,8.914,2.11416633859403,OTHER
2005,France,FRA,34946.0372494703,1.88856584109286,1.74586936380487,8.882,2.02813701732744,OTHER
2006,France,FRA,35645.4162427116,2.71406448755236,1.67512449608726,8.832,1.97737744775679,OTHER
2007,France,FRA,36322.1685141004,2.53048188351066,1.48799805953859,8.008,1.91095777789429,OTHER
2008,France,FRA,36257.3658930938,0.380171435849121,2.81286194914785,7.386,1.89934504679172,OTHER
2009,France,FRA,35052.8510772683,-2.82455153714783,0.0876204781574653,9.122,2.09877791453034,OTHER
2010,France,FRA,35578.1968010183,2.00032476039051,1.53112270420918,9.279,1.96864375039496,OTHER
2011,France,FRA,36269.9561530888,2.43757653729007,2.11159795175,9.228,1.88794614981494,OTHER
2012,France,FRA,36161.2918253465,0.183835264973013,1.95419531613509,9.841,1.87154409463222,OTHER
2013,France,FRA,36256.086680981,0.781756446231,0.863715497861804,9.913,1.84711648361859,OTHER
2014,France,FRA,36444.3949089146,0.997832947295251,0.507758822937989,10.273,1.85952906556899,OTHER
2015,France,FRA,36702.4323733379,1.06675474783462,0.0375143805125181,10.354,1.86973268204402,OTHER
2016,France,FRA,36920.5342846914,0.860031075424033,0.183334861123764,10.057,1.85171809616119,OTHER
2017,France,FRA,37580.5979329356,2.08361485997399,1.03228275064681,9.409,1.8523088187904,OTHER
2018,France,FRA,38062.4435961412,1.64590872395887,1.85081508315492,9.018,1.84604257144589,OTHER
2019,France,FRA,38705.2072940618,2.02744646419237,1.10825492288293,8.415,1.85288520696513,OTHER
2020,France,FRA,35709.2045925926,-7.44064589948231,0.476498852725065,8.009,2.02167455284232,OTHER
2021,France,FRA,38030.8571685178,6.88233783360239,1.64233141038393,7.871,1.98022225807935,OTHER
2022,France,FRA,38868.3303330557,2.71676264185913,5.22236748369725,7.303,1.95772067476703,OTHER
2023,France,FRA,39319.4152227295,1.43921494437743,4.8783572650844,7.335,1.95099683800051,OTHER
2024,France,FRA,39683.3953489029,1.19046798275883,1.99904942291462,7.4,2.05257687860637,OTHER
2025,France,FRA,,,,7.542,,OTHER
2008,Faroe Islands,FRO,44623.0315871975,,,,,OTHER
2009,Faroe Islands,FRO,42378.2165335393,-4.55329824103478,,,,OTHER
2010,Faroe Islands,FRO,42333.5215714088,-0.379817991218616,,,,OTHER
2011,Faroe Islands,FRO,43946.251738291,3.56636317884431,,,,OTHER
2012,Faroe Islands,FRO,47303.8655939098,7.08148344487884,,,,OTHER
2013,Faroe Islands,FRO,50120.7530887167,5.85614389735763,,,,OTHER
2014,Faroe Islands,FRO,52644.7898999399,5.43214206841004,,,,OTHER
2015,Faroe Islands,FRO,52637.1903526574,0.958001934486234,,,,OTHER
2016,Faroe Islands,FRO,52757.3960429144,1.38644795938293,,,,OTHER
2017,Faroe Islands,FRO,53831.0294952424,3.51201367488443,,,,OTHER
2018,Faroe Islands,FRO,54433.5931539501,2.76370952267429,,,,OTHER
2019,Faroe Islands,FRO,56029.4991512974,4.53851028676189,,,,OTHER
2020,Faroe Islands,FRO,54301.6594145787,-1.63732118017028,,,,OTHER
2021,Faroe Islands,FRO,56270.2511347442,5.06636291600633,,,,OTHER
2022,Faroe Islands,FRO,57775.0758629956,3.86099981669155,,,,OTHER
2023,Faroe Islands,FRO,59050.1954015578,3.15873872329266,,,,OTHER
2024,Faroe Islands,FRO,59257.6449307094,0.843716851362103,,,,OTHER
1990,"Micronesia, Fed. Sts.",FSM,2384.9445815498,3.74092685650469,,,,OTHER
1991,"Micronesia, Fed. Sts.",FSM,2515.5554496917,7.42734122712645,,,,OTHER
1992,"Micronesia, Fed. Sts.",FSM,2565.15314176404,4.00801603206385,,,,OTHER
1993,"Micronesia, Fed. Sts.",FSM,2715.41906315227,8.14065510597315,,,,OTHER
1994,"Micronesia, Fed. Sts.",FSM,2651.15791052711,-0.534521158129408,,,,OTHER
1995,"Micronesia, Fed. Sts.",FSM,2807.39482220059,7.01446484549948,,,,OTHER
1996,"Micronesia, Fed. Sts.",FSM,2701.88915850828,-3.33904592536733,,,,OTHER
1997,"Micronesia, Fed. Sts.",FSM,2525.83664246821,-6.21107419101304,,,,OTHER
1998,"Micronesia, Fed. Sts.",FSM,2590.35340769037,2.83680953653287,,,,OTHER
1999,"Micronesia, Fed. Sts.",FSM,2612.485867645,1.12879197102525,,,,OTHER
2000,"Micronesia, Fed. Sts.",FSM,2724.42245620978,4.62457361932451,2.15851810619419,,,OTHER
2001,"Micronesia, Fed. Sts.",FSM,2766.08612139035,1.82014181387615,0.502497351294027,,,OTHER
2002,"Micronesia, Fed. Sts.",FSM,2776.29556090642,0.443232388562762,-0.111442426432945,,,OTHER
2003,"Micronesia, Fed. Sts.",FSM,2829.3364363568,1.76276569060707,0.126643348208903,,,OTHER
2004,"Micronesia, Fed. Sts.",FSM,2747.87981611358,-3.19038314015573,2.27669698247304,,,OTHER
2005,"Micronesia, Fed. Sts.",FSM,2824.41492288117,2.31413355373383,4.25769978210942,,,OTHER
2006,"Micronesia, Fed. Sts.",FSM,2836.18187521481,-0.198978337483553,4.63737008585635,,,OTHER
2007,"Micronesia, Fed. Sts.",FSM,2808.83168399832,-1.72367428324624,3.30634278002699,,,OTHER
2008,"Micronesia, Fed. Sts.",FSM,2759.97734131572,-2.5834881422762,8.42372566246186,,,OTHER
2009,"Micronesia, Fed. Sts.",FSM,2815.59835156937,1.09846663749369,6.39360257735201,,,OTHER
2010,"Micronesia, Fed. Sts.",FSM,2884.91733583068,2.06618820882574,3.31370963136217,,,OTHER
2011,"Micronesia, Fed. Sts.",FSM,2989.68205288365,3.7837208928099,5.08259403890371,,,OTHER
2012,"Micronesia, Fed. Sts.",FSM,2933.79998441501,-1.69422024723235,5.01850353045616,,,OTHER
2013,"Micronesia, Fed. Sts.",FSM,2819.90328917215,-3.67642942893428,1.75232737350762,,,OTHER
2014,"Micronesia, Fed. Sts.",FSM,2740.01667828088,-2.58581649978665,0.650284891767944,,,OTHER
2015,"Micronesia, Fed. Sts.",FSM,2853.07643587028,4.43363849623874,-0.2981158373807,,,OTHER
2016,"Micronesia, Fed. Sts.",FSM,2870.49424845266,0.942726461831327,-1.03746806405349,,,OTHER
2017,"Micronesia, Fed. Sts.",FSM,2922.07246225843,2.17575003627566,0.58225373525489,,,OTHER
2018,"Micronesia, Fed. Sts.",FSM,2910.6935304708,0.0,1.49840023593737,,,OTHER
2019,"Micronesia, Fed. Sts.",FSM,3019.25086619614,4.08163265306123,1.92385170787923,,,OTHER
2020,"Micronesia, Fed. Sts.",FSM,2951.77114318964,-1.67294117647059,0.554594630853174,,,OTHER
2021,"Micronesia, Fed. Sts.",FSM,3023.96457451783,3.09969928290539,3.19128406597466,,,OTHER
2022,"Micronesia, Fed. Sts.",FSM,2923.25915160041,-2.90588999868474,5.40874375479067,,,OTHER
2023,"Micronesia, Fed. Sts.",FSM,2923.05174793291,0.453118220707168,,,,OTHER
2024,"Micronesia, Fed. Sts.",FSM,2930.27926555574,0.718990177344025,,,,OTHER
1990,Gabon,GAB,8354.26309000876,5.19223727652398,7.72532188841208,,,OTHER
1991,Gabon,GAB,8627.38985737905,6.11250348301178,-11.6861126920888,17.224,,OTHER
1992,Gabon,GAB,8138.86821905371,-3.09014565154393,-9.54291330336575,17.716,,OTHER
1993,Gabon,GAB,8237.7433874389,3.94655500790242,0.533746556474191,17.78,,OTHER
1994,Gabon,GAB,8322.61010843084,3.71275484108966,36.1162456962985,17.804,,OTHER
1995,Gabon,GAB,8514.94009899596,4.97384776335103,9.64653104079616,17.388,,OTHER
1996,Gabon,GAB,8603.00813400361,3.62504902027987,0.689693377281638,17.325,,OTHER
1997,Gabon,GAB,8870.12550864019,5.73836739483843,3.973450075453,17.166,,OTHER
1998,Gabon,GAB,8949.1211008365,3.47783358718901,1.44873854294598,17.152,,OTHER
1999,Gabon,GAB,7944.64517936466,-8.93262280230105,-1.93660397603626,17.599,,OTHER
2000,Gabon,GAB,7596.09970650519,-1.88296639760897,0.504920025834859,17.848,1.69170490588038,OTHER
2001,Gabon,GAB,7556.76995314898,2.13523342197423,2.13762052701465,17.827,1.79395209821725,OTHER
2002,Gabon,GAB,7338.75620613605,-0.249033168543434,0.0366828893971394,17.376,1.78317027682097,OTHER
2003,Gabon,GAB,7301.67154442842,2.2473300115045,2.23535313551536,17.126,1.66832793289402,OTHER
2004,Gabon,GAB,7148.98713447497,0.689543058464849,0.40820530743925,17.108,1.6131661692941,OTHER
2005,Gabon,GAB,7130.22505771754,2.67620333310926,3.70833333333304,16.91,1.24868216929966,OTHER
2006,Gabon,GAB,6724.08148977274,-2.80657835569052,-1.4094013660098,17.805,1.28261921013258,OTHER
2007,Gabon,GAB,6908.67399162999,6.00810802487668,5.03031883679951,18.257,,OTHER
2008,Gabon,GAB,6468.38523357609,-3.30843064878751,5.26430145575285,19.212,,OTHER
2009,Gabon,GAB,6264.83611480154,0.130331119816617,1.88570754577918,19.76,,OTHER
2010,Gabon,GAB,6481.49612073562,7.08988731455126,1.46154402720469,20.39,1.87162256589575,OTHER
2011,Gabon,GAB,6699.23394606512,7.09175334258654,1.26331707837421,19.895,1.46243422997043,OTHER
2012,Gabon,GAB,6803.22668079211,5.25107691750407,2.65241828695626,19.661,1.61980464787095,OTHER
2013,Gabon,GAB,6938.25753862236,5.63869900338696,0.505441058915615,19.736,1.60404717948982,OTHER
2014,Gabon,GAB,6998.60545439576,4.31496444107469,4.69045751826284,19.873,1.14481839629997,OTHER
2015,Gabon,GAB,7047.12654634355,3.8788993950789,-0.338795188753406,19.943,1.18502560854907,OTHER
2016,Gabon,GAB,6991.3251446736,2.09144220829562,2.10670712784054,20.117,1.44754580418175,OTHER
2017,Gabon,GAB,6840.05959347802,0.472642030911146,2.65192583143902,20.307,1.81138276957815,OTHER
2018,Gabon,GAB,6724.5961429108,0.83791658082157,4.74906652083221,20.459,1.55363446931116,OTHER
2019,Gabon,GAB,6817.56879468764,3.92080879452831,2.46456756151187,20.371,1.58168890147569,OTHER
2020,Gabon,GAB,6534.27966528997,-1.83776106357656,1.35276110675333,21.279,1.71695248466736,OTHER
2021,Gabon,GAB,6479.04900690761,1.46795731487489,1.0869074651941,21.223,1.60218113320742,OTHER
2022,Gabon,GAB,6527.48207900404,3.03761449530657,4.23124798274579,20.319,1.3582460776711,OTHER
2023,Gabon,GAB,6541.2536861807,2.43893665064327,3.62901534185376,20.161,1.32324399735374,OTHER
2024,Gabon,GAB,6618.98685865885,3.39403899592401,1.17311998381218,20.091,1.538206793748,OTHER
2025,Gabon,GAB,,,,20.154,,OTHER
1990,United Kingdom,GBR,30071.2085616955,0.779266119883417,8.06346090938833,,3.983217694585,OTHER
1991,United Kingdom,GBR,29590.9054053428,-1.29243974751705,7.46178295746934,8.55,4.11680242273171,OTHER
1992,United Kingdom,GBR,29893.0776793743,1.29472849604493,4.59154929577461,9.772,3.86471776641263,OTHER
1993,United Kingdom,GBR,30862.4118121654,3.49048744653493,2.55857796929705,10.346,3.59064951247979,OTHER
1994,United Kingdom,GBR,32308.7952722115,4.95341092800692,2.21901260504205,9.648,3.38193371776532,OTHER
1995,United Kingdom,GBR,33362.0161272507,3.53339096338078,2.69749518304432,8.694,2.85419949053587,OTHER
1996,United Kingdom,GBR,34147.3459054033,2.61491606949487,2.85178236397749,8.189,2.72459232198324,OTHER
1997,United Kingdom,GBR,35721.6105928791,4.8799853038024,2.20114313510882,7.072,2.56014877225605,OTHER
1998,United Kingdom,GBR,36773.9287790406,3.24631482881618,1.82056163731557,6.198,2.49596227501881,OTHER
1999,United Kingdom,GBR,37730.7155591161,2.94445869854798,1.7529508005142,6.042,2.42290959332375,OTHER
2000,United Kingdom,GBR,39297.1366317267,4.52438074810904,1.18295624210408,5.558,2.3727966452319,OTHER
2001,United Kingdom,GBR,40082.1359356822,2.39102229602824,1.53234960272418,4.696,2.41112210130721,OTHER
2002,United Kingdom,GBR,40594.932929345,1.70902736258567,1.52040245947455,5.037,2.48565967470705,OTHER
2003,United Kingdom,GBR,41706.8303930126,3.21851612669614,1.37650038542013,4.807,2.55206201518244,OTHER
2004,United Kingdom,GBR,42434.8209023638,2.32601853325993,1.39039756680422,4.594,2.49782136751626,OTHER
2005,United Kingdom,GBR,43320.5628684438,2.7906547174688,2.0891364902507,4.884,2.42271607573388,OTHER
2006,United Kingdom,GBR,43944.9985799069,2.18982132415704,2.4556616643929,5.472,2.36967440284241,OTHER
2007,United Kingdom,GBR,44882.141312304,2.93091133582351,2.38656150773327,5.399,2.37465777127738,OTHER
2008,United Kingdom,GBR,44508.2874631479,-0.0494116727402769,3.52140856342539,5.748,2.4871500848402,OTHER
2009,United Kingdom,GBR,42146.5095879962,-4.58740819226323,1.96173173560109,7.683,2.64772453259797,OTHER
2010,United Kingdom,GBR,42762.720840223,2.26054460931586,2.49265472467065,7.973,2.56799960467203,OTHER
2011,United Kingdom,GBR,42791.0934313474,0.851437739020326,3.8561124468282,8.195,2.49903987829525,OTHER
2012,United Kingdom,GBR,43136.7006795996,1.52826034721852,2.5732347965453,8.279,2.41781748358099,OTHER
2013,United Kingdom,GBR,43585.1936238647,1.71846961308464,2.29166666666659,7.752,2.29232047399432,OTHER
2014,United Kingdom,GBR,44627.8818268644,3.16017351468152,1.45112016293279,6.398,2.18448549185402,OTHER
2015,United Kingdom,GBR,45255.3449216209,2.14040560033371,0.36804684232536,5.552,2.04890800410498,OTHER
2016,United Kingdom,GBR,45888.0105130748,2.20652020635357,1.0084173681141,4.909,1.98449096820719,OTHER
2017,United Kingdom,GBR,47018.0254757676,3.02322219840339,2.55775577557747,4.501,1.95002885979327,OTHER
2018,United Kingdom,GBR,47514.7763693453,1.55133095078786,2.29283990345938,4.145,1.94455569473457,OTHER
2019,United Kingdom,GBR,47864.7588712634,1.25629899760824,1.73810460086513,3.657,1.98525373099586,OTHER
2020,United Kingdom,GBR,42982.4631007642,-10.047896637362,0.989486703772491,4.472,2.16304030547387,OTHER
2021,United Kingdom,GBR,46487.3424706549,8.5431118453255,2.51837109614213,4.864,2.07241748249759,OTHER
2022,United Kingdom,GBR,48433.009835767,5.14970388522993,7.92204883147902,3.768,2.05691855462534,OTHER
2023,United Kingdom,GBR,47934.9375098983,0.271650048355255,6.79396706793963,4.025,2.23063973904322,OTHER
2024,United Kingdom,GBR,47960.9105761942,1.1264226705118,3.2715729463592,4.361,2.2786177901127,OTHER
2025,United Kingdom,GBR,,,,4.746,,OTHER
1990,Georgia,GEO,3534.03227732782,-14.788785046729,,,,OTHER
1991,Georgia,GEO,2768.81016089293,-21.0998508379398,,2.7,,OTHER
1992,Georgia,GEO,1513.85017404463,-44.899774806083,,5.4,,OTHER
1993,Georgia,GEO,1062.09528080207,-29.3001665068873,,5.4,,OTHER
1994,Georgia,GEO,966.419596225484,-10.3982300884956,,8.4,,OTHER
1995,Georgia,GEO,1029.48054628347,2.59657506969336,162.717152150377,7.6,,OTHER
1996,Georgia,GEO,1187.123206219,11.2025463861501,39.3574999987146,11.5,2.21017302703038,OTHER
1997,Georgia,GEO,1354.78352202066,10.5208042446244,7.08761762948726,11.5,1.25358766896378,OTHER
1998,Georgia,GEO,1431.79336069224,3.10150969616576,3.56680781278783,14.53,1.13697395615685,OTHER
1999,Georgia,GEO,1503.46298776734,2.86729567454968,19.1926758218895,13.8,0.924374855931971,OTHER
2000,Georgia,GEO,1561.19867638847,1.84038117927339,4.06396201382596,10.82,0.615582490752135,OTHER
2001,Georgia,GEO,1661.83019106421,4.80729867243699,4.64604442058634,11.16,0.740186005258763,OTHER
2002,Georgia,GEO,1768.5970116888,5.47402488700408,5.58783730000794,12.59,1.00053299706695,OTHER
2003,Georgia,GEO,1977.46143338741,11.0570310020104,0.837734531536568,11.51,1.06848912472203,OTHER
2004,Georgia,GEO,2105.00472843799,5.79268292682926,5.65632636191132,12.62,1.37383897186186,OTHER
2005,Georgia,GEO,2321.60084285163,9.59113832853026,8.24709043114158,13.81,3.33916979671741,OTHER
2006,Georgia,GEO,2554.81253503914,9.42148081189909,9.16096508394497,13.57,5.21830695097827,OTHER
2007,Georgia,GEO,2891.13702331846,12.5755698246405,9.24489745592404,13.28,9.15911651704757,OTHER
2008,Georgia,GEO,2970.15858282428,2.42161440960641,9.99948761552747,17.87,8.52011839531126,OTHER
2009,Georgia,GEO,2887.25607935922,-3.65075229596822,1.7275146113791,20.71,5.60659705141182,OTHER
2010,Georgia,GEO,3090.06513662318,6.24640865303363,7.11017897486099,20.203,3.65484993224496,OTHER
2011,Georgia,GEO,3362.1030031968,7.9343365253078,8.5429333333333,19.632,3.0291791684272,OTHER
2012,Georgia,GEO,3609.780798626,6.57883101954195,-0.943658853270964,19.653,2.91212426772649,OTHER
2013,Georgia,GEO,3806.50600649051,5.13288531209382,-0.512058410947092,19.416,2.52250044602568,OTHER
2014,Georgia,GEO,3960.35080091901,4.09049059581743,3.06881210379543,17.439,2.31346741070778,OTHER
2015,Georgia,GEO,4086.6223465965,3.35102350265353,4.00357820695097,16.506,1.96739841458037,OTHER
2016,Georgia,GEO,4225.09154904806,3.45021517996871,2.13492713939121,16.604,2.04079266789767,OTHER
2017,Georgia,GEO,4442.50744127374,5.15990261658827,6.03531725272117,13.939,1.942197699613,OTHER
2018,Georgia,GEO,4713.65354845303,6.062036412677,2.6152447139767,12.667,1.86470954721815,OTHER
2019,Georgia,GEO,4975.81148194814,5.38071926589951,4.85289821696723,11.565,1.75963279056275,OTHER
2020,Georgia,GEO,4659.60925318234,-6.2904717853839,5.2024648897534,11.734,1.78655575876457,OTHER
2021,Georgia,GEO,5175.19865185825,10.6442336580969,9.56691433824769,11.785,1.59240624613036,OTHER
2022,Georgia,GEO,5736.30449578597,10.9585321385624,11.8981654203198,11.621,1.60787681983081,OTHER
2023,Georgia,GEO,6180.6206023429,7.83220126555726,2.48776056578715,11.549,1.65864808405362,OTHER
2024,Georgia,GEO,6808.07398025981,9.67979387500691,1.10971758022096,11.557,1.86402941794564,OTHER
2025,Georgia,GEO,,,,12.097,,OTHER
1990,Ghana,GHA,855.85250708181,3.32881788321653,37.2590664855671,,0.276510427354999,OTHER
1991,Ghana,GHA,878.63570406594,5.28182639834429,18.0314390089849,3.489,0.368975044988862,OTHER
1992,Ghana,GHA,890.313174799419,3.87941908037517,10.0561167448841,4.7,0.377347219697109,OTHER
1993,Ghana,GHA,910.722897752222,4.85000055379412,24.9598424742497,5.231,0.421951639889914,OTHER
1994,Ghana,GHA,918.428722656692,3.29999973947747,24.8702554369576,5.9,0.426586695929125,OTHER
1995,Ghana,GHA,933.895311664356,4.11241897162861,59.4615536991446,6.484,0.335747716894977,OTHER
1996,Ghana,GHA,954.325387944775,4.60246115564627,46.5610196762282,7.091,0.286903633491311,OTHER
1997,Ghana,GHA,970.995739362631,4.19635744019571,27.8852086407527,7.639,0.287938176197836,OTHER
1998,Ghana,GHA,992.20631798932,4.70039078427911,14.6241666666675,8.2,0.334707661290323,OTHER
1999,Ghana,GHA,1010.88194916348,4.39999682545296,4.86539785077528,10.1,0.333671099852227,OTHER
2000,Ghana,GHA,1022.27520714566,3.70000008164408,40.240933123914,10.456,0.4436304,OTHER
2001,Ghana,GHA,1035.22666053257,4.00000012807919,41.509496287803,9.615,0.264452812963597,OTHER
2002,Ghana,GHA,1052.46591644399,4.49999955900331,9.36093239560313,8.711,0.260305614783227,OTHER
2003,Ghana,GHA,1077.69990866645,5.200000133101,29.7729797160384,7.728,0.30375830974791,OTHER
2004,Ghana,GHA,1108.30475353633,5.59999999077445,18.0427388232565,6.758,0.277570912276859,OTHER
2005,Ghana,GHA,1143.31178934301,5.90000381855104,15.4389920155908,5.816,0.260967076343411,OTHER
2006,Ghana,GHA,1185.26570738595,6.39991260618034,11.6791839392492,4.897,0.262213532811969,OTHER
2007,Ghana,GHA,1205.31705804209,4.34681910440079,10.7342665456292,5.104,0.370332914572864,OTHER
2008,Ghana,GHA,1282.63416886747,9.14979893831817,16.494639613412,5.144,0.294033500427925,OTHER
2009,Ghana,GHA,1311.63053760125,4.84448705175076,19.2469482220857,5.362,0.336757870912986,OTHER
2010,Ghana,GHA,1381.2279503506,7.89971194051621,10.7333898354915,5.384,0.282687655236928,OTHER
2011,Ghana,GHA,1537.81834019283,14.0471235803149,8.7284593709302,4.213,0.43515452267479,OTHER
2012,Ghana,GHA,1640.54072088003,9.2927894063005,11.1863409441067,3.126,0.593208552483374,OTHER
2013,Ghana,GHA,1718.59704769958,7.31252501678145,11.6661923071729,2.173,0.400294579040699,OTHER
2014,Ghana,GHA,1726.36930134647,2.85624016330883,15.4896160333318,4.403,0.484989051455069,OTHER
2015,Ghana,GHA,1722.77282833606,2.12075933817334,17.1499695007878,6.806,0.392915126090548,OTHER
2016,Ghana,GHA,1740.81101902928,3.37346574966936,17.4546347070868,5.256,0.291412454265461,OTHER
2017,Ghana,GHA,1841.44636153249,8.12889488100956,12.3719215507048,3.369,0.312701278609545,OTHER
2018,Ghana,GHA,1915.4532323781,6.20007768127284,7.80876516610703,3.204,0.32587623925291,OTHER
2019,Ghana,GHA,1999.55372220211,6.5077747939152,7.14364003330857,3.067,0.343818178617089,OTHER
2020,Ghana,GHA,1970.19411460398,0.513941670628171,9.88728956269944,3.178,0.350949233772808,OTHER
2021,Ghana,GHA,2030.04866500967,5.07646643533542,9.9710886750444,3.2,0.382741906430833,OTHER
2022,Ghana,GHA,2067.20895910766,3.80484980952164,31.2558951049016,2.87,0.337946355940024,OTHER
2023,Ghana,GHA,2091.8133564595,3.14009099763754,38.1069656296501,2.829,0.398080247565807,OTHER
2024,Ghana,GHA,2167.72691406678,5.59045469593266,22.8483281157842,2.82,0.383994182354107,OTHER
2025,Ghana,GHA,,,,2.979,,OTHER
1990,Guinea,GIN,548.371534819426,4.3240627548313,,,,OTHER
1991,Guinea,GIN,540.622747465388,2.61342300409642,,4.56,2.38055425991604,OTHER
1992,Guinea,GIN,540.768238017649,3.2709473025656,,4.58,1.69464061466168,OTHER
1993,Guinea,GIN,551.006742654772,5.04414454071403,,4.561,1.3407093629396,OTHER
1994,Guinea,GIN,555.962782286148,3.97009910590064,,4.527,1.35611690454208,OTHER
1995,Guinea,GIN,565.553359749505,4.60767320245354,,4.494,,OTHER
1996,Guinea,GIN,574.302865750492,4.46157508517599,,4.509,,OTHER
1997,Guinea,GIN,591.77353015526,5.18160345773762,,4.477,1.17281926203606,OTHER
1998,Guinea,GIN,601.907993085373,3.64412124205991,,4.501,1.25499180312356,OTHER
1999,Guinea,GIN,611.007685844967,3.81200403347202,,4.517,1.59513114331129,OTHER
2000,Guinea,GIN,614.137235083638,2.50306056299607,,4.586,1.53463751403247,OTHER
2001,Guinea,GIN,628.320554864936,3.65834646929586,,4.584,3.10021054615164,OTHER
2002,Guinea,GIN,650.554963973291,5.16460946696631,,4.549,3.3246802439883,OTHER
2003,Guinea,GIN,644.071217908894,1.24860125923698,,4.628,2.44118141486197,OTHER
2004,Guinea,GIN,645.182843390689,2.34011731288737,,4.709,2.22856440980186,OTHER
2005,Guinea,GIN,651.359606871604,2.99727256275818,31.3733025877534,4.814,,OTHER
2006,Guinea,GIN,645.472001923653,1.18960211693242,34.6952705997072,4.863,,OTHER
2007,Guinea,GIN,673.698997420626,6.81747111070281,18.1755656108597,4.787,,OTHER
2008,Guinea,GIN,684.775780377366,4.13301615965833,23.065612938798,4.803,,OTHER
2009,Guinea,GIN,660.756701330284,-1.12264204848687,4.68438868976504,4.914,,OTHER
2010,Guinea,GIN,675.736917327708,4.81336016967553,15.0502688559001,5.018,,OTHER
2011,Guinea,GIN,696.199991395571,5.61211177430975,21.3169268542577,5.024,,OTHER
2012,Guinea,GIN,719.505916794546,5.91528626133322,15.2262941038638,4.874,2.24508735704069,OTHER
2013,Guinea,GIN,729.833143236326,3.94568708624053,11.8875884481828,4.944,2.38618429535759,OTHER
2014,Guinea,GIN,738.272274481308,3.69655311664086,6.1505055670642,5.044,2.27643791059905,OTHER
2015,Guinea,GIN,747.356966759448,3.82591056949435,11.7800825029834,5.15,2.5177315199509,OTHER
2016,Guinea,GIN,807.236421043888,10.82062719659,8.17268112275132,4.997,1.88200742269539,OTHER
2017,Guinea,GIN,867.907502577607,10.3000053427355,8.91435947913097,4.86,1.76492717450729,OTHER
2018,Guinea,GIN,899.907328045175,6.35849192736715,9.82761701259191,4.835,1.67017173427376,OTHER
2019,Guinea,GIN,926.42221954853,5.61691446889876,9.47001039253012,5.018,1.47320213579399,OTHER
2020,Guinea,GIN,945.570903389665,4.70459096113575,10.6016203387167,6.007,1.46963829052972,OTHER
2021,Guinea,GIN,973.646890096159,5.5823328114905,12.5972882566934,5.815,1.54641182201592,OTHER
2022,Guinea,GIN,987.502501465337,3.97240784200721,10.4930409984424,5.174,2.18865717393084,OTHER
2023,Guinea,GIN,1016.88094800324,5.54172668627702,7.80497591927973,5.141,2.13309701622161,OTHER
2024,Guinea,GIN,1045.92207475817,5.35004659051708,8.12313914948596,5.132,2.05370337042453,OTHER
2025,Guinea,GIN,,,,5.163,,OTHER
1990,"Gambia, The",GMB,658.711165332156,3.55887936756983,12.1677841130696,,0.46126597245397,OTHER
1991,"Gambia, The",GMB,651.229615381431,3.10703922385581,8.64234325973438,9.778,0.50424326671404,OTHER
1992,"Gambia, The",GMB,646.421031932611,3.37868879121812,9.48654250617163,9.888,0.409650498904237,OTHER
1993,"Gambia, The",GMB,641.918738488002,3.01210137437499,6.46380422753847,9.917,0.279219753894381,OTHER
1994,"Gambia, The",GMB,622.551318791124,0.154345959845131,1.71020632305637,10.044,0.255557491763486,OTHER
1995,"Gambia, The",GMB,609.618491441846,0.881848240754678,6.98097441830556,10.153,0.304615670171595,OTHER
1996,"Gambia, The",GMB,605.40992484126,2.22354563838627,1.09948870771018,10.192,0.397307469403729,OTHER
1997,"Gambia, The",GMB,617.297597679527,4.89999910999681,2.78122790023229,9.999,0.407575945502193,OTHER
1998,"Gambia, The",GMB,621.226058231623,3.49999870205306,1.11418841174713,9.898,0.384833814905964,OTHER
1999,"Gambia, The",GMB,642.873705091153,6.39999905009302,3.8123720536602,9.737,0.325833061382465,OTHER
2000,"Gambia, The",GMB,659.911237641141,5.50000021632955,0.8449695667737,9.722,0.31579359886356,OTHER
2001,"Gambia, The",GMB,679.539755947951,5.80000024323377,4.49259609239754,9.64,0.234862058929382,OTHER
2002,"Gambia, The",GMB,640.03893213613,-3.25000014970206,8.60912474386327,10.039,0.24438080993324,OTHER
2003,"Gambia, The",GMB,665.834222326194,6.86999962173842,17.0328665431988,9.991,0.227388636213975,OTHER
2004,"Gambia, The",GMB,693.563314497133,7.05000000064635,14.2067432845569,9.948,0.192621401787275,OTHER
2005,"Gambia, The",GMB,658.676285443081,-2.35172936176019,4.83862177543157,9.92,0.277027428909804,OTHER
2006,"Gambia, The",GMB,636.596026908866,-0.555580977246521,2.0565034236599,10.241,0.260242378391835,OTHER
2007,"Gambia, The",GMB,637.20930597537,3.04324950829739,5.36913473801957,10.425,0.355318377435937,OTHER
2008,"Gambia, The",GMB,657.675679192228,6.25590553394287,4.4436549094501,10.065,1.09491765751865,OTHER
2009,"Gambia, The",GMB,681.433469086571,6.6657243078367,4.56150687670983,9.778,0.482205427892009,OTHER
2010,"Gambia, The",GMB,701.014524591061,5.90833580968288,5.04968075857402,9.673,,OTHER
2011,"Gambia, The",GMB,625.464360270983,-8.13044422315659,4.7958826618311,10.276,,OTHER
2012,"Gambia, The",GMB,639.139881889048,5.24156924630741,4.25432199813899,10.346,0.792325301857297,OTHER
2013,"Gambia, The",GMB,638.522368532214,2.872768790327,5.69912989637382,9.454,0.754494266076443,OTHER
2014,"Gambia, The",GMB,611.879472952196,-1.40738249510954,5.94799935696626,8.191,1.18750912674762,OTHER
2015,"Gambia, The",GMB,619.536364296461,4.0580738039996,6.8084549457961,7.226,1.00885846696253,OTHER
2016,"Gambia, The",GMB,615.193365494386,1.94335965478776,7.22879272057922,6.244,,OTHER
2017,"Gambia, The",GMB,628.777299272925,4.8226112492757,8.03418974545911,5.097,,OTHER
2018,"Gambia, The",GMB,658.127833258563,7.23489033258579,6.52096823946573,4.055,0.68699671133711,OTHER
2019,"Gambia, The",GMB,682.797642940426,6.22205315994859,7.11567625631192,4.481,0.797324578818787,OTHER
2020,"Gambia, The",GMB,670.758642891251,0.591487287873974,5.93127636562441,5.84,0.816569761733964,OTHER
2021,"Gambia, The",GMB,689.49323955737,5.25596878816744,7.37034758876618,6.213,0.775165384461361,OTHER
2022,"Gambia, The",GMB,710.686979216316,5.49299823010114,11.5131198380505,6.067,0.705923163360025,OTHER
2023,"Gambia, The",GMB,735.612383709511,5.9167957146697,16.9742129632327,6.479,0.581008845800962,OTHER
2024,"Gambia, The",GMB,758.96588872906,5.55126069510321,11.5610532897511,6.48,0.574440350261863,OTHER
2025,"Gambia, The",GMB,,,,6.521,,OTHER
1990,Guinea-Bissau,GNB,569.169670374215,6.09999998628119,33.0019778318026,,,OTHER
1991,Guinea-Bissau,GNB,585.58551396824,5.10000003451967,57.5952847505664,3.009,,OTHER
1992,Guinea-Bissau,GNB,574.852002556155,1.09999996776526,69.5836363993793,3.083,,OTHER
1993,Guinea-Bissau,GNB,567.860072938098,2.09999998911347,48.1081660687067,3.143,,OTHER
1994,Guinea-Bissau,GNB,568.168871993007,3.20000001913081,15.1763474313441,3.173,0.317965023847377,OTHER
1995,Guinea-Bissau,GNB,578.381849917403,4.4000000061065,45.3653083621856,3.126,0.495568090249799,OTHER
1996,Guinea-Bissau,GNB,632.160906920913,11.6000000043869,50.7340549612119,2.994,0.566593083149375,OTHER
1997,Guinea-Bissau,GNB,660.537774707954,6.49999999321456,49.1009235769531,2.951,0.650521152667075,OTHER
1998,Guinea-Bissau,GNB,502.81554020706,-22.4457270657526,8.01375518965603,3.349,1.4047619047619,OTHER
1999,Guinea-Bissau,GNB,576.330795296558,16.8150212692905,-2.08630513223527,3.269,,OTHER
2000,Guinea-Bissau,GNB,571.094015178625,1.10027815777423,8.63632094930278,3.358,2.62803036170707,OTHER
2001,Guinea-Bissau,GNB,585.837980688333,4.7859716500482,3.34812265527108,2.958,1.62672677091596,OTHER
2002,Guinea-Bissau,GNB,594.040535151552,3.65393603642713,3.30012175283752,3.146,1.5586028989376,OTHER
2003,Guinea-Bissau,GNB,579.092506821836,-0.285931052286514,-3.50258551103421,3.169,1.57542311053966,OTHER
2004,Guinea-Bissau,GNB,572.526464627294,1.17189152277038,0.883302696930943,3.226,,OTHER
2005,Guinea-Bissau,GNB,595.94255560187,6.55977111846077,3.32919922802856,3.184,1.89459928348781,OTHER
2006,Guinea-Bissau,GNB,597.257151722046,2.66650493269572,1.95473717628916,3.143,,OTHER
2007,Guinea-Bissau,GNB,597.482020935948,2.55982647078751,4.61743772241997,3.125,,OTHER
2008,Guinea-Bissau,GNB,608.958620496925,4.52457514610252,10.4600731354706,3.157,,OTHER
2009,Guinea-Bissau,GNB,608.202131879882,2.44795106098685,-1.65139733620775,3.163,1.55025769160365,OTHER
2010,Guinea-Bissau,GNB,625.904027290582,5.60536311358261,2.51785140171701,3.121,1.82387957578709,OTHER
2011,Guinea-Bissau,GNB,658.953470528116,8.08504167173554,5.046102263202,3.072,1.51613050510836,OTHER
2012,Guinea-Bissau,GNB,630.66862302825,-1.71286958446419,2.13054580274503,3.135,2.33372193259001,OTHER
2013,Guinea-Bissau,GNB,634.095456089352,3.25607190852087,1.20712555668405,3.173,1.9570423918299,OTHER
2014,Guinea-Bissau,GNB,623.610159103365,0.964525745841428,-1.50924460570494,3.285,1.89380436110046,OTHER
2015,Guinea-Bissau,GNB,645.066837207039,6.1340893623123,1.47672048910485,3.168,1.47900420224188,OTHER
2016,Guinea-Bissau,GNB,663.242608032005,5.4326782650304,1.50312055861088,3.139,1.26454587592398,OTHER
2017,Guinea-Bissau,GNB,677.466131311367,4.66367943913264,1.69111461822298,3.089,1.30856549036791,OTHER
2018,Guinea-Bissau,GNB,686.456819839526,3.76145359637003,0.381324702790992,3.127,1.37872156165153,OTHER
2019,Guinea-Bissau,GNB,706.298562874985,5.32749571119344,0.24660026814783,2.413,1.49375034588535,OTHER
2020,Guinea-Bissau,GNB,710.275129060129,2.89139814952995,1.14000939393222,2.887,1.51874963824343,OTHER
2021,Guinea-Bissau,GNB,729.627090607537,5.05055831244401,2.24248879577658,3.016,1.46036445301284,OTHER
2022,Guinea-Bissau,GNB,752.901123263165,5.52987253058352,9.39075933985203,2.666,1.39829187831807,OTHER
2023,Guinea-Bissau,GNB,779.085789155531,5.82749502627256,7.10220928557059,2.632,1.2348847572106,OTHER
2024,Guinea-Bissau,GNB,793.692157673779,4.14631137217332,3.76555825770114,2.647,,OTHER
2025,Guinea-Bissau,GNB,,,,2.673,,OTHER
1990,Equatorial Guinea,GNQ,366.314404747023,-1.75856408496443,0.857871551124735,,,OTHER
1991,Equatorial Guinea,GNQ,349.352882285968,-1.02223887710288,-3.42528735632201,6.677,,OTHER
1992,Equatorial Guinea,GNQ,453.637813917067,34.7453200290652,-4.27874315639129,6.878,,OTHER
1993,Equatorial Guinea,GNQ,485.392231712925,11.0332130375277,5.4522847373328,7.024,,OTHER
1994,Equatorial Guinea,GNQ,545.595470854947,16.6688355418416,31.8410168416385,7.123,1.98642304021115,OTHER
1995,Equatorial Guinea,GNQ,617.294826128753,17.4862637323938,19.8724349483472,7.16,2.0456168533629,OTHER
1996,Equatorial Guinea,GNQ,989.777266733628,66.5799972215897,4.54072771540235,7.215,,OTHER
1997,Equatorial Guinea,GNQ,2380.32106827232,149.972963487965,3.01650540694366,7.263,,OTHER
1998,Equatorial Guinea,GNQ,2833.33184629343,23.7744823299607,7.93571069814148,7.332,,OTHER
1999,Equatorial Guinea,GNQ,3423.12126162912,25.6640154410418,0.372266170311928,7.417,,OTHER
2000,Equatorial Guinea,GNQ,3839.08642737128,18.2137799569674,4.80228886901398,7.444,,OTHER
2001,Equatorial Guinea,GNQ,5882.85050306586,63.3798754250602,8.82538925854966,7.551,,OTHER
2002,Equatorial Guinea,GNQ,6604.00546310809,19.4628340359251,7.5924784983324,7.646,,OTHER
2003,Equatorial Guinea,GNQ,7082.65489186921,13.9552503163825,7.32354399351809,7.701,,OTHER
2004,Equatorial Guinea,GNQ,9208.60566707162,37.9987268556423,4.21968787094834,7.658,,OTHER
2005,Equatorial Guinea,GNQ,10212.4545051498,16.7487006053541,5.63163351357613,7.667,,OTHER
2006,Equatorial Guinea,GNQ,10521.9996774827,7.70491760658767,4.41589984169561,7.612,,OTHER
2007,Equatorial Guinea,GNQ,11594.9172068456,15.2821139194857,2.80373831775704,7.592,1.50182586762037,OTHER
2008,Equatorial Guinea,GNQ,13048.0703050168,17.7991091333811,6.55176691184535,7.571,1.48230906749545,OTHER
2009,Equatorial Guinea,GNQ,12627.862381545,1.34335628806095,4.69106567747375,7.702,2.47492960390331,OTHER
2010,Equatorial Guinea,GNQ,10984.3243932426,-8.92417588851806,7.78916547991184,7.847,,OTHER
2011,Equatorial Guinea,GNQ,11203.9073679091,6.52392362989873,4.805389221557,7.837,,OTHER
2012,Equatorial Guinea,GNQ,11650.7196270884,8.31287184445641,3.65662048278806,7.761,,OTHER
2013,Equatorial Guinea,GNQ,10731.6455729191,-4.13319850131583,2.94887694639662,7.675,,OTHER
2014,Equatorial Guinea,GNQ,10363.4872473549,0.415066301596866,4.30999866149107,7.669,0.766177996343115,OTHER
2015,Equatorial Guinea,GNQ,9068.91003238645,-9.11004114881537,1.67663085315988,7.778,1.04143202034015,OTHER
2016,Equatorial Guinea,GNQ,7971.83401904573,-8.81641723219757,1.41193915479015,7.798,1.23948977462594,OTHER
2017,Equatorial Guinea,GNQ,7259.10936454803,-5.66750850486686,0.74435474661241,7.843,1.12893709401034,OTHER
2018,Equatorial Guinea,GNQ,6578.90039765711,-6.23654406734575,1.06007410662171,7.818,1.14208303034219,OTHER
2019,Equatorial Guinea,GNQ,6018.12066321865,-5.48182537893445,1.53027528964189,7.917,1.30805287179895,OTHER
2020,Equatorial Guinea,GNQ,5575.26241511492,-4.79108083383294,4.76669523944228,8.625,1.64082995887433,OTHER
2021,Equatorial Guinea,GNQ,5487.92479201992,0.860269956382069,-0.0971007664640198,8.821,1.34533764165546,OTHER
2022,Equatorial Guinea,GNQ,5524.24312418579,3.22350831658598,4.78671704710803,8.334,1.3031878031878,OTHER
2023,Equatorial Guinea,GNQ,5118.21986148331,-5.08930872071532,2.85949506037322,8.218,1.51867240610434,OTHER
2024,Equatorial Guinea,GNQ,5041.94038551173,0.907248245986736,2.92140227309103,8.293,0.982185856511218,OTHER
2025,Equatorial Guinea,GNQ,,,,8.337,,OTHER
1990,Greece,GRC,15438.7937023583,0.0,20.433499109463,,3.79826032707078,OTHER
1991,Greece,GRC,15727.4735434744,3.09999970633838,19.4558456445745,7.572,3.484865109943,OTHER
1992,Greece,GRC,15717.04638162,0.700000337119789,15.8770737923919,8.927,3.62980089042347,OTHER
1993,Greece,GRC,15374.8626265369,-1.60000002186294,14.4112644439349,10.177,3.60012469561704,OTHER
1994,Greece,GRC,15604.0339944242,1.99999984724822,10.8740756809131,9.808,3.58197232877289,OTHER
1995,Greece,GRC,15857.4161930856,2.09971953235275,8.93451415961512,10.116,3.09663675025723,OTHER
1996,Greece,GRC,16005.9511569711,1.38247057325857,8.19455217632728,10.402,3.23732069026365,OTHER
1997,Greece,GRC,16501.0316491318,3.60288326516122,5.53600266773482,10.472,3.29602741401833,OTHER
1998,Greece,GRC,16973.8293714071,3.43693579661333,4.76622572397645,12.227,3.45541464568208,OTHER
1999,Greece,GRC,17358.4346978294,2.65878562321184,2.6366330602198,12.138,3.49420868804542,OTHER
2000,Greece,GRC,18002.9064613985,4.13782699405849,3.15118162493827,11.345,3.59479870587568,OTHER
2001,Greece,GRC,18742.4235780691,4.65041459442163,3.37396832213865,10.764,3.35627566229104,OTHER
2002,Greece,GRC,19548.3677447396,4.68313727063017,3.62935871878874,10.346,3.16565671755075,OTHER
2003,Greece,GRC,20632.2557041942,5.79682274294369,3.53065027765554,9.839,2.56278132746133,OTHER
2004,Greece,GRC,21688.1050959558,5.37786634595851,2.89884810758167,10.628,2.67202808458836,OTHER
2005,Greece,GRC,21880.5265835801,1.18350635493289,3.5450727333508,10.074,2.90167987543818,OTHER
2006,Greece,GRC,23220.5324419197,6.44339762487436,3.19594684144543,8.906,2.82969288184235,OTHER
2007,Greece,GRC,23973.6936091313,3.50686976639459,2.89500321516578,8.351,2.71917513817491,OTHER
2008,Greece,GRC,23923.8800731311,0.0574740238200775,4.1527970811029,7.664,3.02372412926418,OTHER
2009,Greece,GRC,22878.1346644397,-4.11927606715011,1.21007269197809,9.546,3.26904009456305,OTHER
2010,Greece,GRC,21547.724178239,-5.6937412158003,4.71298907760395,12.719,2.75678087939637,OTHER
2011,Greece,GRC,19448.255802525,-9.87677875300243,3.3298532335065,17.973,2.52021146748907,OTHER
2012,Greece,GRC,17924.6620496886,-8.33113421099992,1.50152696177758,24.731,2.47639628901893,OTHER
2013,Greece,GRC,17644.8766635021,-2.27211699888024,-0.921269454256899,27.686,2.39130807647224,OTHER
2014,Greece,GRC,17903.5252440012,0.792225060962835,-1.31226096405525,26.708,2.36784026258467,OTHER
2015,Greece,GRC,17980.7298238137,-0.228301892172851,-1.73588804765275,24.981,2.47743424261411,OTHER
2016,Greece,GRC,18049.928997892,-0.0317947678412054,-0.825653978391033,23.514,2.57279833754101,OTHER
2017,Greece,GRC,18352.0884461258,1.47312472702352,1.12125452031425,21.413,2.556623889921,OTHER
2018,Greece,GRC,18769.0389621976,2.06467207892409,0.62562141345364,19.179,2.70054108209766,OTHER
2019,Greece,GRC,19216.6759579785,2.27718065334808,0.253007522038059,17.045,2.59648367110305,OTHER
2020,Greece,GRC,17486.951333323,-9.19623149726978,-1.24798355581405,15.899,3.02310765728834,OTHER
2021,Greece,GRC,19232.9683327114,8.65449786002131,1.22382501019854,14.656,3.80247367841764,OTHER
2022,Greece,GRC,20552.3223279685,5.52198580589408,9.64525981280642,12.426,4.00035246143373,OTHER
2023,Greece,GRC,21050.8648111581,2.13591131996631,3.46480128513405,11.023,2.88325472633445,OTHER
2024,Greece,GRC,21494.6856060599,2.0865743380603,2.74101875679477,10.02,3.12797536550149,OTHER
2025,Greece,GRC,,,,8.54,,OTHER
1990,Grenada,GRD,5102.69172981553,4.01261191599704,2.72423736530525,,,OTHER
1991,Grenada,GRD,5130.48257478522,1.38554578702994,2.64460367880678,,,OTHER
1992,Grenada,GRD,5046.3110720505,-0.851148756391396,3.77833753148618,,,OTHER
1993,Grenada,GRD,4909.77076444883,-1.95881558143746,2.80859916782245,,,OTHER
1994,Grenada,GRD,4956.32245138997,1.69355604419043,3.77065767284965,,,OTHER
1995,Grenada,GRD,5026.24215573734,2.12947514959858,1.86882475298978,,,OTHER
1996,Grenada,GRD,5213.43103712383,4.43823471603358,2.03235172127782,,,OTHER
1997,Grenada,GRD,5438.0445822801,5.01549460936745,1.24452782989343,,,OTHER
1998,Grenada,GRD,6036.15899808614,11.7535029919192,1.37769330389496,,,OTHER
1999,Grenada,GRD,6409.14591451052,6.89836243368677,0.577427638677119,,,OTHER
2000,Grenada,GRD,6677.1265230922,4.88795213650562,2.18181818181821,,,OTHER
2001,Grenada,GRD,6509.51660313374,-2.02390004072058,3.14099305202543,,,OTHER
2002,Grenada,GRD,6707.36873532777,3.43732352954147,1.06721547992874,,,OTHER
2003,Grenada,GRD,7309.78547094579,9.46397343076491,2.15492809908679,,,OTHER
2004,Grenada,GRD,7233.29494434962,-0.647450316084857,2.3129167822611,,,OTHER
2005,Grenada,GRD,8162.91232124727,13.2761883306272,3.475806937554,,,OTHER
2006,Grenada,GRD,7808.24358323434,-3.99532824427482,4.25195321977967,,,OTHER
2007,Grenada,GRD,8257.36225682689,6.12345094741467,3.85882922469653,,,OTHER
2008,Grenada,GRD,8307.49221491819,0.947542624907697,8.0332732765034,,,OTHER
2009,Grenada,GRD,7733.12990600058,-6.61328134799545,-0.308654779585642,,,OTHER
2010,Grenada,GRD,7670.71165827663,-0.511146187173722,3.43650905943351,,,OTHER
2011,Grenada,GRD,7695.37616017287,0.764773550338731,3.0334728033474,,,OTHER
2012,Grenada,GRD,7559.5628483956,-1.15483816409801,2.41077704021862,,,OTHER
2013,Grenada,GRD,7688.75297701343,2.35109801677905,-0.0439997864828058,,,OTHER
2014,Grenada,GRD,8206.62862112333,7.34212396037948,-0.98360305555498,,,OTHER
2015,Grenada,GRD,8694.12438005692,6.44522314693144,-0.515448031435329,,,OTHER
2016,Grenada,GRD,8983.68397337899,3.7396039558691,1.65038994431573,,,OTHER
2017,Grenada,GRD,9357.40728883583,4.43867566948151,0.908458255874249,,,OTHER
2018,Grenada,GRD,9744.16919577204,4.36144039364797,0.804102313277033,,,OTHER
2019,Grenada,GRD,9785.56040240592,0.676511738873756,0.598149764736022,,,OTHER
2020,Grenada,GRD,8413.28335500372,-13.7566222572107,-0.740732597045498,,,OTHER
2021,Grenada,GRD,8782.32193426078,4.6977240232674,1.21951193916838,,,OTHER
2022,Grenada,GRD,9406.19337643226,7.31023806981959,2.5805392590792,,,OTHER
2023,Grenada,GRD,9817.86383583917,4.52657497450693,2.69612269814564,,,OTHER
2024,Grenada,GRD,10196.0049872434,3.96332516398188,1.08615365134737,,,OTHER
1990,Greenland,GRL,26805.5496974442,-11.7195329863483,,,,OTHER
1991,Greenland,GRL,26823.378375534,-0.113464594236802,,,,OTHER
1992,Greenland,GRL,25544.2992633194,-5.1117000323197,,,,OTHER
1993,Greenland,GRL,24303.8982888635,-5.02793262942515,,,,OTHER
1994,Greenland,GRL,25604.5956883247,5.92436980149209,,,,OTHER
1995,Greenland,GRL,26416.5165028368,3.72867748911121,,,,OTHER
1996,Greenland,GRL,26772.6138141762,1.52963736132679,,,,OTHER
1997,Greenland,GRL,27117.3732945796,1.46892638096972,,,,OTHER
1998,Greenland,GRL,29169.0465812684,7.75798174482551,,,,OTHER
1999,Greenland,GRL,29570.9623369365,1.37788444524006,,,,OTHER
2000,Greenland,GRL,31623.0591501943,7.10159688181619,,,,OTHER
2001,Greenland,GRL,31914.1710964481,1.26903507902787,,,,OTHER
2002,Greenland,GRL,31483.6074780094,-0.971177310665553,,,,OTHER
2003,Greenland,GRL,32787.9680355213,4.43004572118211,,,,OTHER
2004,Greenland,GRL,34961.9356097257,6.90658283676629,,,,OTHER
2005,Greenland,GRL,36681.8055890619,4.98749177090193,,,,OTHER
2006,Greenland,GRL,38828.8524943222,5.55569490080012,,,,OTHER
2007,Greenland,GRL,39896.875364094,2.3524379811805,,,,OTHER
2008,Greenland,GRL,42527.6668469766,6.1661327018619,,,,OTHER
2009,Greenland,GRL,42899.7441985862,0.865952328886948,,,,OTHER
2010,Greenland,GRL,43481.5161087805,1.73582505889665,,,,OTHER
2011,Greenland,GRL,42994.8790874739,-0.496519391959083,,,,OTHER
2012,Greenland,GRL,43655.7004664255,1.39419335955625,,,,OTHER
2013,Greenland,GRL,43338.3839246907,-1.29828069335511,,,,OTHER
2014,Greenland,GRL,45545.1429414917,4.7421356730152,,,,OTHER
2015,Greenland,GRL,44536.3549705377,-2.52931802394475,,,,OTHER
2016,Greenland,GRL,46561.7831434013,4.68195410972302,,,,OTHER
2017,Greenland,GRL,46597.9452470348,0.0527281828800312,,,,OTHER
2018,Greenland,GRL,47012.9860350276,0.62306542854094,,,,OTHER
2019,Greenland,GRL,48170.7896955512,2.83217756798683,,,,OTHER
2020,Greenland,GRL,48169.9406957389,0.250789762104304,,,,OTHER
2021,Greenland,GRL,48709.9339758895,1.63409410992996,,,,OTHER
2022,Greenland,GRL,49679.3365414895,2.00455580865604,,,,OTHER
2023,Greenland,GRL,49929.7755428605,0.865961986998158,,,,OTHER
1990,Guatemala,GTM,2741.53813375037,3.10256317557587,41.2218671380973,,1.72801156281599,OTHER
1991,Guatemala,GTM,2765.88213482886,3.65824875006811,33.1664219167535,2.197,1.26843726414995,OTHER
1992,Guatemala,GTM,2823.67212991373,4.83833884688683,10.0459179984088,2.163,1.47262037513846,OTHER
1993,Guatemala,GTM,2857.29628943939,3.92713194504024,11.8196901746257,2.133,1.26706017134887,OTHER
1994,Guatemala,GTM,2894.43116818061,4.03374149641458,10.8553211494391,2.12,1.1785345993652,OTHER
1995,Guatemala,GTM,2958.34840487622,4.94854750210382,8.41141312270566,2.117,1.08042737364637,OTHER
1996,Guatemala,GTM,2967.99357852543,2.95777988740716,11.0569165321987,2.156,0.895717413539242,OTHER
1997,Guatemala,GTM,3019.28723341593,4.36408994678341,9.23290294884935,2.145,0.74281794332224,OTHER
1998,Guatemala,GTM,3089.97595220047,4.99352780305848,6.61346070518058,2.145,0.720839850994178,OTHER
1999,Guatemala,GTM,3129.12077244858,3.8470621889051,5.21361058601122,2.113,0.675600759866063,OTHER
2000,Guatemala,GTM,3165.9323746889,3.6088687174876,5.97757734737136,2.143,0.918401634718749,OTHER
2001,Guatemala,GTM,3166.20351297452,2.33257486608854,7.28587366610138,2.251,1.05206292918867,OTHER
2002,Guatemala,GTM,3213.26837369582,3.83928708556792,8.13263054281054,2.254,0.762245026054294,OTHER
2003,Guatemala,GTM,3222.15468293683,2.56037766801896,5.60347675434469,2.807,0.815655342525256,OTHER
2004,Guatemala,GTM,3250.20406037693,3.13791683609193,7.57862247309729,2.971,0.479416089056921,OTHER
2005,Guatemala,GTM,3284.80971612832,3.27602692588886,9.1086498571922,3.059,0.383913656735458,OTHER
2006,Guatemala,GTM,3388.15003339926,5.35139778711536,6.56085282795384,2.96,0.43182946456192,OTHER
2007,Guatemala,GTM,3527.7782721364,6.33771869016203,6.82161753590326,2.847,0.398456601466993,OTHER
2008,Guatemala,GTM,3569.92861121538,3.29352400028485,11.355761126315,2.898,0.468231102914397,OTHER
2009,Guatemala,GTM,3516.19227725255,0.476898106596394,1.85910254733028,3.22,0.395326073511874,OTHER
2010,Guatemala,GTM,3546.6258162259,2.88417542800377,3.8595090983316,3.497,0.441382604389834,OTHER
2011,Guatemala,GTM,3621.37409769184,4.16390688293349,6.214123930671,3.169,0.459619447723005,OTHER
2012,Guatemala,GTM,3655.57315791242,2.97470856847661,3.78180754679678,2.765,0.475870730886697,OTHER
2013,Guatemala,GTM,3717.30462628413,3.69481894978053,4.34337131279521,3.017,0.471272593167646,OTHER
2014,Guatemala,GTM,3809.61587570091,4.44397783368888,3.4183616966296,2.717,0.424656428368739,OTHER
2015,Guatemala,GTM,3893.50533299068,4.09217081621244,2.3887203283955,2.506,0.405967931287061,OTHER
2016,Guatemala,GTM,3924.77894837098,2.67780277623314,4.44844199942827,2.583,0.440496512523365,OTHER
2017,Guatemala,GTM,3972.74057836068,3.07985126948702,4.42453655182546,2.462,0.383850245049506,OTHER
2018,Guatemala,GTM,4040.2121371198,3.40687348346576,3.75186186704508,2.283,0.372491637911365,OTHER
2019,Guatemala,GTM,4139.12203836307,4.01789785040324,3.69998398008605,2.193,0.430070763358893,OTHER
2020,Guatemala,GTM,4005.83911593999,-1.78555175063326,3.21444062197345,2.965,0.440993296513657,OTHER
2021,Guatemala,GTM,4268.62858565412,8.04170378184928,4.26105127422813,2.174,0.390634304160435,OTHER
2022,Guatemala,GTM,4385.14891178047,4.18451817243695,6.88512823344287,3.051,0.461665961921935,OTHER
2023,Guatemala,GTM,4470.70728455461,3.5331575177533,6.20657592272126,2.344,0.41898209578954,OTHER
2024,Guatemala,GTM,4563.09590652717,3.65186382894819,2.86992752918294,2.613,0.367622067360881,OTHER
2025,Guatemala,GTM,,,,2.604,,OTHER
1991,Guam,GUM,,,,3.509,,OTHER
1992,Guam,GUM,,,,3.837,,OTHER
1993,Guam,GUM,,,,5.527,,OTHER
1994,Guam,GUM,,,,7.6,,OTHER
1995,Guam,GUM,,,,7.9,,OTHER
1996,Guam,GUM,,,,8.283,,OTHER
1997,Guam,GUM,,,,9.67,,OTHER
1998,Guam,GUM,,,,7.74,,OTHER
1999,Guam,GUM,,,,13.95,,OTHER
2000,Guam,GUM,,,,15.32,,OTHER
2001,Guam,GUM,,,,13.213,,OTHER
2002,Guam,GUM,29576.221681311,,,11.39,,OTHER
2003,Guam,GUM,29685.9531745657,0.879314134974734,,9.693,,OTHER
2004,Guam,GUM,31483.8141949558,6.49378949662236,,7.7,,OTHER
2005,Guam,GUM,32520.3729565352,3.64231634949867,,7.0,,OTHER
2006,Guam,GUM,31242.462900947,-3.65251727541954,,7.4,,OTHER
2007,Guam,GUM,31385.0475162113,0.717213114754102,,8.3,,OTHER
2008,Guam,GUM,31941.2706025874,2.03458799593082,,8.892,,OTHER
2009,Guam,GUM,31988.7229358255,0.438683948155543,,9.3,,OTHER
2010,Guam,GUM,32644.1484056205,2.26325193567601,,8.2,,OTHER
2011,Guam,GUM,32665.3787483379,0.0776548243059523,,13.3,,OTHER
2012,Guam,GUM,33404.9317636913,2.13385063045585,,12.2,,OTHER
2013,Guam,GUM,34044.3190415455,1.69040835707501,,11.5,,OTHER
2014,Guam,GUM,34755.2691107298,1.79305192379529,,7.6,,OTHER
2015,Guam,GUM,35165.7014644795,0.825688073394488,,6.9,,OTHER
2016,Guam,GUM,35373.8483143417,0.18198362147406,,5.4,,OTHER
2017,Guam,GUM,35850.9025520506,0.890099909173486,,5.418,,OTHER
2018,Guam,GUM,35731.2203743081,-0.828231904933389,,5.45,,OTHER
2019,Guam,GUM,36830.1264410973,2.52360203340596,,5.405,,OTHER
2020,Guam,GUM,32884.8852646787,-10.5188595714539,,6.241,,OTHER
2021,Guam,GUM,33239.4846327875,2.0581832574708,,6.0,,OTHER
2022,Guam,GUM,34627.9862781837,5.09986426216793,,5.383,,OTHER
2023,Guam,GUM,,,,5.262,,OTHER
2024,Guam,GUM,,,,5.252,,OTHER
2025,Guam,GUM,,,,5.569,,OTHER
1990,Guyana,GUY,2377.21795364949,-3.06748466406728,,,0.905828279604213,OTHER
1991,Guyana,GUY,2528.08038811696,6.05786618530573,,12.092,0.582892778319561,OTHER
1992,Guyana,GUY,2716.75893023455,7.75788577607526,,11.9,0.969692301108401,OTHER
1993,Guyana,GUY,2926.93693707006,8.17510549304023,,11.617,0.950952235978621,OTHER
1994,Guyana,GUY,3164.66777875426,8.53242316667276,,11.534,1.00593672094627,OTHER
1995,Guyana,GUY,3312.64996890674,5.03144655812085,12.2105263157895,11.566,0.915520386083765,OTHER
1996,Guyana,GUY,3566.13499360957,7.95551754125103,7.09471197276045,11.542,0.78783093358105,OTHER
1997,Guyana,GUY,3778.00652865741,6.18066561019938,3.55567090578809,11.565,,OTHER
1998,Guyana,GUY,3708.04637110615,-1.67910449189729,4.5864661654135,11.687,,OTHER
1999,Guyana,GUY,3813.33057565798,2.96015180311224,7.53821939851393,11.771,,OTHER
2000,Guyana,GUY,3759.60789699989,-1.36380390261873,6.14854333024871,11.917,1.765977248429,OTHER
2001,Guyana,GUY,3847.09461851367,2.2795216592191,2.62741314203332,11.796,2.01794562341177,OTHER
2002,Guyana,GUY,3894.87107415198,1.13262696199476,5.3410152137741,11.81,2.29328668097935,OTHER
2003,Guyana,GUY,3873.04123684261,-0.632225388266377,5.98097814066473,11.529,2.19971682743689,OTHER
2004,Guyana,GUY,3937.11435304522,1.56335211034042,4.66846622369882,11.281,2.80932483375126,OTHER
2005,Guyana,GUY,3867.93308158647,-1.95095759501714,6.92554303890157,11.085,1.41048583687429,OTHER
2006,Guyana,GUY,4076.77981715707,5.12960934773,6.67715790410028,10.7,0.805815134799291,OTHER
2007,Guyana,GUY,4382.10449666813,7.19123624057457,12.2001544446648,10.84,0.914399668478094,OTHER
2008,Guyana,GUY,4472.34517889699,1.75522349592019,8.10202206969276,11.018,1.00888107540392,OTHER
2009,Guyana,GUY,4649.34144792756,3.61150847218585,2.95230096381001,11.307,0.981015648111865,OTHER
2010,Guyana,GUY,4860.09110980566,4.13844160137342,3.73337757704246,11.632,0.905210395614708,OTHER
2011,Guyana,GUY,5133.89539813637,5.19625156051602,4.9777356370697,11.811,0.878175345601621,OTHER
2012,Guyana,GUY,5403.79899428921,5.27633062046809,2.39193521312334,12.029,0.825543220373685,OTHER
2013,Guyana,GUY,5573.3421790463,3.65338433338232,1.90125181860582,12.296,0.843693300095089,OTHER
2014,Guyana,GUY,5635.71704117947,1.68649445019584,0.852630497539914,12.637,0.951652170035393,OTHER
2015,Guyana,GUY,5640.41560569466,0.687404590619494,-1.00173432776374,13.009,1.08486547097887,OTHER
2016,Guyana,GUY,5818.61682204646,3.80745626378814,0.836008061506207,13.263,1.15412827584568,OTHER
2017,Guyana,GUY,5997.18271426826,3.73449154571284,1.90465615515584,13.466,1.25334268912328,OTHER
2018,Guyana,GUY,6080.90612132746,4.44091288475967,1.28284288443528,13.627,1.29081562879598,OTHER
2019,Guyana,GUY,6278.63054079553,5.35284003535665,2.08723089162013,13.172,1.29961278504611,OTHER
2020,Guyana,GUY,9010.61000469878,43.479651716849,0.99333702283873,15.308,1.40257741131547,OTHER
2021,Guyana,GUY,10711.9973374148,20.0599975568418,5.03285574626702,14.576,0.954930861063661,OTHER
2022,Guyana,GUY,17365.3336428642,63.3346343654855,6.11505550109935,11.907,0.601394233025198,OTHER
2023,Guyana,GUY,23101.3538282741,33.795011115873,2.82110335099641,11.917,0.640353101540134,OTHER
2024,Guyana,GUY,33034.9576389333,43.8193108024355,2.90395226446373,11.874,0.868162254451279,OTHER
2025,Guyana,GUY,,,,11.962,,OTHER
1990,"Hong Kong SAR, China",HKG,21357.261954163,3.83051133487089,10.4265402843602,,,OTHER
1991,"Hong Kong SAR, China",HKG,22388.6218309583,5.70196943141934,11.1587982832617,1.8,,OTHER
1992,"Hong Kong SAR, China",HKG,23585.6725886113,6.23495995728777,9.65250965250966,1.96,,OTHER
1993,"Hong Kong SAR, China",HKG,24621.6526581433,6.20112526967796,8.80281690140857,1.96,,OTHER
1994,"Hong Kong SAR, China",HKG,25526.4430507368,6.0360512473774,8.73786407766985,1.9,,OTHER
1995,"Hong Kong SAR, China",HKG,25620.0249332016,2.37380672369116,9.07738095238091,3.22,,OTHER
1996,"Hong Kong SAR, China",HKG,25551.3664004759,4.25843711528601,6.27557980900412,2.83,,OTHER
1997,"Hong Kong SAR, China",HKG,26631.7937071384,5.09978939593832,5.77663671373521,2.22,,OTHER
1998,"Hong Kong SAR, China",HKG,24856.7648070417,-5.88264500371425,2.91262135922399,4.58,,OTHER
1999,"Hong Kong SAR, China",HKG,25237.6579989129,2.50675994648854,-4.00943396226445,6.25,,OTHER
2000,"Hong Kong SAR, China",HKG,26933.2377453994,7.6634341189713,-3.68550368550369,4.92,,OTHER
2001,"Hong Kong SAR, China",HKG,26885.4284833926,0.560861638399899,-1.65816326530609,5.09,,OTHER
2002,"Hong Kong SAR, China",HKG,27210.0693480769,1.65668551983116,-2.98313878080415,7.28,,OTHER
2003,"Hong Kong SAR, China",HKG,28097.108881817,3.05632955101336,-2.67379679144394,7.86,,OTHER
2004,"Hong Kong SAR, China",HKG,30304.3126863152,8.70010092519611,-0.274725274725253,6.74,,OTHER
2005,"Hong Kong SAR, China",HKG,32401.3907659685,7.38818981322424,0.826446280991827,5.58,,OTHER
2006,"Hong Kong SAR, China",HKG,34458.0498746756,7.03267723716037,2.00025160397534,4.77,,OTHER
2007,"Hong Kong SAR, China",HKG,36371.6859370268,6.46480843115236,2.03502713369511,4.01,,OTHER
2008,"Hong Kong SAR, China",HKG,36924.0883854556,2.1279154483889,4.30315484104921,3.56,,OTHER
2009,"Hong Kong SAR, China",HKG,35938.5902369431,-2.45915292608368,0.579441418472608,5.26,,OTHER
2010,"Hong Kong SAR, China",HKG,38090.0213994329,6.76768834119794,2.29289088604673,4.329,,OTHER
2011,"Hong Kong SAR, China",HKG,39656.3392885062,4.81470669259771,5.3052489299392,3.422,,OTHER
2012,"Hong Kong SAR, China",HKG,39887.8339456509,1.70030613669923,4.05390950903844,3.285,,OTHER
2013,"Hong Kong SAR, China",HKG,40959.9813033996,3.10152391561608,4.33799342105267,3.4,,OTHER
2014,"Hong Kong SAR, China",HKG,41796.8681867763,2.76242639191302,4.42364532019699,3.296,,OTHER
2015,"Hong Kong SAR, China",HKG,42432.1619740441,2.38777942738729,2.99084819322581,3.314,,OTHER
2016,"Hong Kong SAR, China",HKG,43087.5455578429,2.17542886502997,2.40930743862224,3.392,,OTHER
2017,"Hong Kong SAR, China",HKG,44380.8100340362,3.79611114629799,1.49387243939522,3.124,,OTHER
2018,"Hong Kong SAR, China",HKG,45280.5079891951,2.84695146463069,2.40613432046534,2.805,,OTHER
2019,"Hong Kong SAR, China",HKG,44195.2768644431,-1.6724459934221,2.88320853773996,2.917,,OTHER
2020,"Hong Kong SAR, China",HKG,41451.2981131333,-6.54480412699255,0.2509620210808,5.808,,OTHER
2021,"Hong Kong SAR, China",HKG,44530.9262090583,6.45444409087024,1.56875834445922,5.174,,OTHER
2022,"Hong Kong SAR, China",HKG,43281.6852291306,-3.68378414495199,1.88136707196853,4.318,,OTHER
2023,"Hong Kong SAR, China",HKG,43550.6298747786,3.2238599613664,2.09660511249089,2.949,,OTHER
2024,"Hong Kong SAR, China",HKG,44712.7654725532,2.50498758466826,1.72972119105914,2.988,,OTHER
2025,"Hong Kong SAR, China",HKG,,,,2.799,,OTHER
1990,Honduras,HND,457.981040092588,21.1713674322465,23.3225664366467,,2.20148360851878,OTHER
1991,Honduras,HND,561.125591834347,26.0469004465336,33.9722602535864,4.58,1.54468554615668,OTHER
1992,Honduras,HND,594.689001241267,9.03523521415093,8.75988625255494,3.06,,OTHER
1993,Honduras,HND,656.86982773363,13.6371742968735,10.748646716372,3.098,1.15782978535854,OTHER
1994,Honduras,HND,823.791676020234,29.0190204112194,21.729346883819,3.138,,OTHER
1995,Honduras,HND,998.356565121201,24.6744629260929,29.4645292281585,3.24,,OTHER
1996,Honduras,HND,1193.38830826361,22.9573908956763,23.8378353073358,4.37,,OTHER
1997,Honduras,HND,1420.73109649805,22.4277453268568,20.1998667554962,3.32,,OTHER
1998,Honduras,HND,1543.75794763324,11.5761659820033,13.6681077485869,4.02,,OTHER
1999,Honduras,HND,1677.77949120879,11.5758601477966,11.66374097913,3.85,,OTHER
2000,Honduras,HND,1789.47798512637,9.61221881702615,11.0480349344976,3.883,0.729929060458941,OTHER
2001,Honduras,HND,1789.18816032117,2.72319327321379,9.67415556865377,4.0,0.822610515328626,OTHER
2002,Honduras,HND,1807.97305547292,3.75433786119939,7.69050972034271,4.02,0.809187514419362,OTHER
2003,Honduras,HND,1842.29750018813,4.54703805165397,7.67416639397937,5.3,0.998264922159563,OTHER
2004,Honduras,HND,1908.90950050464,6.23230296069102,8.1137909709338,5.99,0.682692754206461,OTHER
2005,Honduras,HND,1975.85647913236,6.05059922215973,8.80906074819819,4.909,0.641478464457184,OTHER
2006,Honduras,HND,2056.53491469231,6.56724355177587,5.57775207654298,3.574,0.692430000775615,OTHER
2007,Honduras,HND,2134.19540639485,6.18832716678008,6.93621470895774,3.211,0.776008264862645,OTHER
2008,Honduras,HND,2175.14709403064,4.23160011009342,11.4034270813932,3.156,0.953978556250972,OTHER
2009,Honduras,HND,2076.30859895638,-2.43162787988011,5.49634273772208,3.292,1.07491069621038,OTHER
2010,Honduras,HND,2108.47314459603,3.73114034433009,4.69889064976226,4.119,1.07445720815541,OTHER
2011,Honduras,HND,2144.56265540491,3.83569066207505,6.7622795731476,4.474,1.13130910330426,OTHER
2012,Honduras,HND,2188.39378817891,4.12868774866939,5.19618615531848,3.755,1.13179437578958,OTHER
2013,Honduras,HND,2205.40126728067,2.79155975746801,5.16189898581494,5.646,1.3795353155606,OTHER
2014,Honduras,HND,2229.24772232218,3.0580805621437,6.12924930313022,7.078,1.19271597688079,OTHER
2015,Honduras,HND,2271.20265980349,3.84007997093951,3.15783117980923,6.147,1.35173104039659,OTHER
2016,Honduras,HND,2315.72983058198,3.89297219726413,2.72461223295289,6.727,1.53155567439147,OTHER
2017,Honduras,HND,2383.37398439714,4.84291391050387,3.93436084442044,5.528,1.58983296006831,OTHER
2018,Honduras,HND,2430.13503657762,3.84499476966735,4.34734937777528,5.648,1.48969667029328,OTHER
2019,Honduras,HND,2447.61649282181,2.55963434592314,4.36587159819267,5.698,1.57817708956802,OTHER
2020,Honduras,HND,2189.43168668222,-8.96508223267296,3.46841177951184,10.982,1.4667972724004,OTHER
2021,Honduras,HND,2423.76634916911,12.5652843771279,4.48087963413445,8.506,1.49821773541885,OTHER
2022,Honduras,HND,2482.22384904714,4.14356194013767,9.08963911525025,8.774,1.46557698015697,OTHER
2023,Honduras,HND,2527.27366333188,3.57584760454412,6.66325180347457,6.07,1.52388630538342,OTHER
2024,Honduras,HND,2573.37159995648,3.55397003296669,4.60621098127107,4.91,1.57536270602411,OTHER
2025,Honduras,HND,,,,4.92,,OTHER
1990,Heavily indebted poor countries (HIPC),HPC,695.248635347886,-1.12239116272377,,,3.27171364077464,OTHER
1991,Heavily indebted poor countries (HIPC),HPC,683.111825208589,0.904184628955534,,5.12070312374583,3.08071269731621,OTHER
1992,Heavily indebted poor countries (HIPC),HPC,653.966879246797,-1.40644680220764,,5.23070943274951,2.06592895549592,OTHER
1993,Heavily indebted poor countries (HIPC),HPC,635.530014423783,0.316878264953317,,5.22608473462243,2.25425419328299,OTHER
1994,Heavily indebted poor countries (HIPC),HPC,618.841970017115,0.354238640439704,,5.16730035156024,1.87307428830596,OTHER
1995,Heavily indebted poor countries (HIPC),HPC,632.557448099031,5.204008663378,,4.98342281731573,1.57596141346289,OTHER
1996,Heavily indebted poor countries (HIPC),HPC,649.02700017609,5.58668820755857,,4.95209843066913,1.42026533268043,OTHER
1997,Heavily indebted poor countries (HIPC),HPC,668.799393844589,5.96070164030922,,4.88640547366322,1.4389680205489,OTHER
1998,Heavily indebted poor countries (HIPC),HPC,674.491757379862,3.75087947156463,,4.95227177541551,2.10440946852881,OTHER
1999,Heavily indebted poor countries (HIPC),HPC,678.359688209088,3.47142502200934,,5.09699241426821,2.33760263361702,OTHER
2000,Heavily indebted poor countries (HIPC),HPC,679.180241236318,2.87595722595286,,5.14077341492919,1.98319701344565,OTHER
2001,Heavily indebted poor countries (HIPC),HPC,685.314051709361,3.66925785128929,,5.07037722965317,1.84921431956689,OTHER
2002,Heavily indebted poor countries (HIPC),HPC,691.889343076378,3.91213514450783,,5.03835833800164,1.72436560336309,OTHER
2003,Heavily indebted poor countries (HIPC),HPC,699.033702737858,4.02463406918281,,4.99109102200802,1.49109793883718,OTHER
2004,Heavily indebted poor countries (HIPC),HPC,718.761366870826,5.76695683392168,,4.85081989248064,1.73295238576052,OTHER
2005,Heavily indebted poor countries (HIPC),HPC,737.272732422018,5.53135344903536,,4.68888744539656,1.49331616365041,OTHER
2006,Heavily indebted poor countries (HIPC),HPC,757.521668994488,5.72430889054255,,4.59618717389945,1.56751229422147,OTHER
2007,Heavily indebted poor countries (HIPC),HPC,777.28450144481,5.47781073168517,,4.54454519553662,1.74388580314215,OTHER
2008,Heavily indebted poor countries (HIPC),HPC,798.4447772445,5.62080376701064,,4.52527614628092,1.81109227105264,OTHER
2009,Heavily indebted poor countries (HIPC),HPC,803.144160263683,3.47461460183108,,4.57265134354586,1.79314509564091,OTHER
2010,Heavily indebted poor countries (HIPC),HPC,829.378145273867,6.16805649826613,,4.78364031173157,1.33368643661438,OTHER
2011,Heavily indebted poor countries (HIPC),HPC,843.531584159094,4.57034247802932,,4.74293021322176,1.22916922943384,OTHER
2012,Heavily indebted poor countries (HIPC),HPC,853.586116932267,4.05986356692394,,4.55871731026607,1.09193036419329,OTHER
2013,Heavily indebted poor countries (HIPC),HPC,877.826285990185,5.7671668343436,,4.27669196602094,1.13325990496242,OTHER
2014,Heavily indebted poor countries (HIPC),HPC,899.664821616374,5.46030335922723,,4.28826647868032,1.16350761135676,OTHER
2015,Heavily indebted poor countries (HIPC),HPC,917.296109229181,4.90684629199932,,4.41918817317726,1.22142403231535,OTHER
2016,Heavily indebted poor countries (HIPC),HPC,929.831454420103,4.32522802984808,,4.36081253702186,1.2103775726969,OTHER
2017,Heavily indebted poor countries (HIPC),HPC,948.559641481731,5.0460102323685,,4.3687433547996,1.21235390903961,OTHER
2018,Heavily indebted poor countries (HIPC),HPC,960.452334962383,4.19381222105781,,4.33305716551729,1.11223154881162,OTHER
2019,Heavily indebted poor countries (HIPC),HPC,973.374706001474,4.20482798138602,,4.32712993411352,1.11775982911768,OTHER
2020,Heavily indebted poor countries (HIPC),HPC,946.680806659878,-0.0187133746473762,,5.01828149435176,1.19472039470933,OTHER
2021,Heavily indebted poor countries (HIPC),HPC,961.96999346246,4.39431560920059,,4.93435685063582,1.26634988236052,OTHER
2022,Heavily indebted poor countries (HIPC),HPC,982.924394594556,4.87387497765388,,4.43078249558701,1.24972705401354,OTHER
2023,Heavily indebted poor countries (HIPC),HPC,991.01991315821,3.4626695283953,,4.19619473713708,1.28120513332435,OTHER
2024,Heavily indebted poor countries (HIPC),HPC,1015.32013675499,5.14470675657978,,4.14848963835004,1.28256848099313,OTHER
2025,Heavily indebted poor countries (HIPC),HPC,,,,4.14029129900976,,OTHER
1990,Croatia,HRV,9754.64902543885,,500.000000000001,,,OTHER
1991,Croatia,HRV,7842.55247755837,-21.0886706590035,122.222222222221,11.14,,OTHER
1992,Croatia,HRV,7095.22695946955,-11.7132905102592,625.000000000001,10.974,7.60738644340829,OTHER
1993,Croatia,HRV,6490.8345795673,-8.02558188400313,1500.0,10.779,10.7267571545045,OTHER
1994,Croatia,HRV,6795.71249379572,5.87047464864034,107.327586206896,10.364,11.1481772894242,OTHER
1995,Croatia,HRV,7304.70928464758,6.75071401968756,3.95010395010402,10.007,9.10152769738719,OTHER
1996,Croatia,HRV,7857.99236434772,6.10898084975796,4.29999999999995,9.68,8.07513154938036,OTHER
1997,Croatia,HRV,8383.47054293443,6.16799054733428,4.17066155321188,9.71,7.47805189562736,OTHER
1998,Croatia,HRV,8577.50694428774,2.25167791290693,6.39668660837554,11.392,5.54555805177024,OTHER
1999,Croatia,HRV,8541.53260365793,-0.848694429591717,4.01913875598086,13.559,4.38306728344479,OTHER
2000,Croatia,HRV,8880.26980689876,2.94525315127181,4.61131554737801,16.064,3.0245823570935,OTHER
2001,Croatia,HRV,9515.73569793698,3.11123490972072,3.77670246665889,15.822,2.70575135487786,OTHER
2002,Croatia,HRV,10062.0396800621,5.80332825904055,1.67178437393383,15.053,2.70880829294998,OTHER
2003,Croatia,HRV,10619.3078243865,5.56837282817526,1.76733780760629,13.924,2.02614735279736,OTHER
2004,Croatia,HRV,11059.0980614364,4.17048489878957,2.05539679050328,13.664,1.74038789534115,OTHER
2005,Croatia,HRV,11522.7905248265,4.3270764246793,3.31717824448045,12.598,1.74403729145943,OTHER
2006,Croatia,HRV,12104.0421469867,5.06907770841399,3.18982591472949,11.13,1.66641016588365,OTHER
2007,Croatia,HRV,12717.9875997872,5.04927635248129,2.89928275583388,9.909,1.61077866472529,OTHER
2008,Croatia,HRV,12970.4376964616,1.97287006723876,6.07696838798354,8.53,1.82315444519083,OTHER
2009,Croatia,HRV,12099.5521781656,-6.81231217572574,2.37852845904674,9.202,1.77217858246391,OTHER
2010,Croatia,HRV,11965.0049285028,-1.33604672354973,1.03055505333574,11.62,1.66618616230333,OTHER
2011,Croatia,HRV,11993.0713179162,-0.110906722446629,2.2727272727273,13.678,1.73660237614066,OTHER
2012,Croatia,HRV,11780.4742767284,-2.23743360119771,3.41207349081358,16.046,1.65593775106979,OTHER
2013,Croatia,HRV,11838.2152450357,-0.13364573653061,2.21658206429779,17.231,1.60780875391152,OTHER
2014,Croatia,HRV,11862.7609491821,-0.557692913614588,-0.215196159576268,17.209,1.80811715937665,OTHER
2015,Croatia,HRV,12283.7840620053,2.31998692708386,-0.464499004644911,16.15,1.7487025038306,OTHER
2016,Croatia,HRV,12848.419539107,3.46646114288178,-1.12500000000002,13.015,1.58922538500355,OTHER
2017,Croatia,HRV,13485.3012514274,3.28396321643012,1.12937210282347,11.078,1.63316629446653,OTHER
2018,Croatia,HRV,14060.9874833125,2.91107593407843,1.50012501041756,8.322,1.54234055565076,OTHER
2019,Croatia,HRV,14641.663970693,3.10152683894853,0.771820346498019,6.551,1.6036107424916,OTHER
2020,Croatia,HRV,13545.4881162417,-8.31086401501189,0.154811374562106,7.389,1.69659501985338,OTHER
2021,Croatia,HRV,15395.1287782758,12.6322190351024,2.55450699642041,7.483,1.97150113166485,OTHER
2022,Croatia,HRV,16618.1111874724,7.29445343642668,10.7805806758686,6.811,1.80285265162096,OTHER
2023,Croatia,HRV,17225.154484029,3.76164540703459,7.9412817758683,6.121,1.70663158780592,OTHER
2024,Croatia,HRV,17854.2091012685,3.82688702890739,2.97200477643618,5.0,1.79323424509814,OTHER
2025,Croatia,HRV,,,,5.002,,OTHER
1990,Haiti,HTI,1627.31264525633,1.03812280198248,21.2760320067832,,0.0930058157330885,B
1991,Haiti,HTI,1624.49598864977,1.88054472396281,15.4199073669492,7.329,0.102727272727273,B
1992,Haiti,HTI,1507.81872889823,-5.30993292251178,19.358494654122,7.387,0.110963715046605,B
1993,Haiti,HTI,1398.25464638175,-5.42629599215383,29.7059715065172,7.534,0.0934226399919574,B
1994,Haiti,HTI,1207.6605445003,-11.9506292939561,39.3316195372753,7.858,0.0742775407292475,B
1995,Haiti,HTI,1302.13491168553,9.89770748815705,27.6081851727601,7.51,0.0819197504607968,B
1996,Haiti,HTI,1330.54039885269,4.14077332856783,20.5835962145112,7.304,,B
1997,Haiti,HTI,1340.99702096807,2.70471393077787,20.5590073395833,7.003,,B
1998,Haiti,HTI,1344.9390395747,2.18184032957123,5.26903547042201,7.165,,B
1999,Haiti,HTI,1356.11344556059,2.71024801048499,3.00439421550734,7.2,,B
2000,Haiti,HTI,1342.89490450523,0.870059259424892,9.33322197565603,8.443,,B
2001,Haiti,HTI,1314.11419693969,-0.342747883252144,13.31672224251,9.728,,B
2002,Haiti,HTI,1304.5293810385,1.05182013450109,7.03287406224601,11.008,,B
2003,Haiti,HTI,1326.47161042212,3.48077973188326,28.6995777887374,12.151,,B
2004,Haiti,HTI,1286.90282128221,-1.3178567596495,21.0318339277222,13.415,,B
2005,Haiti,HTI,1304.33303731231,3.07217337664731,13.973008326384,14.559,,B
2006,Haiti,HTI,1305.03813815611,1.76875060288195,11.3452152244299,15.866,,B
2007,Haiti,HTI,1343.61111422048,4.70652994008303,6.55722772638066,16.8,,B
2008,Haiti,HTI,1356.53400140048,2.6580323082747,15.2817744823772,16.204,,B
2009,Haiti,HTI,1412.89653523429,5.89037894844316,0.393886040173341,15.398,,B
2010,Haiti,HTI,1317.58389339746,-5.65151153448299,4.82734190074673,15.244,,B
2011,Haiti,HTI,1369.16921255852,5.09821354410036,6.33279483849042,14.506,,B
2012,Haiti,HTI,1354.88546124499,0.502424403581585,5.01804155429246,14.1,,B
2013,Haiti,HTI,1392.38204736859,4.32478411472874,4.76502404779142,13.704,0.0303030932089833,B
2014,Haiti,HTI,1411.76834802154,2.88877250863379,3.43816659958601,13.808,0.0355624820363801,B
2015,Haiti,HTI,1411.12684746796,1.40000000859727,6.73184069658997,13.785,0.0399858125348653,B
2016,Haiti,HTI,1416.74881879698,1.81246807847532,11.5029073942666,13.902,0.0492315360368918,B
2017,Haiti,HTI,1432.67228609541,2.51027134544685,10.6800887242584,13.932,0.04364592592778,B
2018,Haiti,HTI,1437.35251928349,1.66781095484656,12.4814111170435,13.934,0.0611986488105247,B
2019,Haiti,HTI,1394.42114071112,-1.72309699839232,18.7037825672506,14.095,0.0859315095445588,B
2020,Haiti,HTI,1331.69778506932,-3.30550546965893,22.7963113642528,15.573,0.103094179098955,B
2021,Haiti,HTI,1292.71954963551,-1.79823988931486,16.8415240198785,15.296,0.153942307239608,B
2022,Haiti,HTI,1256.72143592448,-1.68198396897978,33.98393194707,14.54,0.0687408576027912,B
2023,Haiti,HTI,1219.11871645847,-1.86388420254838,36.8135162780854,14.459,0.0540804620761845,B
2024,Haiti,HTI,1154.87300909888,-4.16963395808132,26.9490564091987,14.609,0.068443100204951,B
2025,Haiti,HTI,,,,14.944,,B
1990,Hungary,HUN,8646.44754431988,-3.49665976181741,28.3695996532777,,2.56353802709041,OTHER
1991,Hungary,HUN,7618.64029551674,-11.8920408618435,34.8175429072704,8.5,2.16146979946364,OTHER
1992,Hungary,HUN,7388.08229422743,-3.06418034558638,23.6557207806552,9.942,2.1796531721192,OTHER
1993,Hungary,HUN,7353.90020686221,-0.576108518425613,22.4642346133809,12.098,1.90656828980965,OTHER
1994,Hungary,HUN,7581.00102233039,2.94715455541068,18.8680749869283,10.847,1.82413438385634,OTHER
1995,Hungary,HUN,7704.6409020455,1.48952547593046,28.3054683706654,10.168,1.3139594616011,OTHER
1996,Hungary,HUN,7725.69980358198,0.101234227633242,23.4690301919185,10.022,1.24968177456491,OTHER
1997,Hungary,HUN,7971.80554914825,2.97787906543104,18.3050744143799,8.991,1.46833921798512,OTHER
1998,Hungary,HUN,8297.85419511945,3.84810814449837,14.153789654534,8.925,1.26775175126137,OTHER
1999,Hungary,HUN,8578.19506388065,3.08605811588221,9.99774409303368,6.929,1.42990268770239,OTHER
2000,Hungary,HUN,8979.73578602949,4.40937501806403,9.80361016908125,6.563,1.51420984744636,OTHER
2001,Hungary,HUN,9365.95393193015,4.06202617226026,9.11680911680911,5.671,1.57074717283351,OTHER
2002,Hungary,HUN,9836.94065083321,4.73006530805553,5.26544821583985,5.608,1.5956687712714,OTHER
2003,Hungary,HUN,10253.723920764,3.93877761242727,4.66101694915254,5.79,1.64521118628476,OTHER
2004,Hungary,HUN,10786.4881991495,4.96312536156307,6.74434679569469,5.832,1.47344940256568,OTHER
2005,Hungary,HUN,11272.7345428122,4.30028318461673,3.56151711378352,7.189,1.4112437788596,OTHER
2006,Hungary,HUN,11734.4544729813,3.93393162712054,3.93032603841001,7.494,1.21974188828371,OTHER
2007,Hungary,HUN,11791.7074416876,0.332354337878925,7.9587451654491,7.406,1.2677875208247,OTHER
2008,Hungary,HUN,11929.7209867703,0.993437085479655,6.0425125388106,7.817,1.18049340457337,OTHER
2009,Hungary,HUN,11142.885928524,-6.7401660845502,4.21171171171171,10.03,1.12823884115794,OTHER
2010,Hungary,HUN,11287.3686666108,1.06795068152046,4.85555795691956,11.172,1.02413363369774,OTHER
2011,Hungary,HUN,11536.3578996772,1.91670916599742,3.9299209893507,11.029,1.03876980779352,OTHER
2012,Hungary,HUN,11440.7622718825,-1.33948446518181,5.65214517088646,11.003,1.0292472545828,OTHER
2013,Hungary,HUN,11729.5720798501,2.03216990678146,1.73319984983101,10.177,0.943669886878651,OTHER
2014,Hungary,HUN,12287.3779441033,4.33435364113967,-0.227566270988219,7.725,0.857233093600132,OTHER
2015,Hungary,HUN,12782.9412577973,3.65981615406955,-0.0616446800641672,6.813,0.904216708106145,OTHER
2016,Hungary,HUN,13145.6559885563,2.43864141309342,0.394769306686392,5.115,0.999116487545317,OTHER
2017,Hungary,HUN,13734.2442804335,4.12418389451805,2.34824281150154,4.156,1.19169678184034,OTHER
2018,Hungary,HUN,14533.7783144312,5.60613813768876,2.85024792594646,3.667,1.00220452852258,OTHER
2019,Hungary,HUN,15290.8085466331,5.07718495088933,3.33858635382008,3.411,1.32782522734016,OTHER
2020,Hungary,HUN,14664.2971195385,-4.33872540024058,3.32674385766738,4.248,1.74628152413286,OTHER
2021,Hungary,HUN,15787.9535427563,7.22291580811137,5.11096534382855,4.021,1.31520993597457,OTHER
2022,Hungary,HUN,16487.7973935944,4.15238057779229,14.6081439492433,3.583,1.83314817173654,OTHER
2023,Hungary,HUN,16375.0462724192,-0.817107370513455,17.1249659678737,4.096,2.04951096796972,OTHER
2024,Hungary,HUN,16518.6369936397,0.560117843140432,3.70370370370369,4.5,2.15630980446665,OTHER
2025,Hungary,HUN,,,,4.521,,OTHER
1990,IBRD only,IBD,2199.53015008287,2.00223236874588,,,2.50973633163054,OTHER
1991,IBRD only,IBD,2190.36446999236,1.25063639118316,,4.94818008732479,2.22256738811547,OTHER
1992,IBRD only,IBD,2191.75387538622,1.64408601703765,,5.00864134602565,2.42969149288747,OTHER
1993,IBRD only,IBD,2238.74341041718,3.69042194260778,,5.23619365659646,2.25647646305219,OTHER
1994,IBRD only,IBD,2285.49503116501,3.5803043040457,,5.61775478445955,2.23051018339258,OTHER
1995,IBRD only,IBD,2344.67078373666,4.05208995491604,,5.93858823293217,2.169732644772,OTHER
1996,IBRD only,IBD,2438.24701294657,5.44578250816502,,6.03438037229408,2.09222311011363,OTHER
1997,IBRD only,IBD,2534.76788972209,5.38705678709294,,6.14475484858296,2.07961724689377,OTHER
1998,IBRD only,IBD,2567.68609364589,2.66487971924556,,6.37504928029892,1.90517890156916,OTHER
1999,IBRD only,IBD,2628.443408571,3.69566863220963,,6.62456222247388,1.96287981888644,OTHER
2000,IBRD only,IBD,2749.80831717138,5.91511183768037,,6.5378671665525,1.89958709416332,OTHER
2001,IBRD only,IBD,2816.38977629068,3.64914485972395,,6.68806846107529,1.97059930731989,OTHER
2002,IBRD only,IBD,2910.20278298267,4.51391469924106,,6.90119517399481,2.01557896451852,OTHER
2003,IBRD only,IBD,3047.64543408152,5.89264916943146,,6.97665523180592,1.98664846379722,OTHER
2004,IBRD only,IBD,3247.0612433535,7.72947225901073,,6.81767500872433,1.9326771927697,OTHER
2005,IBRD only,IBD,3445.04385258554,7.25290132783691,,6.7433312220245,1.92557788542033,OTHER
2006,IBRD only,IBD,3692.82779557534,8.33063998849477,,6.51847415278713,1.88965812447815,OTHER
2007,IBRD only,IBD,3983.15719895369,8.95711904955576,,6.33250535472638,1.84881232844027,OTHER
2008,IBRD only,IBD,4176.83978299189,5.93909318895052,,6.30181703865489,1.8632709909658,OTHER
2009,IBRD only,IBD,4249.10322422767,2.78703069569983,,6.61644359608536,2.05058479119446,OTHER
2010,IBRD only,IBD,4532.44068726031,7.76913892889357,,6.38041154792517,1.90392829479036,OTHER
2011,IBRD only,IBD,4770.23592201554,6.34809790701479,,6.26592646975981,1.82502630384074,OTHER
2012,IBRD only,IBD,4976.44743175893,5.46189671640663,,6.18009390756913,1.87403628381786,OTHER
2013,IBRD only,IBD,5178.96430999103,5.21438331423167,,6.18706162531591,1.91526794239426,OTHER
2014,IBRD only,IBD,5369.52452689677,4.78033001559584,,6.16790791106399,1.93081946725222,OTHER
2015,IBRD only,IBD,5546.04775275527,4.31724520804929,,6.30417535482962,1.92719428630246,OTHER
2016,IBRD only,IBD,5737.4707664606,4.44236398168836,,6.41617806380602,1.93672610011502,OTHER
2017,IBRD only,IBD,5977.69739757901,5.16244544363349,,6.39131744182122,1.87388520528461,OTHER
2018,IBRD only,IBD,6214.51417284405,4.86060185522656,,6.28190637378299,1.80033012244438,OTHER
2019,IBRD only,IBD,6411.71326335692,3.99080401565341,,6.06655916125813,1.83698830838647,OTHER
2020,IBRD only,IBD,6286.40775617083,-1.28204229884409,,6.95128407575739,1.9283437284843,OTHER
2021,IBRD only,IBD,6728.66940868672,7.62576674177036,,6.31312953704222,1.73939114065908,OTHER
2022,IBRD only,IBD,6949.77744058703,3.77001425774101,,5.56994264084484,1.88230780259451,OTHER
2023,IBRD only,IBD,7249.2635017382,4.81760583401352,,5.11483942298028,2.02850030881179,OTHER
2024,IBRD only,IBD,7523.39788740048,4.3517642428957,,5.02151629934745,2.17891442269355,OTHER
2025,IBRD only,IBD,,,,4.97734579110731,,OTHER
1990,IDA & IBRD total,IBT,1931.41358300895,2.16900871553727,,,2.5892498857582,OTHER
1991,IDA & IBRD total,IBT,1921.09109917789,1.32358042722849,,4.80291828899014,2.35077892381471,OTHER
1992,IDA & IBRD total,IBT,1918.71779267227,1.68166017306844,,4.86117181649703,2.48624767508091,OTHER
1993,IDA & IBRD total,IBT,1950.16397605177,3.43693802669685,,5.06306721250455,2.32706229058044,OTHER
1994,IDA & IBRD total,IBT,1981.70606607117,3.36186368702917,,5.379343555189,2.28518049223319,OTHER
1995,IDA & IBRD total,IBT,2027.15245435338,4.01657728229151,,5.63084309726097,2.17862087087621,OTHER
1996,IDA & IBRD total,IBT,2101.77724073342,5.4057690661282,,5.71138107997951,2.08118266633031,OTHER
1997,IDA & IBRD total,IBT,2176.73129829815,5.25847940978599,,5.79469409397703,2.05955601054431,OTHER
1998,IDA & IBRD total,IBT,2200.93191839868,2.73716742853981,,5.99439926601113,1.91202864990989,OTHER
1999,IDA & IBRD total,IBT,2245.99155512099,3.63851435578322,,6.21162704876033,2.00761435232949,OTHER
2000,IDA & IBRD total,IBT,2339.75101446893,5.74681558100116,,6.13803612006999,1.93837066287284,OTHER
2001,IDA & IBRD total,IBT,2390.57985292545,3.68251365193318,,6.25497510538627,1.99428328652149,OTHER
2002,IDA & IBRD total,IBT,2464.90323602782,4.59432023150906,,6.41990741313757,2.03661077686315,OTHER
2003,IDA & IBRD total,IBT,2571.74673053759,5.81417805338693,,6.47132589686559,1.99440715987033,OTHER
2004,IDA & IBRD total,IBT,2729.87046222028,7.64455813366875,,6.31905124067439,1.94455908846387,OTHER
2005,IDA & IBRD total,IBT,2885.28754662659,7.16340677732725,,6.23533050464378,1.92202521714666,OTHER
2006,IDA & IBRD total,IBT,3077.74191466409,8.14145143740686,,6.01932254782821,1.879575272948,OTHER
2007,IDA & IBRD total,IBT,3301.24424278247,8.71182358979239,,5.86200448265076,1.84583313411214,OTHER
2008,IDA & IBRD total,IBT,3448.17245200465,5.86767333945535,,5.84623449176225,1.86033210979073,OTHER
2009,IDA & IBRD total,IBT,3502.68472824197,2.96481181553423,,6.10324262948273,2.03666735595282,OTHER
2010,IDA & IBRD total,IBT,3719.8597539937,7.64087639378674,,5.89329023432406,1.8848151016875,OTHER
2011,IDA & IBRD total,IBT,3896.56523344649,6.17762293228954,,5.80464090146674,1.80608770272994,OTHER
2012,IDA & IBRD total,IBT,4047.32325168606,5.30303202015648,,5.80093134299641,1.8524503616274,OTHER
2013,IDA & IBRD total,IBT,4201.8456378006,5.2189580602312,,5.76297907281738,1.88573685705597,OTHER
2014,IDA & IBRD total,IBT,4347.00390778605,4.82633192142497,,5.72428213427767,1.8978389825573,OTHER
2015,IDA & IBRD total,IBT,4474.43525326247,4.24855788281909,,5.89251378910782,1.89738661859704,OTHER
2016,IDA & IBRD total,IBT,4610.83755480503,4.34774011294112,,5.95304901797185,1.9059539838184,OTHER
2017,IDA & IBRD total,IBT,4784.65501107103,5.07269308321443,,5.97420353977293,1.84995568055716,OTHER
2018,IDA & IBRD total,IBT,4955.36761741777,4.82305890086468,,5.91029155867602,1.77930450400946,OTHER
2019,IDA & IBRD total,IBT,5093.37981842859,3.98606377777536,,5.76721925998948,1.79716627612479,OTHER
2020,IDA & IBRD total,IBT,4971.5872211169,-1.32167856256852,,6.61362546144519,1.88960981832504,OTHER
2021,IDA & IBRD total,IBT,5284.67426657771,7.35278447207344,,6.1438114050949,1.72575640815489,OTHER
2022,IDA & IBRD total,IBT,5436.74748762757,3.826133077696,,5.38641759178597,1.84758746199841,OTHER
2023,IDA & IBRD total,IBT,5638.70628095248,4.68849828972206,,4.95186990095765,1.9876254165992,OTHER
2024,IDA & IBRD total,IBT,5826.39109857059,4.34846625464438,,4.87442555532322,2.13656104516727,OTHER
2025,IDA & IBRD total,IBT,,,,4.84304079329494,,OTHER
1990,IDA total,IDA,874.961182666422,3.82446592262984,,,3.26221251103125,OTHER
1991,IDA total,IDA,870.108126377867,2.06354247742328,,4.10693679025095,3.36490363685131,OTHER
1992,IDA total,IDA,864.697304854052,2.05978571603491,,4.16345585602457,3.11192207998832,OTHER
1993,IDA total,IDA,849.083839976517,0.900170991376584,,4.25608441507583,3.1034729763652,OTHER
1994,IDA total,IDA,836.046475962263,1.11534356988079,,4.28328749855898,2.91731753244623,OTHER
1995,IDA total,IDA,844.035182220779,3.64244912412136,,4.23074966396405,2.27849028898179,OTHER
1996,IDA total,IDA,863.209193425254,4.98144311268977,,4.26250990852824,1.96677077666782,OTHER
1997,IDA total,IDA,874.121636463319,3.88893877540424,,4.24264746039582,1.84958295980231,OTHER
1998,IDA total,IDA,882.376306893589,3.51846057298208,,4.32570851831212,1.98401019746092,OTHER
1999,IDA total,IDA,886.927915745045,3.02587854472769,,4.4166504871621,2.60715530367522,OTHER
2000,IDA total,IDA,899.61428305683,3.93112268440949,,4.41870677984127,2.41897279468247,OTHER
2001,IDA total,IDA,913.556204734526,4.04711940197546,,4.41290639290413,2.29912653585225,OTHER
2002,IDA total,IDA,940.32537147169,5.46951481147224,,4.39528597726998,2.29148311714891,OTHER
2003,IDA total,IDA,963.438932636272,4.96777799528681,,4.36667743397795,2.08328490876377,OTHER
2004,IDA total,IDA,1003.9852047643,6.72059295335801,,4.26087719864505,2.08399648615218,OTHER
2005,IDA total,IDA,1041.06280109594,6.18039536803214,,4.15643714559074,1.87894384973599,OTHER
2006,IDA total,IDA,1077.82305096995,6.04240749877896,,4.00149808563909,1.75521477273657,OTHER
2007,IDA total,IDA,1114.49335203344,5.93154754290295,,3.98484462603312,1.80608982003167,OTHER
2008,IDA total,IDA,1143.00694096765,5.03505181555113,,4.05660136215322,1.82218980734716,OTHER
2009,IDA total,IDA,1172.44269252611,5.02224108295721,,4.12260393901142,1.85209172791845,OTHER
2010,IDA total,IDA,1216.18056240843,6.18810883117116,,4.04765745305091,1.60725313397413,OTHER
2011,IDA total,IDA,1238.54733221968,4.21798662977142,,4.08361552252545,1.50219459438749,OTHER
2012,IDA total,IDA,1252.842684541,3.43953249646627,,4.39956625407497,1.52713449951115,OTHER
2013,IDA total,IDA,1291.78901874009,5.27366946982424,,4.22255892497341,1.47219189055281,OTHER
2014,IDA total,IDA,1333.06862092098,5.37559610535627,,4.12440295798333,1.45482039963066,OTHER
2015,IDA total,IDA,1350.30758062231,3.43306198935962,,4.42584800452485,1.50560679570259,OTHER
2016,IDA total,IDA,1364.45810556663,3.21470699993644,,4.3231511668841,1.50248114115048,OTHER
2017,IDA total,IDA,1388.62153707152,3.98520904781631,,4.52893960230548,1.52502638065809,OTHER
2018,IDA total,IDA,1418.00708422156,4.36301999279468,,4.6420932568397,1.50278330741488,OTHER
2019,IDA total,IDA,1441.63139770219,3.92770153634207,,4.7623812532015,1.31378760480013,OTHER
2020,IDA total,IDA,1384.63983352976,-1.80998016489976,,5.51885638627426,1.42498468934465,OTHER
2021,IDA total,IDA,1408.70089156521,3.97167918662412,,5.59578179046383,1.54742831021428,OTHER
2022,IDA total,IDA,1441.8927324741,4.5456383570682,,4.80770011659382,1.38788314313089,OTHER
2023,IDA total,IDA,1454.79918171861,3.04547759770904,,4.43505142118137,1.39751118355271,OTHER
2024,IDA total,IDA,1485.87854475786,4.30577432199132,,4.41110085739661,1.48608437301323,OTHER
2025,IDA total,IDA,,,,4.42787371896187,,OTHER
1990,IDA blend,IDB,1349.0391873597,5.97431169856483,,,2.8754547375597,OTHER
1991,IDA blend,IDB,1334.48368584041,1.92627437066402,,3.23945543564595,2.88615443813776,OTHER
1992,IDA blend,IDB,1334.91305383184,2.89142745156366,,3.31106342065644,2.98634788119834,OTHER
1993,IDA blend,IDB,1296.20085370235,-0.215023738912336,,3.53024916447056,2.94471826380753,OTHER
1994,IDA blend,IDB,1273.37534544418,0.928531752843284,,3.65543950397293,2.43962621506291,OTHER
1995,IDA blend,IDB,1267.83662426297,2.29956176560113,,3.69403538353833,1.96829549860225,OTHER
1996,IDA blend,IDB,1292.65180502526,4.77236192760644,,3.79689239249562,1.70277676852482,OTHER
1997,IDA blend,IDB,1289.50328754491,2.46299856238241,,3.77455453239581,1.57910158592854,OTHER
1998,IDA blend,IDB,1290.90451015848,2.79288521194428,,3.89184762940828,1.58820653438344,OTHER
1999,IDA blend,IDB,1283.64686547466,2.02968759954977,,3.91434730814139,2.55396428001601,OTHER
2000,IDA blend,IDB,1294.78635186488,3.52376351778531,,3.82333592364451,2.37667531519861,OTHER
2001,IDA blend,IDB,1311.16206592853,3.97086421185242,,3.72882194919706,2.2611382772566,OTHER
2002,IDA blend,IDB,1360.4889922868,6.39616099561913,,3.53946096491474,2.38466569634779,OTHER
2003,IDA blend,IDB,1387.37333221866,4.52618390039238,,3.42217572676054,2.08022687225516,OTHER
2004,IDA blend,IDB,1452.76112133181,7.38096054607374,,3.27695586964825,2.02723237028944,OTHER
2005,IDA blend,IDB,1501.63150824282,5.96745206211722,,3.2286448044491,1.82796861045647,OTHER
2006,IDA blend,IDB,1548.60504186971,5.72555656025354,,3.13594252329219,1.59715662821688,OTHER
2007,IDA blend,IDB,1590.6428814843,5.42184760303104,,3.01249783655869,1.56318691147506,OTHER
2008,IDA blend,IDB,1614.19473989247,4.17673097121384,,3.04378002820466,1.54022856654246,OTHER
2009,IDA blend,IDB,1665.56682453196,5.88178416165859,,3.09853098089253,1.5104066661904,OTHER
2010,IDA blend,IDB,1720.09334929676,5.94346268114417,,3.14320402026914,1.36934095177831,OTHER
2011,IDA blend,IDB,1749.06036275665,4.19641282006262,,3.19533203358853,1.36317186337142,OTHER
2012,IDA blend,IDB,1786.6430670936,4.50072409149726,,4.08486021677751,1.385050209957,OTHER
2013,IDA blend,IDB,1848.24174811877,5.67251913506919,,3.70433029886193,1.3284237096508,OTHER
2014,IDA blend,IDB,1914.26316168169,5.74572820998239,,3.3801313878636,1.29613950352946,OTHER
2015,IDA blend,IDB,1947.85246838642,3.83520190776083,,4.00215322009935,1.40101641076237,OTHER
2016,IDA blend,IDB,1953.37240963399,2.26871058517055,,3.73137542358032,1.57683230508252,OTHER
2017,IDA blend,IDB,1968.31540790627,2.77873930269396,,4.34851254345894,1.66092681907207,OTHER
2018,IDA blend,IDB,2003.84851119473,3.86333443843708,,4.76275439835545,1.76919846287778,OTHER
2019,IDA blend,IDB,2023.85818922165,3.02295777419029,,5.0804070213856,1.34825659976457,OTHER
2020,IDA blend,IDB,1918.37984704312,-3.29396031642257,,5.79415278844651,1.45956251211129,OTHER
2021,IDA blend,IDB,1960.8295587467,4.29411724945791,,5.813781237265,1.67761498291989,OTHER
2022,IDA blend,IDB,2014.88221922079,4.79819828416285,,4.74456534673109,1.4266739647499,OTHER
2023,IDA blend,IDB,2032.83591744395,2.82562013423187,,4.36958257524396,1.44060133766265,OTHER
2024,IDA blend,IDB,2076.03245502265,4.05581991807422,,4.43949809013088,1.4504444591672,OTHER
2025,IDA blend,IDB,,,,4.42715825954522,,OTHER
1990,Indonesia,IDN,1470.91822258528,7.24213163856464,7.81919756505635,,1.41049291967411,OTHER
1991,Indonesia,IDN,1544.99580894527,6.91198283591309,9.41906784347004,2.617,1.32406418395881,OTHER
1992,Indonesia,IDN,1617.10954872218,6.49750651682714,7.52351006242677,2.734,1.35687600701146,OTHER
1993,Indonesia,IDN,1693.1074260189,6.49640812045304,9.6719108926401,2.782,1.22355780893698,OTHER
1994,Indonesia,IDN,1790.32729962455,7.53997109551439,8.53199829189143,4.366,1.26615561718382,OTHER
1995,Indonesia,IDN,1905.54236111238,8.22000739903493,9.42030300572996,4.611,1.22630986064236,OTHER
1996,Indonesia,IDN,2020.99148132509,7.81818707670867,7.97328096513346,4.861,1.26439252827808,OTHER
1997,Indonesia,IDN,2081.8416693962,4.69987885390397,6.22615154887214,4.684,1.49774173762735,OTHER
1998,Indonesia,IDN,1780.20049544892,-13.1267254923818,58.4510413515526,5.459,1.01911684387405,OTHER
1999,Indonesia,IDN,1767.51466729756,0.79112608199847,20.4778324428892,6.358,0.810812654015076,OTHER
2000,Indonesia,IDN,1828.10265968361,4.9200677470169,3.68862037056682,6.077,0.684483763500435,OTHER
2001,Indonesia,IDN,1868.59172307292,3.64346644721492,11.5001160550887,6.082,0.572792652704213,OTHER
2002,Indonesia,IDN,1926.37435868149,4.49947539085764,11.9001200338414,6.604,0.700120208801041,OTHER
2003,Indonesia,IDN,1991.91820506473,4.78036912167654,6.75731256333564,6.657,0.909285036773652,OTHER
2004,Indonesia,IDN,2065.70617470842,5.03087394501685,6.06406189133648,7.303,0.945714621727218,OTHER
2005,Indonesia,IDN,2155.4478015921,5.69257130383384,10.4532001873347,7.945,0.750789394004931,OTHER
2006,Indonesia,IDN,2244.0802226202,5.50095178520348,13.108670985346,7.551,0.65870277762871,OTHER
2007,Indonesia,IDN,2355.1528565328,6.34502222667214,6.40656087966005,8.06,0.71236193115127,OTHER
2008,Indonesia,IDN,2464.60193418272,6.01370360009123,10.2266663272483,7.208,0.578945804493387,OTHER
2009,Indonesia,IDN,2546.21969707767,4.62887118256153,4.38641311792074,6.106,0.571133891996423,OTHER
2010,Indonesia,IDN,2670.8129098953,6.22385418062366,5.13420639015885,5.614,0.617587091951932,OTHER
2011,Indonesia,IDN,2799.62468790318,6.16978420771008,5.35604849112582,5.153,0.653776702606807,OTHER
2012,Indonesia,IDN,2930.518445323,6.03005065305615,4.2795142691943,4.468,0.711549473406383,OTHER
2013,Indonesia,IDN,3055.24246006469,5.5572636889101,6.41249457900391,4.336,0.918769839183066,OTHER
2014,Indonesia,IDN,3170.72103011429,5.006668425755,6.39492882396559,4.049,0.777855178232831,OTHER
2015,Indonesia,IDN,3288.22269725538,4.87632230022123,6.36312061196646,4.514,0.882266734481239,OTHER
2016,Indonesia,IDN,3416.81005170972,5.03306918280177,3.52580452815451,4.301,0.792220213496852,OTHER
2017,Indonesia,IDN,3553.51999262321,5.06978590134916,3.80879857691949,3.783,0.865191376221992,OTHER
2018,Indonesia,IDN,3701.32155461912,5.17429153955024,3.19834755924996,4.387,0.718928190476345,OTHER
2019,Indonesia,IDN,3850.90321738979,5.01928768046282,3.03058460941661,3.59,0.728563743551525,OTHER
2020,Indonesia,IDN,3739.44906563161,-2.06551182934165,1.91983527270793,4.255,0.886277728854897,OTHER
2021,Indonesia,IDN,3850.68877253903,3.70288562827751,1.56007882983334,3.827,0.741525844917975,OTHER
2022,Indonesia,IDN,4024.91225288391,5.30719722664799,4.20946463714784,3.462,0.76801260357697,OTHER
2023,Indonesia,IDN,4192.65167890692,5.04902331835997,3.66938654859761,3.308,0.821108120466812,OTHER
2024,Indonesia,IDN,4367.86266621191,5.03034469419038,2.18151273615189,3.301,0.779216788275608,OTHER
2025,Indonesia,IDN,,,,3.237,,OTHER
1990,IDA only,IDX,625.254543806849,1.21085195089969,,,3.5681702012745,OTHER
1991,IDA only,IDX,624.065244254576,2.22624469956332,,4.55360453557852,3.72672200668522,OTHER
1992,IDA only,IDX,614.715236612705,1.07694337074039,,4.6043556340404,3.2252435912531,OTHER
1993,IDA only,IDX,611.645324402795,2.23740605000837,,4.63092754077228,3.23679055451356,OTHER
1994,IDA only,IDX,603.697081710235,1.33397707952693,,4.60808408673192,3.40814088093996,OTHER
1995,IDA only,IDX,618.940812143537,5.20779687974837,,4.50759315235961,2.70632958823426,OTHER
1996,IDA only,IDX,634.794325450924,5.21842330598423,,4.50426040576814,2.40792243681099,OTHER
1997,IDA only,IDX,653.185317142929,5.49829935001318,,4.48776059178245,2.29529795523489,OTHER
1998,IDA only,IDX,664.870472909165,4.31380669949017,,4.55267354368707,2.58399420401049,OTHER
1999,IDA only,IDX,675.663098707046,4.10194104129764,,4.68037611473745,2.65062818288074,OTHER
2000,IDA only,IDX,688.770584647754,4.36238362785937,,4.73257287195726,2.45734268781264,OTHER
2001,IDA only,IDX,700.753432922257,4.12619022591751,,4.77495105971428,2.33581297599791,OTHER
2002,IDA only,IDX,714.992762414711,4.51008662554781,,4.84896984068503,2.1983373763731,OTHER
2003,IDA only,IDX,736.012835320929,5.43324568372539,,4.8684254959882,2.08643245315097,OTHER
2004,IDA only,IDX,762.575661839901,6.03051277532285,,4.7856089666451,2.14240950581357,OTHER
2005,IDA only,IDX,792.915050928441,6.40575400928334,,4.65145396689018,1.9331246600371,OTHER
2006,IDA only,IDX,823.90017446983,6.37635069513551,,4.46399684953156,1.94327682154798,OTHER
2007,IDA only,IDX,857.079927871549,6.4654563400738,,4.50718786849523,2.09228650595634,OTHER
2008,IDA only,IDX,887.590717483648,5.92532656798508,,4.60368834910733,2.11923477948877,OTHER
2009,IDA only,IDX,904.189618538801,4.17293803583574,,4.67961700626147,2.1800764453181,OTHER
2010,IDA only,IDX,941.170103265961,6.43380577712875,,4.54192222128241,1.86885258265783,OTHER
2011,IDA only,IDX,959.3674453315,4.23955328462344,,4.56857556253715,1.66759300612734,OTHER
2012,IDA only,IDX,960.714392094918,2.37913187875182,,4.57369221767426,1.68702966096563,OTHER
2013,IDA only,IDX,987.02078318094,4.86685793413926,,4.50875002517795,1.62826822485078,OTHER
2014,IDA only,IDX,1014.81643854082,4.99599221130495,,4.53740484773331,1.63153796651917,OTHER
2015,IDA only,IDX,1023.43894668408,3.01768618246332,,4.66372876139455,1.61412911158004,OTHER
2016,IDA only,IDX,1043.11282497367,4.19959381491361,,4.65555478300369,1.43480819019331,OTHER
2017,IDA only,IDX,1073.15500247042,5.21800165910949,,4.6296367615898,1.40529258129487,OTHER
2018,IDA only,IDX,1100.05510569349,4.86177080819157,,4.57514391570401,1.25511858005775,OTHER
2019,IDA only,IDX,1126.69021132065,4.82215447558035,,4.58565537355345,1.27876906225008,OTHER
2020,IDA only,IDX,1096.83173371503,-0.368060971665983,,5.36669055791166,1.39311642699247,OTHER
2021,IDA only,IDX,1111.69190494885,3.66758077651035,,5.47334095799464,1.4291848139588,OTHER
2022,IDA only,IDX,1134.36793858317,4.30600397002792,,4.84321749828202,1.35185091590761,OTHER
2023,IDA only,IDX,1145.56246386603,3.25506752972092,,4.47309044453303,1.36442414953257,OTHER
2024,IDA only,IDX,1171.26544835908,4.54306460750766,,4.39436259005177,1.50800642625489,OTHER
2025,IDA only,IDX,,,,4.42829541893749,,OTHER
1990,Isle of Man,IMN,28042.4441205102,4.1869768973626,,,,OTHER
1991,Isle of Man,IMN,28128.4485818915,1.60499284257345,,,,OTHER
1992,Isle of Man,IMN,28133.8324364624,0.800002489771529,,,,OTHER
1993,Isle of Man,IMN,28694.4160940259,2.59999570835525,,,,OTHER
1994,Isle of Man,IMN,29676.1422111499,4.00000120370929,,,,OTHER
1995,Isle of Man,IMN,30802.8930909929,4.29999820601022,,,,OTHER
1996,Isle of Man,IMN,32928.8324560471,7.70000620736124,,,,OTHER
1997,Isle of Man,IMN,35337.9128286621,8.5999943330298,,,,OTHER
1998,Isle of Man,IMN,39591.5712572814,13.5000059594272,,,,OTHER
1999,Isle of Man,IMN,44456.4562710624,13.6999970168254,,,,OTHER
2000,Isle of Man,IMN,46274.9709691403,5.30000152552805,,,,OTHER
2001,Isle of Man,IMN,48252.7638498277,5.39999903126116,,,,OTHER
2002,Isle of Man,IMN,50714.5824703383,6.19999819490684,,,,OTHER
2003,Isle of Man,IMN,53224.3527757804,5.99999968812641,,,,OTHER
2004,Isle of Man,IMN,55464.0220993356,5.20000310402496,,,,OTHER
2005,Isle of Man,IMN,58201.5990838178,5.89999933576675,,,,OTHER
2006,Isle of Man,IMN,62075.7601604994,7.69999871253432,,,,OTHER
2007,Isle of Man,IMN,66029.9755907183,7.50000022988817,,,,OTHER
2008,Isle of Man,IMN,68520.6825624937,4.90000100081545,,,,OTHER
2009,Isle of Man,IMN,69192.0258221691,2.10000027181374,,,,OTHER
2010,Isle of Man,IMN,70747.8417587183,3.39999842395957,,,,OTHER
2011,Isle of Man,IMN,71727.5055082703,1.99999938207415,,,,OTHER
2012,Isle of Man,IMN,77009.2978612012,7.30389108511717,,,,OTHER
2013,Isle of Man,IMN,80383.8273088527,4.14186158753493,,,,OTHER
2014,Isle of Man,IMN,84778.5806639347,5.15509983748599,,,,OTHER
2015,Isle of Man,IMN,84753.5187422732,-0.385866882198087,,,,OTHER
2016,Isle of Man,IMN,90783.7647245394,6.95230284899407,,,,OTHER
2017,Isle of Man,IMN,93200.3108083857,2.83775807093689,,,,OTHER
2018,Isle of Man,IMN,95040.4061748938,2.2133975392251,,,,OTHER
2019,Isle of Man,IMN,95110.1385990737,0.254877847398262,,,,OTHER
2020,Isle of Man,IMN,86595.0676099275,-8.83681697473475,,,,OTHER
2021,Isle of Man,IMN,89873.5420093569,3.83783632334639,,,,OTHER
2022,Isle of Man,IMN,86103.3379308107,-4.16539345213232,,,,OTHER
1990,India,IND,537.870269533789,5.53345456125301,8.9712325027325,,3.14621461029962,OTHER
1991,India,IND,531.898397841583,1.05683143496063,13.8702461773683,7.641,2.90997432764267,OTHER
1992,India,IND,549.235069966802,5.48239602040357,11.7878170418134,7.649,2.70483970561409,OTHER
1993,India,IND,563.372872328964,4.75077621776924,6.32689048779867,7.662,2.82354224568723,OTHER
1994,India,IND,588.727892188017,6.65892407028434,10.2479355556119,7.593,2.66467372708604,OTHER
1995,India,IND,620.699954330379,7.57449183788519,10.2248861637544,7.57,2.57848357246069,OTHER
1996,India,IND,654.355928429641,7.54952224920051,8.97715233826453,7.537,2.4727682254674,OTHER
1997,India,IND,667.598423095039,4.04982084998183,7.16425211462724,7.574,2.64773242601716,OTHER
1998,India,IND,695.293709344799,6.18441582172117,13.2308389767977,7.596,2.72731141679376,OTHER
1999,India,IND,742.53920839445,8.84575555939531,4.66982038037594,7.583,2.95719564743412,OTHER
2000,India,IND,756.704109527449,3.84099115659129,4.0094359104519,7.589,2.94892990622572,OTHER
2001,India,IND,778.507377528365,4.82396626555771,3.77929312235637,7.611,2.9244355462896,OTHER
2002,India,IND,793.615912906381,3.80397532112175,4.29715203929563,7.681,2.82686683045838,OTHER
2003,India,IND,841.278894571674,7.8603814759073,3.80585899528851,7.633,2.67777693222748,OTHER
2004,India,IND,892.596614581612,7.92293661199932,3.76725173477515,7.598,2.82875224798105,OTHER
2005,India,IND,947.732565646672,7.92343062148318,4.24634362031922,7.551,2.91058750164482,OTHER
2006,India,IND,1008.23275343783,8.06073257166651,5.79652337561634,7.553,2.68038156022763,OTHER
2007,India,IND,1069.24696813025,7.6608150670107,6.37288135593231,7.562,2.47824652803557,OTHER
2008,India,IND,1086.50605251513,3.08669805921981,8.34926704907581,7.629,2.63146078124112,OTHER
2009,India,IND,1155.10163274172,7.86188883286074,10.8823529411764,7.636,3.12938472737472,OTHER
2010,India,IND,1235.15939133951,8.49758470221235,11.9893899204244,7.631,2.88946327164641,OTHER
2011,India,IND,1281.61054354933,5.24131619937695,8.91179336483371,7.609,2.70448222276966,OTHER
2012,India,IND,1333.09626557668,5.45638755166587,9.47899691419801,7.645,2.61816634758562,OTHER
2013,India,IND,1399.4537980287,6.38610640094825,10.0178784746102,7.678,2.5488248901417,OTHER
2014,India,IND,1484.31640682913,7.41022760508854,6.66565671867899,7.656,2.54398176462257,OTHER
2015,India,IND,1583.99815907985,7.99625378571471,4.90697344127256,7.629,2.45745006060163,OTHER
2016,India,IND,1694.46534973825,8.25630550179086,4.94821634062141,7.611,2.54315152114541,OTHER
2017,India,IND,1788.69770318446,6.79538341897911,3.32817337461298,7.626,2.53151136056791,OTHER
2018,India,IND,1883.35772705062,6.45385134497769,3.9388264669163,7.652,2.42428452604417,OTHER
2019,India,IND,1936.03067741067,3.87143694070356,3.72950573539129,6.51,2.5459982314359,OTHER
2020,India,IND,1806.50110583878,-5.77772470686801,6.62343677628535,7.859,2.80361581112679,OTHER
2021,India,IND,1965.30943437506,9.68959249192875,5.13140747176369,6.38,2.46874153034185,OTHER
2022,India,IND,2098.2112447615,7.60936497768895,6.69903414079852,4.822,2.38309809835882,OTHER
2023,India,IND,2270.9051808027,9.19075493028345,5.64914318907925,4.172,2.35679426678262,OTHER
2024,India,IND,2396.94999213544,6.49476552383821,4.95303550973656,4.173,2.2712033218142,OTHER
2025,India,IND,,,,4.219,,OTHER
1990,Ireland,IRL,23456.999356198,8.46652776398362,3.31732886680118,,1.20350328404375,OTHER
1991,Ireland,IRL,23772.5663058612,1.9296401741083,3.21081037142378,15.771,1.25393531255992,OTHER
1992,Ireland,IRL,24400.3064402451,3.34327412603812,3.06999853835904,15.021,1.20411854985202,OTHER
1993,Ireland,IRL,24932.3770542724,2.69260841466448,1.46941522411422,15.571,1.13922514870102,OTHER
1994,Ireland,IRL,26263.7091752353,5.75582797061618,2.30920192610951,14.544,1.10873259118524,OTHER
1995,Ireland,IRL,28646.8176219898,9.63442136559036,2.52486446780802,11.97,1.01536302332693,OTHER
1996,Ireland,IRL,30518.4039336362,7.37962465765875,1.75574469607419,11.692,0.990896265766987,OTHER
1997,Ireland,IRL,33543.9942975657,11.0217650823433,1.5418020226137,10.191,0.923621423991217,OTHER
1998,Ireland,IRL,36105.9184837456,8.7661226571214,2.40768094534715,7.699,0.823067638264075,OTHER
1999,Ireland,IRL,39460.4758655009,10.5298856427062,1.62988605221407,5.804,0.75007656936,OTHER
2000,Ireland,IRL,42599.4803921319,9.40352476399653,5.57763269940387,4.318,0.694961052162033,OTHER
2001,Ireland,IRL,44151.1536032557,5.30582133514299,4.85280279607477,3.684,0.702765014395844,OTHER
2002,Ireland,IRL,45974.4881988842,5.89936506079005,4.62820512820515,4.216,0.63383334613874,OTHER
2003,Ireland,IRL,46594.8620267616,3.01383869396012,3.49221909079765,4.478,0.587456023721602,OTHER
2004,Ireland,IRL,48856.3238587396,6.78813990621356,2.17854605730523,4.491,0.567899833158286,OTHER
2005,Ireland,IRL,50547.2123729763,5.73978202625278,2.45654692931639,4.237,0.540612698817302,OTHER
2006,Ireland,IRL,51656.8194855887,4.98785364537615,3.93576114001354,4.355,0.513151243889595,OTHER
2007,Ireland,IRL,52849.6948429458,5.31011830898613,4.88574537540802,4.98,0.508754794256741,OTHER
2008,Ireland,IRL,49461.1594281353,-4.48407081043062,4.03568834941391,6.774,0.57698781953157,OTHER
2009,Ireland,IRL,46466.3794269222,-5.09578277913846,-4.44754686876746,12.609,0.601169019780089,OTHER
2010,Ireland,IRL,46991.6464673949,1.68297175486512,-0.918388645376774,14.534,0.574574154033988,OTHER
2011,Ireland,IRL,47539.9181739968,1.60886648916944,2.5489783020855,15.354,0.539508228229788,OTHER
2012,Ireland,IRL,47147.1604669421,-0.40502941658977,1.69474116680366,15.451,0.509289132793347,OTHER
2013,Ireland,IRL,47928.0346487005,2.1929375750029,0.515099484900573,13.735,0.49161342312128,OTHER
2014,Ireland,IRL,52044.6201181887,9.38579335130922,0.190916398713745,11.858,0.447668415911946,OTHER
2015,Ireland,IRL,64250.1385181257,24.6239856364006,-0.330959783371788,9.908,0.329854616599638,OTHER
2016,Ireland,IRL,64205.979777351,1.22271661130947,0.0201247735963237,8.374,0.327907586700795,OTHER
2017,Ireland,IRL,69748.6221034014,10.1088576065965,0.362173038229378,6.713,0.296120745416758,OTHER
2018,Ireland,IRL,74029.0550611436,7.68865937437435,0.471130713712916,5.741,0.280112255033866,OTHER
2019,Ireland,IRL,76485.635854651,4.97288003766816,0.937842961189274,4.95,0.273293508559262,OTHER
2020,Ireland,IRL,80927.936475395,7.15369505735335,-0.326183651280033,5.623,0.262684777602834,OTHER
2021,Ireland,IRL,92781.2322150786,16.2581881158197,2.34034113447044,6.357,0.238637692712824,OTHER
2022,Ireland,IRL,97793.5366671697,7.51113888415304,7.82945736434105,4.465,0.212502380914468,OTHER
2023,Ireland,IRL,93541.9643678381,-2.53637409313261,6.29942487419125,4.243,0.230374711003044,OTHER
2024,Ireland,IRL,94474.9879707069,2.59946721553708,2.11344999577317,4.3,0.239096332495524,OTHER
2025,Ireland,IRL,,,,4.632,,OTHER
1990,"Iran, Islamic Rep.",IRN,3222.20102704479,13.594926443584,7.62767493763934,,2.94265012534759,OTHER
1991,"Iran, Islamic Rep.",IRN,3534.65396417255,12.7161484424098,17.1285679434012,11.1,2.16970796657052,OTHER
1992,"Iran, Islamic Rep.",IRN,3579.73221786246,3.29798191958058,25.8077226162332,10.653,1.78930544437356,OTHER
1993,"Iran, Islamic Rep.",IRN,3514.51966574661,-1.47101148218381,21.2026307547761,10.573,1.70036120174971,OTHER
1994,"Iran, Islamic Rep.",IRN,3448.25956881527,-1.69828611909162,31.4470284237728,10.458,2.07301000512615,OTHER
1995,"Iran, Islamic Rep.",IRN,3492.17204969482,2.40104455220023,49.6559858462746,9.904,2.15416588498039,OTHER
1996,"Iran, Islamic Rep.",IRN,3674.0326860276,6.35052601873645,28.9373440168137,9.1,2.24486451064281,OTHER
1997,"Iran, Islamic Rep.",IRN,3679.27534912962,1.3503992743003,17.3492257538708,9.68,2.49887472505777,OTHER
1998,"Iran, Islamic Rep.",IRN,3704.56563043092,2.08001178027133,17.8661342130398,10.358,2.62907924769004,OTHER
1999,"Iran, Islamic Rep.",IRN,3725.31745828772,2.00269623253435,20.0707078146866,11.176,2.40455173780106,OTHER
2000,"Iran, Islamic Rep.",IRN,3885.30183360649,5.84552747578209,14.4767513188567,11.698,2.29504222152572,OTHER
2001,"Iran, Islamic Rep.",IRN,3917.29935489016,2.39217271207868,11.2742471332117,12.362,2.41817929679324,OTHER
2002,"Iran, Islamic Rep.",IRN,4198.95356080727,8.07882927975243,14.3359337378404,12.8,2.17457636612743,OTHER
2003,"Iran, Islamic Rep.",IRN,4511.43134034458,8.6392983972006,16.4680116244792,11.529,2.4050402653569,OTHER
2004,"Iran, Islamic Rep.",IRN,4607.45169088209,4.33666597851041,14.7615086970672,10.3,2.83455780463948,OTHER
2005,"Iran, Islamic Rep.",IRN,4650.35841490708,3.18980408728824,13.433118008508,11.813,3.03665449804817,OTHER
2006,"Iran, Islamic Rep.",IRN,4778.7934584732,4.99979526181222,10.0158982511924,11.519,3.31519380033441,OTHER
2007,"Iran, Islamic Rep.",IRN,5084.71796043623,8.15577352358517,17.3410404624277,10.772,2.65398282115891,OTHER
2008,"Iran, Islamic Rep.",IRN,5035.94008533618,0.250856553493634,25.4105090311987,10.63,2.68334192055637,OTHER
2009,"Iran, Islamic Rep.",IRN,5023.89314362941,1.00738545790475,13.5515548281506,12.113,3.04770554917662,OTHER
2010,"Iran, Islamic Rep.",IRN,5249.06133369759,5.79793830169604,10.0893629287979,13.679,2.7865480606164,OTHER
2011,"Iran, Islamic Rep.",IRN,5321.75870744453,2.6457179180628,26.2933856738608,12.491,2.38163454250427,OTHER
2012,"Iran, Islamic Rep.",IRN,5058.64637811835,-3.74717139864109,27.2568127242908,12.275,2.68660846849974,OTHER
2013,"Iran, Islamic Rep.",IRN,4916.97291948475,-1.52197920494184,36.6030355191029,10.595,2.18077190909837,OTHER
2014,"Iran, Islamic Rep.",IRN,5093.20319702187,4.98477506709476,16.6065532357449,10.68,2.11655706144949,OTHER
2015,"Iran, Islamic Rep.",IRN,4952.73355532178,-1.42488493937503,12.4846815611533,11.166,2.55709080686915,OTHER
2016,"Iran, Islamic Rep.",IRN,5312.61724954192,8.8150866425182,7.24542548952979,12.618,2.79643556281004,OTHER
2017,"Iran, Islamic Rep.",IRN,5395.2398398598,3.02685468694025,8.04492437660278,12.232,2.8443384495596,OTHER
2018,"Iran, Islamic Rep.",IRN,5127.22495367018,-3.74796015711334,18.0141183371874,12.195,2.35629488324383,OTHER
2019,"Iran, Islamic Rep.",IRN,4952.45669081078,-2.36143538770575,39.9073455697784,10.74,2.14694745014838,OTHER
2020,"Iran, Islamic Rep.",IRN,5132.82430762118,4.44180865358672,30.5941390387295,9.687,2.17701027609522,OTHER
2021,"Iran, Islamic Rep.",IRN,5300.62271961895,4.13089685034471,43.3890162681514,9.282,2.22394282528392,OTHER
2022,"Iran, Islamic Rep.",IRN,5465.31447539413,4.35281087521344,43.4884641742179,9.085,2.11062130699384,OTHER
2023,"Iran, Islamic Rep.",IRN,5687.84396330117,5.33235117216407,44.5791857572797,8.129,2.35179187276968,OTHER
2024,"Iran, Islamic Rep.",IRN,5834.44296939863,3.66312056830718,32.455871402917,8.146,2.01043175751636,OTHER
2025,"Iran, Islamic Rep.",IRN,,,,8.301,,OTHER
1990,Iraq,IRQ,3526.57925126853,57.8178283456035,,,,A
1991,Iraq,IRQ,1254.6305738573,-64.0471069734499,180.952380952381,8.639,,A
1992,Iraq,IRQ,1615.03903542829,32.5922111963098,83.615819209039,8.346,,A
1993,Iraq,IRQ,2005.56353163967,30.2898294911571,207.692307692309,8.36,,A
1994,Iraq,IRQ,1985.79691950751,3.85453244906617,448.499999999999,8.221,,A
1995,Iraq,IRQ,1961.09255088401,2.12002149754704,387.310847766638,8.431,,A
1996,Iraq,IRQ,2108.82328338078,11.0207856442482,-16.1173257510572,8.516,,A
1997,Iraq,IRQ,2478.84310444448,21.237936128861,23.0631996788727,8.269,,A
1998,Iraq,IRQ,3242.95733892163,35.0009676190523,14.7687735575528,8.064,,A
1999,Iraq,IRQ,3691.74051342002,17.5801703743844,12.5777623393436,7.979,,A
2000,Iraq,IRQ,4172.78025105244,16.7961344440251,4.97896213183735,8.038,,A
2001,Iraq,IRQ,4116.09405320279,1.76660876568174,16.3740814963262,8.249,,A
2002,Iraq,IRQ,3660.92527507177,-8.20370481187175,19.316694601979,8.619,,A
2003,Iraq,IRQ,2250.06990123369,-36.6567804383165,33.6162105992383,8.959,,A
2004,Iraq,IRQ,3354.26588756715,53.3855472887501,26.9619068193272,8.715,1.67557807777108,A
2005,Iraq,IRQ,3310.86344473993,1.67522863586828,36.9594809201871,8.57,2.24258030532454,A
2006,Iraq,IRQ,3471.98744698568,5.63829915220637,53.230962911428,8.411,1.89757172208062,A
2007,Iraq,IRQ,3565.58054079041,1.88853936243953,-10.0674925768978,8.646,2.23992802514508,A
2008,Iraq,IRQ,3781.78001712762,8.22810710383277,12.6628528269228,8.466,2.36775982414374,A
2009,Iraq,IRQ,3768.17284328983,3.37929909442771,6.8736154721255,8.415,2.89914007639814,A
2010,Iraq,IRQ,3881.94327045302,6.40256484471193,2.8777472527476,8.267,2.70935227972459,A
2011,Iraq,IRQ,4030.01686860986,7.546471200426,5.801455370853,8.193,2.30344021962536,A
2012,Iraq,IRQ,4387.90469058707,13.9364301737537,6.08909641595043,7.965,1.89956836613945,A
2013,Iraq,IRQ,4504.82687537354,7.62828592298754,1.87949800749469,9.222,3.31583096149399,A
2014,Iraq,IRQ,4446.97343234862,2.26368817563613,2.23597407904679,10.59,2.9506139914123,A
2015,Iraq,IRQ,4440.14189252367,2.60676642939541,1.39333028780309,10.865,5.41292532011925,A
2016,Iraq,IRQ,4932.9272911439,13.7873730187089,0.556521397155511,10.82,3.55013476903527,A
2017,Iraq,IRQ,4736.32710809857,-1.81975035118309,0.18405889884769,13.02,3.90898492056515,A
2018,Iraq,IRQ,4749.00921836896,2.63385099105624,0.367441488936849,13.458,2.75172485497662,A
2019,Iraq,IRQ,4898.14897652265,5.51379057542323,-0.198965380023928,14.096,3.23719485045446,A
2020,Iraq,IRQ,4213.99843766061,-12.0367930931152,0.574162679425795,15.766,3.11217889939661,A
2021,Iraq,IRQ,4182.5006404573,1.50218070952037,6.04186489058044,16.173,2.26111174702371,A
2022,Iraq,IRQ,4412.99733146512,7.95904804992662,4.99476596381044,15.41,1.64001134527485,A
2023,Iraq,IRQ,4337.08705324182,0.517705525131191,4.35835351089586,15.239,2.26269486919183,A
2024,Iraq,IRQ,4180.29619477317,-1.54525198318304,-12.2969837587007,15.293,2.35714058035714,A
2025,Iraq,IRQ,,,,15.485,,A
1990,Iceland,ISL,37302.8060328139,1.16937035968014,15.510721994253,,,OTHER
1991,Iceland,ISL,36790.4868219112,-0.223525498840075,6.80877887943634,2.548,,OTHER
1992,Iceland,ISL,35105.2870077472,-3.37389416853765,3.94771176824031,4.305,,OTHER
1993,Iceland,ISL,35206.5664577253,1.31344949985998,4.04285291076947,5.257,,OTHER
1994,Iceland,ISL,36162.2911245914,3.60885792911003,1.55265627495777,5.326,,OTHER
1995,Iceland,ISL,36008.5846233014,0.116583656161382,1.65123150116658,5.196,,OTHER
1996,Iceland,ISL,37425.5142720925,4.49765343483963,2.26041898267297,3.6,,OTHER
1997,Iceland,ISL,38657.2763868107,4.14087045064694,1.81543080282242,3.72,,OTHER
1998,Iceland,ISL,40926.7158141627,7.01048322607343,1.65924170953427,3.069,,OTHER
1999,Iceland,ISL,42010.937618333,3.89798762287089,3.23183260906467,2.178,,OTHER
2000,Iceland,ISL,43472.3369863945,4.90518213679276,5.13647123245151,1.936,,OTHER
2001,Iceland,ISL,44545.9822640262,3.84093935130252,6.40508550386868,1.874,,OTHER
2002,Iceland,ISL,44389.5560505836,0.542286728015213,5.19702230216628,2.988,,OTHER
2003,Iceland,ISL,45088.9225976672,2.28136971731965,2.05566329753742,3.997,,OTHER
2004,Iceland,ISL,48101.7116286153,7.62260520117914,3.15819324298464,4.031,,OTHER
2005,Iceland,ISL,50674.4411254865,7.0293406083855,3.98704782806593,2.547,,OTHER
2006,Iceland,ISL,52306.1284689188,5.67161248460013,6.68707906136661,2.83,,OTHER
2007,Iceland,ISL,55457.3601417561,8.74132941508014,5.05155736492146,2.251,,OTHER
2008,Iceland,ISL,55360.8136015347,1.69961076077263,12.6943942775878,2.946,,OTHER
2009,Iceland,ISL,50581.0846203691,-8.32146414328021,12.0031298461743,7.22,,OTHER
2010,Iceland,ISL,49528.4864575422,-2.22181847599202,5.39673113167477,7.564,,OTHER
2011,Iceland,ISL,50058.8302502676,1.37999669140882,4.0010266434312,7.028,,OTHER
2012,Iceland,ISL,50375.4116888351,1.16931174886884,5.18589988750698,6.0,,OTHER
2013,Iceland,ISL,51696.0876528983,3.59695700972851,3.87227923748249,5.376,,OTHER
2014,Iceland,ISL,52102.5757919438,1.91381609098249,2.04461481539333,4.897,,OTHER
2015,Iceland,ISL,53505.6964079339,3.76859023848581,1.63305558181326,3.979,,OTHER
2016,Iceland,ISL,56049.2928648152,6.21808764217616,1.69692761997751,2.978,,OTHER
2017,Iceland,ISL,56657.9800285572,3.48506703916689,1.76041559180596,2.742,,OTHER
2018,Iceland,ISL,57731.6523401884,4.66077032612084,2.68291768267392,2.704,,OTHER
2019,Iceland,ISL,57118.8452718755,1.13821230465001,3.01397179156053,3.507,,OTHER
2020,Iceland,ISL,52464.3072858637,-6.64587816297836,2.84792401518665,5.478,,OTHER
2021,Iceland,ISL,54285.0209153958,5.1805719742238,4.44423970189739,6.029,,OTHER
2022,Iceland,ISL,57606.8756094882,8.82069395623492,8.3087551155892,3.789,,OTHER
2023,Iceland,ISL,60019.4084189868,5.18615760140189,8.73630299937298,3.518,,OTHER
2024,Iceland,ISL,59307.1777759714,-0.970676468918384,5.85683849970066,3.6,,OTHER
2025,Iceland,ISL,,,,3.625,,OTHER
1990,Israel,ISR,22395.1118825784,7.3151991944807,17.2553348050036,,12.362686187267,OTHER
1991,Israel,ISR,22716.5668753642,7.72611510990106,19.1088798242862,13.387,15.5869829136602,OTHER
1992,Israel,ISR,23647.7824286474,7.7592662201412,12.0653319283457,14.08,10.925077527679,OTHER
1993,Israel,ISR,23975.4686313192,4.11675635714511,10.8838740009403,12.741,11.5232439907469,OTHER
1994,Israel,ISR,25097.9901268886,7.42784528286684,12.253550985796,9.934,10.1199658353758,OTHER
1995,Israel,ISR,26050.7265906943,6.60292466276256,9.93389990557126,8.782,7.52795654363498,OTHER
1996,Israel,ISR,26859.877460854,5.83943847597874,11.4585122831129,8.455,7.37917726384435,OTHER
1997,Israel,ISR,27143.4560040151,3.61234610744576,8.95499383477184,9.751,7.17952158691366,OTHER
1998,Israel,ISR,27620.6563115809,4.11196396238032,5.48875371339656,10.749,6.71359953153999,OTHER
1999,Israel,ISR,27814.0260563783,3.29727980669843,5.18975459299983,11.183,6.30231351836919,OTHER
2000,Israel,ISR,29413.4894578106,8.58208942390802,1.03263640999489,11.102,6.10001984652015,OTHER
2001,Israel,ISR,28808.1300136037,0.277927326527333,1.12302839116721,11.812,6.29993225373241,OTHER
2002,Israel,ISR,28195.8676389139,-0.134072634658438,5.80234589468429,12.888,6.36795930501003,OTHER
2003,Israel,ISR,28092.6176251486,1.4490576944626,0.70763061681807,13.505,6.25286591975287,OTHER
2004,Israel,ISR,28883.247588548,4.64789744397389,-0.421595034547416,13.029,6.13940696015944,OTHER
2005,Israel,ISR,29623.7172812577,4.38778887041551,1.34070328119492,11.342,6.05115990349017,OTHER
2006,Israel,ISR,30734.9619835354,5.60162698158004,2.05407914587443,10.707,5.85587278604162,OTHER
2007,Israel,ISR,32103.1628576567,6.32334950499747,0.466226972936065,9.379,6.16232982826306,OTHER
2008,Israel,ISR,32554.0413211945,3.22209599987266,4.52744765138651,7.704,6.23951148308826,OTHER
2009,Israel,ISR,32178.5727387015,1.23773159721814,3.3676231727125,9.534,5.97664891131294,OTHER
2010,Israel,ISR,33344.7213294093,5.53434033902194,2.70270270270273,8.48,5.78907528727422,OTHER
2011,Israel,ISR,34540.6749784398,5.51879621371651,3.48837209302323,7.139,5.63236402188698,OTHER
2012,Israel,ISR,34738.6587001,2.44716836741318,1.67553715750052,6.762,5.51022054656508,OTHER
2013,Israel,ISR,35489.5086561247,4.08570918638205,1.58976347421476,6.137,5.44373442389891,OTHER
2014,Israel,ISR,36129.3146105805,3.77582843213109,0.467557251908503,5.789,5.63057461102748,OTHER
2015,Israel,ISR,36213.1041481958,2.23760317482488,-0.617342577642765,5.176,5.42297442402595,OTHER
2016,Israel,ISR,37093.7879065422,4.45978271860821,-0.535168195718695,4.723,5.41748768749926,OTHER
2017,Israel,ISR,37963.0491190696,4.3469311670646,0.249807840123008,4.14,5.42682730712043,OTHER
2018,Israel,ISR,38729.6426036983,4.00389862187025,0.805060379528526,3.917,5.28819717558874,OTHER
2019,Israel,ISR,39407.2016076709,3.71049632750405,0.817645940292794,3.731,5.07212719116893,OTHER
2020,Israel,ISR,37935.5432717179,-2.02161548237589,-0.575254620897756,4.169,5.27626408809404,OTHER
2021,Israel,ISR,40804.9689802536,9.38837403354628,1.47965474722561,4.812,4.9349458892043,OTHER
2022,Israel,ISR,42516.3888090274,6.26326343841286,4.41162725488371,3.695,4.43301220057923,OTHER
2023,Israel,ISR,42011.6213954855,1.82652049482384,4.22522603168918,3.371,5.38479973351622,OTHER
2024,Israel,ISR,41845.1660567523,0.871968424377442,3.07480889805025,3.595,8.77671668977531,OTHER
2025,Israel,ISR,,,,3.489,,OTHER
1990,Italy,ITA,27625.1792306413,1.98577491758405,6.456609061464,,1.8807984132592,OTHER
1991,Italy,ITA,28030.7653841073,1.53844759206665,6.24999929790291,10.097,1.85885268375554,OTHER
1992,Italy,ITA,28245.4271054692,0.834275417393798,5.2705899859293,9.321,1.75197698347487,OTHER
1993,Italy,ITA,27987.4328969281,-0.852805731913904,4.62673468331298,10.212,1.7867679733127,OTHER
1994,Italy,ITA,28583.6255328648,2.15102367074849,4.05184218065716,11.086,1.71374275955101,OTHER
1995,Italy,ITA,29408.3209572297,2.88683671925843,5.23542258044301,11.661,1.45963717676225,OTHER
1996,Italy,ITA,29795.6597750915,1.34558477192847,4.0069766898104,11.864,1.58142783542643,OTHER
1997,Italy,ITA,30353.3778243995,1.92572122608527,2.04310779750136,11.985,1.61893523792895,OTHER
1998,Italy,ITA,30892.1758654455,1.8043732818638,1.95508557719381,12.117,1.63621282256544,OTHER
1999,Italy,ITA,31405.2609007683,1.67799157943422,1.66345995007714,11.681,1.67522558920443,OTHER
2000,Italy,ITA,32609.66746283,3.88209885062652,2.53768532095002,10.834,1.7333974080779,OTHER
2001,Italy,ITA,33243.599343976,2.00643329837733,2.78516542713554,9.599,1.66687444230505,OTHER
2002,Italy,ITA,33267.4474482048,0.26992966378873,2.46532319171165,9.211,1.69394254893483,OTHER
2003,Italy,ITA,33110.1698494812,0.0665538088732092,2.6725555277285,8.869,1.69839951235756,OTHER
2004,Italy,ITA,33348.9744820456,1.4740217064723,2.20673661423657,7.866,1.67228931403318,OTHER
2005,Italy,ITA,33407.6754716472,0.762410677306491,1.9852929852798,7.73,1.59516123663349,OTHER
2006,Italy,ITA,33873.0493680093,1.79947992234244,2.09084391012754,6.777,1.51434317166841,OTHER
2007,Italy,ITA,34159.9109244074,1.46229205289291,1.82974112202403,6.076,1.44091823807458,OTHER
2008,Italy,ITA,33550.6340800063,-1.02313851177097,3.34783258401022,6.723,1.53005124720846,OTHER
2009,Italy,ITA,31587.0638416305,-5.30515401233991,0.774768131387381,7.749,1.54748909606347,OTHER
2010,Italy,ITA,31928.5543621096,1.52910573247101,1.52551602118248,8.363,1.49431312454622,OTHER
2011,Italy,ITA,32039.5032494316,0.695463154440176,2.78063272879323,8.359,1.46829220552997,OTHER
2012,Italy,ITA,30953.4147447427,-3.12523877282996,3.04136333226775,10.655,1.41946238544527,OTHER
2013,Italy,ITA,30330.0221599668,-1.81802510749792,1.21999342274306,12.149,1.39167747666985,OTHER
2014,Italy,ITA,30325.0287793923,-0.00138761730454462,0.241047429826756,12.683,1.27633070266495,OTHER
2015,Italy,ITA,30639.8829751432,0.885667635240807,0.0387903996579733,11.896,1.20247316488401,OTHER
2016,Italy,ITA,31077.6792675211,1.23622108511661,-0.09401665691575,11.688,1.32773387933426,OTHER
2017,Italy,ITA,31635.52277108,1.60369995294101,1.22653316645812,11.211,1.35122350161336,OTHER
2018,Italy,ITA,31819.3971830067,0.826646712344115,1.13748763600391,10.538,1.35443317948295,OTHER
2019,Italy,ITA,32180.4341017428,0.429162533780342,0.611246943765304,9.884,1.30611671363832,OTHER
2020,Italy,ITA,29469.7989238626,-8.86822122185345,-0.13770757391651,9.192,1.72984958969454,OTHER
2021,Italy,ITA,32267.7091050201,8.93106210800055,1.87378325762481,9.497,1.66286387777873,OTHER
2022,Italy,ITA,33891.8866526216,4.82117669913565,8.20128991161718,8.069,1.65164252620196,OTHER
2023,Italy,ITA,34239.6554751239,0.975694840127005,5.62219442195901,7.627,1.60646040928357,OTHER
2024,Italy,ITA,34495.2545799636,0.692676948440536,0.982373023061417,6.5,1.60924561245844,OTHER
2025,Italy,ITA,,,,6.391,,OTHER
1990,Jamaica,JAM,4773.62848195303,4.2005351147029,21.9601751165083,,0.840785086389815,OTHER
1991,Jamaica,JAM,4960.83040580996,4.83823875455573,51.0710977304313,6.233,0.75852456763707,OTHER
1992,Jamaica,JAM,5008.12883358686,1.95554250017773,77.2965929559651,6.383,1.1078382456987,OTHER
1993,Jamaica,JAM,5423.3508419918,9.41710256580915,22.0699494185292,6.235,0.821906410171071,OTHER
1994,Jamaica,JAM,5442.16740407801,1.38338980682033,35.0633942484772,6.335,0.629920602685154,OTHER
1995,Jamaica,JAM,5514.51252836665,2.34995703773234,19.9087488364168,6.325,0.538709243142773,OTHER
1996,Jamaica,JAM,5455.19334658148,-0.113731205844019,26.4066566074043,6.611,0.567656626792595,OTHER
1997,Jamaica,JAM,5343.48049225757,-1.14045987350366,9.65755261268595,6.693,0.655054826817414,OTHER
1998,Jamaica,JAM,5174.28295609468,-2.33455353946911,8.63189613012144,6.846,0.544947828971664,OTHER
1999,Jamaica,JAM,5187.99579646328,1.04767386709968,5.95423949113006,6.813,0.511051526418673,OTHER
2000,Jamaica,JAM,5197.39692210665,0.87870355044231,8.17108356120225,6.752,0.486319761296974,OTHER
2001,Jamaica,JAM,5234.02744397806,1.34492956615135,6.8019093078759,6.641,0.504358949501446,OTHER
2002,Jamaica,JAM,5305.87658697244,1.99729094191295,7.07635009310985,6.616,0.585431033566746,OTHER
2003,Jamaica,JAM,5467.17406988236,3.66631759041991,10.0869565217391,6.534,0.581596297588658,OTHER
2004,Jamaica,JAM,5507.20135110043,1.32372510450574,13.5545023696682,6.539,0.53596996755953,OTHER
2005,Jamaica,JAM,5525.73577833713,0.893797935409893,15.0528658875905,6.577,0.527663694618897,OTHER
2006,Jamaica,JAM,5656.66803579988,2.89912534481287,8.56106408706157,6.605,0.608922318763779,OTHER
2007,Jamaica,JAM,5710.53878446758,1.43195403769627,9.24482067275562,6.607,0.65245791026588,OTHER
2008,Jamaica,JAM,5639.58974873397,-0.811736702186792,22.0228384991843,6.666,0.953354273523125,OTHER
2009,Jamaica,JAM,5372.14234169511,-4.34530185828071,9.59224598930482,7.314,0.947227444976472,OTHER
2010,Jamaica,JAM,5271.57221477938,-1.45714720850386,12.6105519975603,7.63,0.874179484221201,OTHER
2011,Jamaica,JAM,5339.62170188798,1.73037627006349,7.555856465809,8.034,0.925165752936644,OTHER
2012,Jamaica,JAM,5284.00852557589,-0.613636042132399,6.87397708674309,8.695,0.929536056664277,OTHER
2013,Jamaica,JAM,5289.88438546111,0.517686011311724,9.34150076569673,9.698,0.898967963739861,OTHER
2014,Jamaica,JAM,5307.19165380801,0.689822359762587,8.27407886231419,9.046,0.872784216786518,OTHER
2015,Jamaica,JAM,5339.30718256806,0.92148712399856,3.69154228855725,8.825,0.872353476007681,OTHER
2016,Jamaica,JAM,5472.28314023034,2.76043761369557,2.35102197485846,8.634,0.954831298098327,OTHER
2017,Jamaica,JAM,5586.1365723133,2.29303371291363,4.37839864991561,7.399,0.973433068165328,OTHER
2018,Jamaica,JAM,5717.87621107532,2.51584458612513,3.73663882152163,5.47,1.33284679598136,OTHER
2019,Jamaica,JAM,5814.79275311692,1.80943147301357,3.90510000865872,4.987,1.68152578167608,OTHER
2020,Jamaica,JAM,5317.84145033966,-8.30441923583135,5.2267777929352,6.501,1.70647069948671,OTHER
2021,Jamaica,JAM,5607.45378253877,5.70467978309095,5.86278242801063,5.188,1.46676867767402,OTHER
2022,Jamaica,JAM,5965.46127464873,6.43930323656186,10.3495688391272,4.083,1.2899994472516,OTHER
2023,Jamaica,JAM,6127.90771263434,2.74634433906714,6.47413734662063,3.022,1.18599590352408,OTHER
2024,Jamaica,JAM,6096.4327030963,-0.535039063867487,5.41194447981659,3.151,1.27385736005958,OTHER
2025,Jamaica,JAM,,,,3.286,,OTHER
1990,Jordan,JOR,3202.33686003165,-0.275903907591925,16.1921375615233,,7.75106758278973,OTHER
1991,Jordan,JOR,3010.13731183677,1.60853107260243,8.15549597855212,21.439,9.97308956172497,OTHER
1992,Jordan,JOR,3264.84472634328,14.3497760596886,3.9958356055719,19.947,6.92424871901399,OTHER
1993,Jordan,JOR,3238.47541692105,4.48698977985755,3.31666666666706,19.7,6.97710941703805,OTHER
1994,Jordan,JOR,3240.44545104214,4.97147669964757,3.51669624132886,16.894,6.53945701855829,OTHER
1995,Jordan,JOR,3303.28717864788,6.20087444373819,2.35312451301273,14.6,4.45424850464514,OTHER
1996,Jordan,JOR,3262.10615178904,2.08702078168028,6.50121802679586,13.7,6.02691751674709,OTHER
1997,Jordan,JOR,3280.69793184873,3.30847538304737,3.0378842030025,13.74,6.13150620936661,OTHER
1998,Jordan,JOR,3302.29942733776,3.01217269046565,3.09166666666703,13.841,6.27462165100982,OTHER
1999,Jordan,JOR,3341.65644275163,3.38953079405088,0.606256567779427,13.763,6.28223322141843,OTHER
2000,Jordan,JOR,3412.07673213708,4.24571192079179,0.66688092559796,13.7,6.25655642564826,OTHER
2001,Jordan,JOR,3518.76635312228,5.26995757513571,1.77220437351017,14.7,5.89307853514787,OTHER
2002,Jordan,JOR,3644.62434644332,5.78380792679296,1.83299389002049,15.3,5.44601446661176,OTHER
2003,Jordan,JOR,3713.15193593268,4.16166755544407,1.62999999999998,14.5,6.00105948173936,OTHER
2004,Jordan,JOR,3935.15704743447,8.56721424236899,3.36186821476601,14.626,5.14172128874042,OTHER
2005,Jordan,JOR,4151.61313015439,8.14659481079931,3.49368534619531,14.8,4.79532278988433,OTHER
2006,Jordan,JOR,4209.86864014361,8.09297527811933,6.25172466656443,14.0,4.65932400854871,OTHER
2007,Jordan,JOR,4287.35229821209,8.17616995204646,4.74390639021648,13.1,5.85128256624216,OTHER
2008,Jordan,JOR,4489.95545537311,7.22038637280139,13.9712310012729,12.7,5.99497156149729,OTHER
2009,Jordan,JOR,4615.23067817324,5.02371007272669,-0.739069743144777,12.9,6.39138388037152,OTHER
2010,Jordan,JOR,4621.5742854131,2.31483422063046,4.84551875852116,12.5,5.74149982771799,OTHER
2011,Jordan,JOR,4631.67703841605,2.73717988632104,4.1624416292779,12.9,5.40164163067694,OTHER
2012,Jordan,JOR,4677.47613977192,2.42935800100238,4.5152295667099,12.2,4.65572090662121,OTHER
2013,Jordan,JOR,4556.52023716712,2.60994737548631,4.82462314269537,12.6,4.19373981956594,OTHER
2014,Jordan,JOR,4282.11872849239,3.38407809933472,2.89947905006057,11.9,4.20345261907888,OTHER
2015,Jordan,JOR,4042.75678097555,2.49652879315188,-0.876851359704049,13.075,4.1851629472753,OTHER
2016,Jordan,JOR,3933.14704611068,1.9941808493012,-0.778430463054142,15.275,4.43550630070496,OTHER
2017,Jordan,JOR,3940.70199181145,2.47359815449045,3.32389447576097,18.12,4.6843537414966,OTHER
2018,Jordan,JOR,3928.77026821205,1.91907091341564,4.46231108475481,18.257,4.56009087117148,OTHER
2019,Jordan,JOR,3919.06426916073,1.75124077866225,0.761514047265601,16.801,4.56623750321627,OTHER
2020,Jordan,JOR,3806.87949354914,-1.10275188309046,0.333294350628378,19.213,4.70457117239125,OTHER
2021,Jordan,JOR,3874.32714084633,3.65564358999147,1.34609377243118,19.837,4.70182146525246,OTHER
2022,Jordan,JOR,3909.80228869045,2.64743514912058,4.22915568897117,18.2,4.798376906378,OTHER
2023,Jordan,JOR,3958.23043952182,2.88408339281683,2.08486986327134,16.62,4.81224565580192,OTHER
2024,Jordan,JOR,4016.83429143296,2.48889409603647,1.55659611283953,16.693,4.80018703722722,OTHER
2025,Jordan,JOR,,,,16.535,,OTHER
1990,Japan,JPN,28422.2131194472,4.84092905699353,3.0785162869516,,0.941791766132693,C
1991,Japan,JPN,29308.2740881269,3.52335723553459,3.25143848753308,2.059,0.940821904384541,C
1992,Japan,JPN,29462.6539671073,0.900586066438109,1.7602830605927,2.158,0.948312440331709,C
1993,Japan,JPN,29232.4397928009,-0.459219716250544,1.24304589707924,2.539,0.950663824755226,C
1994,Japan,JPN,29466.7552451648,1.0833831743207,0.695458057869004,2.89,0.905931358699237,C
1995,Japan,JPN,30171.1637924153,2.6309996164206,-0.127899045020446,3.15,0.90093030549817,C
1996,Japan,JPN,31046.1701544217,3.13387099272759,0.136600358575909,3.383,0.894648972187736,C
1997,Japan,JPN,31276.1930771989,0.981228732290873,1.74780458692133,3.374,0.904515219581402,C
1998,Japan,JPN,30795.0888900919,-1.27033049466078,0.661974191385911,4.078,0.923513329235146,C
1999,Japan,JPN,30636.2661169604,-0.333929957687772,-0.341296928327554,4.677,0.930179880124356,C
2000,Japan,JPN,31430.631130325,2.76464755136783,-0.676578683595175,4.748,0.91598559605623,C
2001,Japan,JPN,31476.0520665746,0.386103426142029,-0.740055504162738,5.02,0.931672835040444,C
2002,Japan,JPN,31416.1241772309,0.0419624992862282,-0.923494026942321,5.386,0.940357532610132,C
2003,Japan,JPN,31830.217584972,1.53512549946694,-0.256541816316025,5.251,0.940046602477998,C
2004,Japan,JPN,32515.1158024695,2.18611569439318,-0.00857338820310272,4.734,0.92660402297468,C
2005,Japan,JPN,33098.5474664881,1.80390087215821,-0.282946068764391,4.446,0.916916827733627,C
2006,Japan,JPN,33531.518563066,1.3723501275831,0.249355116079085,4.192,0.9029884189667,C
2007,Japan,JPN,33990.0360341367,1.48396941157472,0.060039454498669,3.888,0.88498737572599,C
2008,Japan,JPN,33557.6454041595,-1.22428900061713,1.3800788616492,4.002,0.907855045566342,C
2009,Japan,JPN,31651.0837739562,-5.69323635892741,-1.35283672951719,5.068,0.972969565505525,C
2010,Japan,JPN,32942.2020783835,4.09791791943181,-0.728243207517779,5.102,0.94903257605427,C
2011,Japan,JPN,33011.1342301291,0.0238095237995424,-0.27245561610124,4.55,0.974823565427991,C
2012,Japan,JPN,33518.4449368599,1.37475099905274,-0.0440645104432602,4.358,0.956761841659896,C
2013,Japan,JPN,34239.8862473488,2.00510017681211,0.335037912184741,4.038,0.940538501428935,C
2014,Japan,JPN,34386.9058552671,0.296205514141889,2.75922671353253,3.589,0.957800914762225,C
2015,Japan,JPN,34960.6393843385,1.56062669680782,0.795279630579839,3.385,0.947283532698529,C
2016,Japan,JPN,35242.199377148,0.753826745789127,-0.127258844489754,3.132,0.929516775505971,C
2017,Japan,JPN,35861.9728545672,1.67533175173359,0.484199796126385,2.822,0.913229479099801,C
2018,Japan,JPN,36138.5290824814,0.643391023533141,0.989094598021848,2.467,0.962497363778907,C
2019,Japan,JPN,36043.7844013518,-0.402169200894946,0.46877615938395,2.351,0.992231472747577,C
2020,Japan,JPN,34642.9718743239,-4.16876457146743,-0.024995834027731,2.809,1.01676127140466,C
2021,Japan,JPN,35741.1601062924,2.69657404187188,-0.233352779398264,2.808,1.06384050244526,C
2022,Japan,JPN,36238.3294895302,0.941998775483285,2.49770278172255,2.614,1.00994395391657,C
2023,Japan,JPN,36952.5150709861,1.47503481053384,3.26813365933163,2.6,1.13954641785041,C
2024,Japan,JPN,37152.5636003552,0.104309021773304,2.73853681635241,2.5,1.37139689580634,C
2025,Japan,JPN,,,,2.451,,C
1990,Kazakhstan,KAZ,5557.08215736977,,,,,OTHER
1991,Kazakhstan,KAZ,4910.15324119135,-11.0000000016926,,0.9,,OTHER
1992,Kazakhstan,KAZ,4635.42154654073,-5.29999999893468,,1.0,,OTHER
1993,Kazakhstan,KAZ,4223.1282023154,-9.20000000203308,,1.11,1.06262020891113,OTHER
1994,Kazakhstan,KAZ,3740.97810892024,-12.5999999983168,1877.37239517572,7.54,0.838731749307495,OTHER
1995,Kazakhstan,KAZ,3498.51454364229,-8.2000000011824,176.15529894237,10.98,1.03242166274226,OTHER
1996,Kazakhstan,KAZ,3583.36908423331,0.500000002073506,39.1825423654111,12.96,1.20199445983379,OTHER
1997,Kazakhstan,KAZ,3728.96386519689,1.69999999949513,17.4080410607357,13.01,1.11293900645579,OTHER
1998,Kazakhstan,KAZ,3750.56494562659,-1.89999999942479,7.14632665452334,13.13,1.14973828325921,OTHER
1999,Kazakhstan,KAZ,3899.65723139778,2.69999999784199,8.29602765342564,13.46,0.819607059409027,OTHER
2000,Kazakhstan,KAZ,4269.33016782791,9.80000000214156,13.1808905865731,12.75,0.784645080413813,OTHER
2001,Kazakhstan,KAZ,4822.52862802669,13.4999999984358,8.35413777161344,10.43,0.99981747947367,OTHER
2002,Kazakhstan,KAZ,5267.6990320263,9.79999999960842,5.83692452105643,9.33,0.998337701524197,OTHER
2003,Kazakhstan,KAZ,5724.43199248054,9.30000000033759,6.4382181011894,8.78,1.02992745863145,OTHER
2004,Kazakhstan,KAZ,6233.29439373307,9.60000000136854,6.88205438981899,8.4,0.988239740954479,OTHER
2005,Kazakhstan,KAZ,6787.4115548789,9.69999999922682,7.57999929125766,8.13,1.03632123942771,OTHER
2006,Kazakhstan,KAZ,7450.39687062615,10.7,8.72169386091726,7.79,0.97899879573514,OTHER
2007,Kazakhstan,KAZ,8036.87599811505,8.89999999999405,10.8468362075557,7.26,1.29687682152726,OTHER
2008,Kazakhstan,KAZ,8216.52181589585,3.30000000021091,17.139899777207,6.63,1.15466850608291,OTHER
2009,Kazakhstan,KAZ,8218.39912556048,1.19999999942873,7.31607858288578,6.55,1.10303324145897,OTHER
2010,Kazakhstan,KAZ,8704.70655484556,7.30000000329814,7.40046356341396,5.77,1.01441556484772,OTHER
2011,Kazakhstan,KAZ,9223.3021336315,7.40000000144188,8.4529046617679,5.39,0.93651358475802,OTHER
2012,Kazakhstan,KAZ,9531.91477617058,4.79999999528297,5.19568369035073,5.29,1.04690637071706,OTHER
2013,Kazakhstan,KAZ,9959.72586930534,5.99999999671084,5.94283871648418,5.2,1.07808460394627,OTHER
2014,Kazakhstan,KAZ,10226.7100539683,4.20000000566705,6.84944977003358,5.06,1.0416921334727,OTHER
2015,Kazakhstan,KAZ,10196.1226255982,1.20000000053288,6.67828585615236,4.93,1.1097215472116,OTHER
2016,Kazakhstan,KAZ,10151.423313302,1.09999999910173,14.3610942386248,4.96,0.933551765285713,OTHER
2017,Kazakhstan,KAZ,10404.2718646317,4.10000000257358,7.44266321306792,4.9,0.831894968007788,OTHER
2018,Kazakhstan,KAZ,10670.2120148279,4.09999999309841,6.16366247577762,4.85,0.835625758457601,OTHER
2019,Kazakhstan,KAZ,10989.6840718388,4.50000000091883,5.33356098916669,4.8,1.02091636689134,OTHER
2020,Kazakhstan,KAZ,10565.0359816235,-2.49999999628,6.71815454861458,4.89,0.907188676192723,OTHER
2021,Kazakhstan,KAZ,10873.3915275276,4.29999999729456,8.04147134028401,5.568,0.819281683646492,OTHER
2022,Kazakhstan,KAZ,11058.3482413407,3.19999999970734,15.0278644440851,4.86,0.517435849596282,OTHER
2023,Kazakhstan,KAZ,11453.3952725363,5.09999999973641,14.5275597825952,4.835,0.440775673081948,OTHER
2024,Kazakhstan,KAZ,11872.7842626298,4.99999999996936,8.69082156104494,4.833,0.42842846956594,OTHER
2025,Kazakhstan,KAZ,,,,4.771,,OTHER
1990,Kenya,KEN,1329.33312766232,4.19205097155167,17.78181442992,,2.88821495785942,OTHER
1991,Kenya,KEN,1305.46415701447,1.43834679171559,20.0844955754632,2.78,2.35425808983553,OTHER
1992,Kenya,KEN,1255.93870622359,-0.799493958641349,27.3323644475784,2.894,1.90074676245392,OTHER
1993,Kenya,KEN,1223.50616725762,0.353197256227247,45.9788813036218,2.979,1.83774159512733,OTHER
1994,Kenya,KEN,1219.7841113305,2.632784517837,28.8143894306731,2.955,1.64125280758672,OTHER
1995,Kenya,KEN,1237.88250467675,4.40621652482287,1.55432816055009,2.848,1.64671623136492,OTHER
1996,Kenya,KEN,1254.21025248674,4.14683926876013,8.86408741577522,2.773,1.4179547033567,OTHER
1997,Kenya,KEN,1226.19542113337,0.474901921293579,11.3618450505783,2.818,1.34063859838611,OTHER
1998,Kenya,KEN,1232.06658106635,3.29021372249065,6.72243650753928,2.843,1.22012251882916,OTHER
1999,Kenya,KEN,1224.63404639886,2.30538859522412,5.74200109520484,2.884,1.18697414805458,OTHER
2000,Kenya,KEN,1195.41296851656,0.599695390807426,9.98002515350979,2.884,1.31374203224597,OTHER
2001,Kenya,KEN,1202.29348759987,3.77990649795343,5.73859814341467,2.876,1.50475490196078,OTHER
2002,Kenya,KEN,1171.4262517349,0.546859530175595,1.96130821739162,2.916,1.63240781121287,OTHER
2003,Kenya,KEN,1169.14433674051,2.93247554570904,9.81569062979654,2.869,1.65009984272562,OTHER
2004,Kenya,KEN,1191.25443604556,5.10429977629738,11.6240355442426,2.844,1.61419423692636,OTHER
2005,Kenya,KEN,1223.44738472019,5.90666607980057,10.3127783574683,2.739,1.69058701379422,OTHER
2006,Kenya,KEN,1263.54164666211,6.47249430015484,14.4537342081708,2.673,1.45517741016444,OTHER
2007,Kenya,KEN,1309.91092948216,6.85072976998784,9.75888023027529,2.642,1.54791227998168,OTHER
2008,Kenya,KEN,1273.77226103073,0.232282744812977,26.2398166445063,2.751,1.61585029427424,OTHER
2009,Kenya,KEN,1276.73503486074,3.30693981631089,9.23412592394652,2.816,1.36507571681354,OTHER
2010,Kenya,KEN,1340.16467408856,8.05847360290906,3.96138889115385,2.793,1.3699852575929,OTHER
2011,Kenya,KEN,1370.58000874482,5.1211061197056,14.0224913014704,2.699,1.37974304585955,OTHER
2012,Kenya,KEN,1396.30178709756,4.56867961444982,9.37777003547598,2.678,1.48957729008126,OTHER
2013,Kenya,KEN,1413.94142522583,3.7978483925754,5.71749357037733,2.762,1.39539650803677,OTHER
2014,Kenya,KEN,1450.59338202277,5.02011100232484,6.87815499275949,2.767,1.19943336712808,OTHER
2015,Kenya,KEN,1489.11959777284,4.96772112759767,6.58215429284779,2.762,1.20316940776845,OTHER
2016,Kenya,KEN,1517.97796057742,4.21351706814744,6.29724953814625,2.757,1.24730980077159,OTHER
2017,Kenya,KEN,1542.33773973372,3.83795817364721,8.00564967709945,3.542,1.23759400127025,OTHER
2018,Kenya,KEN,1596.69045914945,5.64794640709219,4.6898064677633,4.284,1.20738536752593,OTHER
2019,Kenya,KEN,1645.70961777862,5.11415885767801,5.23963795764792,5.014,1.1125711791299,OTHER
2020,Kenya,KEN,1609.33414078281,-0.272766327438816,5.40516207933392,5.613,1.10843419595019,OTHER
2021,Kenya,KEN,1698.89578271444,7.59048947333467,6.10793603659176,5.693,1.07720025210221,OTHER
2022,Kenya,KEN,1747.53198804428,4.85998104287999,7.65986268272224,5.565,1.01020520038813,OTHER
2023,Kenya,KEN,1811.21651838425,5.71999241214208,7.67139634029402,5.409,0.975388127956637,OTHER
2024,Kenya,KEN,1860.02287047776,4.72473994710138,4.48978854243448,5.487,0.999546585264659,OTHER
2025,Kenya,KEN,,,,5.449,,OTHER
1990,Kyrgyz Republic,KGZ,1203.47208279448,5.70279663301396,,,,OTHER
1991,Kyrgyz Republic,KGZ,1089.90005451003,-7.94392523772915,,1.0,,OTHER
1992,Kyrgyz Republic,KGZ,928.31552055094,-13.8378377984379,,1.1,1.64230750551757,OTHER
1993,Kyrgyz Republic,KGZ,784.564919201316,-15.4593282242512,,1.258,1.53179449829122,OTHER
1994,Kyrgyz Republic,KGZ,627.220989930123,-20.0851588393243,,1.41,2.58636182108626,OTHER
1995,Kyrgyz Republic,KGZ,587.298180667228,-5.4238219222602,,1.539,3.45861592681371,OTHER
1996,Kyrgyz Republic,KGZ,619.667768615001,7.08450239536558,31.9473377218567,1.647,2.9882731534704,OTHER
1997,Kyrgyz Republic,KGZ,671.25000816306,9.91525389550945,23.4354278497005,1.739,3.11226727759184,OTHER
1998,Kyrgyz Republic,KGZ,675.058248147575,2.12183528473682,10.4573825846721,1.861,2.66756189038483,OTHER
1999,Kyrgyz Republic,KGZ,689.414278205464,3.655789399748,37.0309258369344,2.001,2.68520638437551,OTHER
2000,Kyrgyz Republic,KGZ,718.342832397662,5.44333663288322,18.7007342838023,2.143,2.87889604776163,OTHER
2001,Kyrgyz Republic,KGZ,749.423779561565,5.32162141190466,6.9196798942304,2.273,2.34503697046559,OTHER
2002,Kyrgyz Republic,KGZ,742.44300111832,-0.0173246130360667,2.13420986310243,2.416,2.7266980460491,OTHER
2003,Kyrgyz Republic,KGZ,786.350474964134,7.03029319731168,2.97461295184355,2.548,2.86586980182387,OTHER
2004,Kyrgyz Republic,KGZ,831.482103944381,7.02681242497607,4.11065084723381,2.68,2.84851136977412,OTHER
2005,Kyrgyz Republic,KGZ,820.709519437592,-0.175515404044219,4.3386739184431,2.816,3.07769239002886,OTHER
2006,Kyrgyz Republic,KGZ,837.138026647346,3.10289874199981,5.55212333162542,2.962,3.16889818198754,OTHER
2007,Kyrgyz Republic,KGZ,900.02796489729,8.54287477507607,10.2301032660484,3.094,3.05750079106286,OTHER
2008,Kyrgyz Republic,KGZ,966.409971184817,8.40161604861429,24.5201024234102,3.207,2.90487239077854,OTHER
2009,Kyrgyz Republic,KGZ,981.220904665529,2.88629457537731,6.83656248105368,3.343,3.17610058298534,OTHER
2010,Kyrgyz Republic,KGZ,962.764789828724,-0.471566596791618,7.96772225579684,3.503,3.8461743536872,OTHER
2011,Kyrgyz Republic,KGZ,1005.4831781815,5.95627429693504,16.6363262731495,3.644,3.39883593465625,OTHER
2012,Kyrgyz Republic,KGZ,985.8472865972,-0.0881501998439376,2.76844236540957,3.786,3.20725902845126,OTHER
2013,Kyrgyz Republic,KGZ,1069.78404438716,10.9154694528045,6.61375202358082,3.881,3.19620405364784,OTHER
2014,Kyrgyz Republic,KGZ,1088.58214229508,4.02403863083252,7.5342472977589,4.02,3.37589282594698,OTHER
2015,Kyrgyz Republic,KGZ,1105.65193844261,3.87582544512439,6.50331838993384,4.138,3.45165293268545,OTHER
2016,Kyrgyz Republic,KGZ,1128.3161612818,4.33585592190116,0.388838296895799,4.294,3.34401777586688,OTHER
2017,Kyrgyz Republic,KGZ,1157.18275758067,4.73993722377884,3.1753098637994,4.425,3.10489070193562,OTHER
2018,Kyrgyz Republic,KGZ,1175.0712778747,3.75791013557165,1.54266145238436,4.559,3.02854515463686,OTHER
2019,Kyrgyz Republic,KGZ,1201.87701429721,4.60062565707598,1.13362257718804,5.45,2.71068623481534,OTHER
2020,Kyrgyz Republic,KGZ,1093.32856461422,-7.14897757727955,6.32542296338078,5.945,3.10718371407588,OTHER
2021,Kyrgyz Republic,KGZ,1132.5546781282,5.50700762671923,11.9050398185147,5.149,2.840273087853,OTHER
2022,Kyrgyz Republic,KGZ,1212.17812721768,8.96750520041391,13.9229093174176,4.767,2.90437000597407,OTHER
2023,Kyrgyz Republic,KGZ,1298.25724482211,9.0132928339342,10.7532770416742,3.498,3.45490593195541,OTHER
2024,Kyrgyz Republic,KGZ,1391.68404329929,9.04013556120012,4.99760701207323,3.491,2.96620373701758,OTHER
2025,Kyrgyz Republic,KGZ,,,,3.526,,OTHER
1990,Cambodia,KHM,824.051655825487,1.16231184838939,,,2.07137559385002,OTHER
1991,Cambodia,KHM,850.610221173097,7.59129793854025,,0.768,2.32789658450414,OTHER
1992,Cambodia,KHM,862.478030887335,7.01753837770227,,0.748,3.14593301435407,OTHER
1993,Cambodia,KHM,845.382004291868,4.09837080453724,,0.733,1.76128949875169,OTHER
1994,Cambodia,KHM,513.967147967874,-34.808638773859,,0.996,3.84234290025109,OTHER
1995,Cambodia,KHM,520.926883186145,9.90346890117173,-0.798944337811878,0.973,3.57731057861843,OTHER
1996,Cambodia,KHM,511.670349597704,5.89750560694478,7.15086140872796,0.963,3.23845458339129,OTHER
1997,Cambodia,KHM,496.770551310941,4.00662107873787,7.96021397777456,0.638,3.00336116231161,OTHER
1998,Cambodia,KHM,499.016649050833,4.68163210426384,14.8065035437763,0.712,2.66204789979779,OTHER
1999,Cambodia,KHM,552.901492232643,12.7053811380498,4.00820702088782,0.727,2.51002908172038,OTHER
2000,Cambodia,KHM,598.561915252147,9.99358032292079,-0.791992529473567,0.745,2.18580351927626,OTHER
2001,Cambodia,KHM,632.833573980849,7.38971065070517,-0.600648300123686,0.778,1.70559956511647,OTHER
2002,Cambodia,KHM,662.188341283454,6.26507280509637,0.211466568022607,0.862,1.44629083177813,OTHER
2003,Cambodia,KHM,719.333494240509,10.2836813071691,0.94174611779921,0.909,1.33610258818851,OTHER
2004,Cambodia,KHM,775.847139030978,9.45769481103929,4.31933677434786,1.004,1.17651607638203,OTHER
2005,Cambodia,KHM,866.340290123209,13.3033338358455,6.61525912001587,1.061,1.00419041063819,OTHER
2006,Cambodia,KHM,947.065220050691,10.9433600681694,5.81068550464306,1.16,0.908700457988102,OTHER
2007,Cambodia,KHM,1030.23117620792,10.398458101201,8.70882770568049,1.257,0.780175183344973,OTHER
2008,Cambodia,KHM,1090.57475806147,7.47636606631011,24.096851930605,0.825,0.678731132114834,OTHER
2009,Cambodia,KHM,1117.25834194514,4.07477850599065,-1.24171754189637,0.579,1.09246347000704,OTHER
2010,Cambodia,KHM,1155.85236856699,5.07691843229247,3.99639528107218,0.771,1.21559876300051,OTHER
2011,Cambodia,KHM,1221.38839852454,7.28665813879552,5.4784474961745,0.577,1.1985526648033,OTHER
2012,Cambodia,KHM,1295.25271477893,7.65025657870362,2.93431609293951,0.505,1.21900137646164,OTHER
2013,Cambodia,KHM,1376.29557595926,7.8574997554252,2.94162509547349,0.438,1.22920405585317,OTHER
2014,Cambodia,KHM,1464.53115866927,8.00032074618566,3.85568861424207,0.692,1.26114158531483,OTHER
2015,Cambodia,KHM,1547.32010444393,7.20703472529512,1.22393195511119,0.393,1.34520463175237,OTHER
2016,Cambodia,KHM,1645.46671578126,7.90550116130704,3.01913975139128,0.716,1.43955694700576,OTHER
2017,Cambodia,KHM,1753.93530504662,8.07503915535979,2.91263557371478,0.141,1.56181647470424,OTHER
2018,Cambodia,KHM,1884.28374817086,8.77622376224463,2.45908515380146,0.129,1.63716525982655,OTHER
2019,Cambodia,KHM,2008.32094006706,7.93695013588524,1.94257500833107,0.119,1.62193704891153,OTHER
2020,Cambodia,KHM,1908.63427518336,-3.55572193406549,2.9402951426397,0.172,1.78010501633067,OTHER
2021,Cambodia,KHM,1938.76436741728,3.08984284148661,2.92073477592949,0.396,1.70160776824328,OTHER
2022,Cambodia,KHM,2011.27433313262,5.12990110773977,5.34370264895437,0.245,1.54188348947322,OTHER
2023,Cambodia,KHM,2085.05748462122,5.00733043811898,2.12746796594194,0.256,1.5448976529505,OTHER
2024,Cambodia,KHM,2182.71843902341,5.97510939607335,0.808042016536654,0.254,1.52066451977199,OTHER
2025,Cambodia,KHM,,,,0.263,,OTHER
1990,Kiribati,KIR,1387.65292117411,-6.38533433567764,,,,OTHER
1991,Kiribati,KIR,1283.34641272284,-5.64868397369625,,,,OTHER
1992,Kiribati,KIR,1564.72273135,23.9592331951046,,,,OTHER
1993,Kiribati,KIR,1539.30439677093,-0.103994679118841,,,,OTHER
1994,Kiribati,KIR,1547.62409121805,2.04525656211744,,,,OTHER
1995,Kiribati,KIR,1566.47252339768,2.75220829710202,,,,OTHER
1996,Kiribati,KIR,1539.33649246045,-0.052046772241269,,,,OTHER
1997,Kiribati,KIR,1529.24918326127,1.17713309543956,,,,OTHER
1998,Kiribati,KIR,1569.02677065396,4.44227399222601,,,,OTHER
1999,Kiribati,KIR,1482.19213280683,-3.91423190476861,,,,OTHER
2000,Kiribati,KIR,1555.58190420161,6.74266531257052,,,,OTHER
2001,Kiribati,KIR,1477.951639475,-3.14412917759699,,,,OTHER
2002,Kiribati,KIR,1467.99259660077,1.44715494184476,,,,OTHER
2003,Kiribati,KIR,1415.54564772956,-1.57546689217141,,,,OTHER
2004,Kiribati,KIR,1378.9582420937,-0.608967597152244,,,,OTHER
2005,Kiribati,KIR,1368.99716100101,1.29243029465849,,,,OTHER
2006,Kiribati,KIR,1419.38709899471,5.77693449836185,,,,OTHER
2007,Kiribati,KIR,1433.3573454448,3.05507981566669,3.59252131266417,,,OTHER
2008,Kiribati,KIR,1361.83587176171,-2.98473121631831,13.6653995252441,,,OTHER
2009,Kiribati,KIR,1340.27593200253,0.536801194648319,9.81643884508657,,,OTHER
2010,Kiribati,KIR,1328.78764145125,1.2259519892488,-3.89955040651649,,,OTHER
2011,Kiribati,KIR,1348.06011226744,3.26372719532225,1.4974097987597,,,OTHER
2012,Kiribati,KIR,1405.50280446236,5.80365974645258,-3.04586292775571,,,OTHER
2013,Kiribati,KIR,1493.49134858915,7.73092188699647,-1.488059084681,,,OTHER
2014,Kiribati,KIR,1492.8506819325,1.26366268044595,2.10398520925043,,,OTHER
2015,Kiribati,KIR,1639.85274740652,11.2653312371772,0.572015743634256,,,OTHER
2016,Kiribati,KIR,1731.43693824902,7.08802960050427,1.91731090233378,,,OTHER
2017,Kiribati,KIR,1769.51191332519,3.74913001948165,0.355520888546828,,,OTHER
2018,Kiribati,KIR,1803.94864980951,3.47943880004293,0.564030491493476,,,OTHER
2019,Kiribati,KIR,1835.21963082467,3.26425930432951,-1.81307995302947,,,OTHER
2020,Kiribati,KIR,1777.0447605811,-1.46805538131593,2.5532455441463,,,OTHER
2021,Kiribati,KIR,1893.52661599343,8.47973787138213,2.05361676773907,,,OTHER
2022,Kiribati,KIR,1948.24312238625,4.56632593100372,5.34595440908904,,,OTHER
2023,Kiribati,KIR,1968.80973802094,2.65201087489879,9.28307374517721,,,OTHER
2024,Kiribati,KIR,2041.87601786956,5.26689747917099,2.45545072159028,,,OTHER
1990,St. Kitts and Nevis,KNA,10136.986550185,4.87725151603959,4.01098407755617,,,OTHER
1991,St. Kitts and Nevis,KNA,9966.20374372867,-1.86468912891613,4.3237394435542,,,OTHER
1992,St. Kitts and Nevis,KNA,10300.5415354294,4.26897382542985,2.85844672514458,,,OTHER
1993,St. Kitts and Nevis,KNA,10860.6034990877,6.80194941601546,1.79486146433782,,,OTHER
1994,St. Kitts and Nevis,KNA,11290.2168438156,5.30171905117815,1.44226958804943,,,OTHER
1995,St. Kitts and Nevis,KNA,11743.3784162332,5.38314265701612,2.9568002509262,,,OTHER
1996,St. Kitts and Nevis,KNA,12269.7967435843,5.84283802585985,2.08657385169121,,,OTHER
1997,St. Kitts and Nevis,KNA,12940.7852855874,6.82396677607342,8.90518339116016,,,OTHER
1998,St. Kitts and Nevis,KNA,12710.9629751883,-0.486745779185156,3.44635865955273,,,OTHER
1999,St. Kitts and Nevis,KNA,12942.857504219,3.21988642181456,3.36303630363045,,,OTHER
2000,St. Kitts and Nevis,KNA,14039.0281125333,10.042808415173,2.14885532743696,,,OTHER
2001,St. Kitts and Nevis,KNA,14610.9099610508,5.25344983010886,2.30344748349255,,,OTHER
2002,St. Kitts and Nevis,KNA,14727.3908829316,1.36771507253633,2.04109102620208,,,OTHER
2003,St. Kitts and Nevis,KNA,14100.3067967234,-3.93339486032939,2.23543664374553,,,OTHER
2004,St. Kitts and Nevis,KNA,14619.795111247,3.99634666125431,2.31455462238093,,,OTHER
2005,St. Kitts and Nevis,KNA,16000.5658929826,9.73282070298016,3.37781903988238,,,OTHER
2006,St. Kitts and Nevis,KNA,16457.8622372067,3.15038119968223,8.48748575845879,,,OTHER
2007,St. Kitts and Nevis,KNA,16508.1437081315,0.600602326543751,4.48088608614726,,,OTHER
2008,St. Kitts and Nevis,KNA,18325.7612670282,11.3170358267109,5.30029675072584,,,OTHER
2009,St. Kitts and Nevis,KNA,17671.2547069735,-3.40474015376245,2.05793709041836,,,OTHER
2010,St. Kitts and Nevis,KNA,17688.0690103409,-0.0541942065330545,0.850878649795844,,,OTHER
2011,St. Kitts and Nevis,KNA,17958.6813977053,1.61660730423688,5.8351651957086,,,OTHER
2012,St. Kitts and Nevis,KNA,17770.4963640576,-0.737636737448398,0.816089281562459,,,OTHER
2013,St. Kitts and Nevis,KNA,18773.8926898397,5.72728087234704,1.10698554000129,,,OTHER
2014,St. Kitts and Nevis,KNA,20187.8061975481,7.57696602328922,0.247865392364942,,,OTHER
2015,St. Kitts and Nevis,KNA,20328.8003530109,0.694135527876625,-2.30187563045616,,,OTHER
2016,St. Kitts and Nevis,KNA,21133.6575914414,3.93270319273282,-0.687037123294039,,,OTHER
2017,St. Kitts and Nevis,KNA,21191.6047083703,0.220941147299996,0.694916711613604,,,OTHER
2018,St. Kitts and Nevis,KNA,21635.4972146482,2.00352549800972,-1.03712214131572,,,OTHER
2019,St. Kitts and Nevis,KNA,22297.7644995701,2.93824658056356,-0.329562063663977,,,OTHER
2020,St. Kitts and Nevis,KNA,18918.8263456611,-15.3018891740649,-1.16724501769353,,,OTHER
2021,St. Kitts and Nevis,KNA,19031.8211910603,0.367606879216311,1.195688870384,,,OTHER
2022,St. Kitts and Nevis,KNA,21050.758653729,10.4804941546807,2.66817533111249,,,OTHER
2023,St. Kitts and Nevis,KNA,21664.0333984701,3.02127526129283,3.55711230848243,,,OTHER
2024,St. Kitts and Nevis,KNA,21692.2406392872,0.312226855858171,,,,OTHER
1990,"Korea, Rep.",KOR,9672.57845182894,10.0248996213899,8.57327225728677,,4.00230428922186,C
1991,"Korea, Rep.",KOR,10618.8431439122,10.8749739277708,9.33279048161495,2.407,3.71112784107967,C
1992,"Korea, Rep.",KOR,11176.560685871,6.35159199606441,6.21328146355184,2.513,3.69027269027269,C
1993,"Korea, Rep.",KOR,11837.4692053797,6.99471791742556,4.80099660215354,2.878,3.41789483823914,C
1994,"Korea, Rep.",KOR,12817.2447824958,9.3718357757101,6.26585950039679,2.476,3.19275266895546,C
1995,"Korea, Rep.",KOR,13924.3044000347,9.7358937505409,4.48074108557248,2.063,2.8923329861881,C
1996,"Korea, Rep.",KOR,14894.3278834104,7.99042982526839,4.92454354292754,2.048,2.74347966333348,C
1997,"Korea, Rep.",KOR,15682.2717905189,6.2821926537929,4.4389318457463,2.608,2.66338780772064,C
1998,"Korea, Rep.",KOR,14800.5091573641,-4.9389297463141,7.51358008079307,6.963,2.79444200391705,C
1999,"Korea, Rep.",KOR,16402.9168341094,11.6172629559591,0.81295725444637,6.342,2.49257721979611,C
2000,"Korea, Rep.",KOR,17763.1353417297,9.2018583880479,2.25916580080157,4.063,2.30986337128191,C
2001,"Korea, Rep.",KOR,18460.4288193829,4.72593560322356,4.06657587897792,3.699,2.28023381667517,C
2002,"Korea, Rep.",KOR,19775.3800655139,7.74399895319569,2.76226210296599,3.046,2.16944775379075,C
2003,"Korea, Rep.",KOR,20278.0406421178,3.07472661826947,3.51487451459939,3.348,2.17524124529532,C
2004,"Korea, Rep.",KOR,21244.8136800528,5.1836368597334,3.59066298882578,3.42,2.16578832442349,C
2005,"Korea, Rep.",KOR,22123.7613066851,4.35823667337156,2.75379162735039,3.482,2.28040178931092,C
2006,"Korea, Rep.",KOR,23162.1860111297,5.24500550580342,2.24234028518921,3.254,2.29892381866626,C
2007,"Korea, Rep.",KOR,24391.7651013448,5.8419633918717,2.53457382137932,3.013,2.27093537515891,C
2008,"Korea, Rep.",KOR,24934.5396367691,3.00440451679569,4.67389655533408,2.959,2.38850767922871,C
2009,"Korea, Rep.",KOR,25009.9148311999,0.81986175641795,2.7564965449393,3.363,2.49990153790778,C
2010,"Korea, Rep.",KOR,26623.0487122927,6.98166138853071,2.93928652655686,3.324,2.36122792330691,C
2011,"Korea, Rep.",KOR,27393.455357272,3.6880320602952,4.0259650043609,2.992,2.37114288990647,C
2012,"Korea, Rep.",KOR,27944.0564190045,2.54766550568242,2.18707104433314,2.812,2.39205949733254,C
2013,"Korea, Rep.",KOR,28732.711152033,3.2913959543442,1.30134754547413,3.067,2.39128707318548,C
2014,"Korea, Rep.",KOR,29470.6732991655,3.21468019683108,1.27477446401322,3.082,2.41327231110109,C
2015,"Korea, Rep.",KOR,30171.7906545222,2.92029267301234,0.70633177245575,3.546,2.3763712275445,C
2016,"Korea, Rep.",KOR,31005.4072876388,3.17152748983935,0.971685739912168,3.65,2.3357998421426,C
2017,"Korea, Rep.",KOR,31979.9027302467,3.433191763972,1.94433230786366,3.653,2.29813107276094,C
2018,"Korea, Rep.",KOR,32852.8887488942,3.17611568177327,1.47583935002645,3.824,2.36150967895845,C
2019,"Korea, Rep.",KOR,33496.3113815643,2.31380210595475,0.383000303608136,3.746,2.51931997944066,C
2020,"Korea, Rep.",KOR,33215.9298928108,-0.700242317542106,0.537288023411737,3.931,2.64297706902012,C
2021,"Korea, Rep.",KOR,34792.9397214598,4.61296795454287,2.49833333333339,3.639,2.61904941244001,C
2022,"Korea, Rep.",KOR,35809.0138105144,2.72756456708991,5.08951365062842,2.857,2.57642560395009,C
2023,"Korea, Rep.",KOR,36347.7036392553,1.58301467403629,3.5974562502901,2.675,2.59925771052554,C
2024,"Korea, Rep.",KOR,37048.4264001496,2.00361101838986,2.32174328643542,2.784,2.56205259386748,C
2025,"Korea, Rep.",KOR,,,,2.683,,C
1990,Kuwait,KWT,20140.7834697754,-26.2288925207873,9.83363531543402,,48.5172672672673,OTHER
1991,Kuwait,KWT,14812.9200924661,-41.007790668086,9.05818836232758,0.884,117.34982320869,OTHER
1992,Kuwait,KWT,22382.8420685118,82.8093290262528,-0.54547121378821,0.878,31.7860244470914,OTHER
1993,Kuwait,KWT,29323.8532618275,33.9904675559008,0.382541365165916,0.8,12.4402191802041,OTHER
1994,Kuwait,KWT,31946.4902579278,8.43616564472201,2.53443526170792,0.7,13.259238782833,OTHER
1995,Kuwait,KWT,33156.8473491495,4.85829125202741,2.68672756582484,0.694,13.5815813052368,OTHER
1996,Kuwait,KWT,32417.9627954317,0.605127158807079,3.55398569684287,0.7,10.2926484718519,OTHER
1997,Kuwait,KWT,32152.4367426144,2.47332525804084,0.682191434707604,0.7,8.0864758714549,OTHER
1998,Kuwait,KWT,32306.668723862,3.66205472795443,0.129658287674027,0.7,8.79655979257573,OTHER
1999,Kuwait,KWT,30798.0947114833,-1.78900912450079,2.99081035923166,0.7,7.59022387888794,OTHER
2000,Kuwait,KWT,31341.9780819419,4.69458187079211,1.81294613887089,0.8,7.15014865654555,OTHER
2001,Kuwait,KWT,30573.4284224199,0.213332576499354,1.29999999999999,0.8,7.70062608489699,OTHER
2002,Kuwait,KWT,30702.2162068121,3.01428315192251,0.888450148074907,1.1,7.39919407029019,OTHER
2003,Kuwait,KWT,35169.6335737863,17.3260204175143,0.961350293542112,1.3,6.54392425039453,OTHER
2004,Kuwait,KWT,37918.5405829238,10.2402980586354,1.24856443679889,1.7,5.80446088589746,OTHER
2005,Kuwait,KWT,40451.2551656974,10.6090449840228,4.14297583631023,1.455,4.34302594160701,OTHER
2006,Kuwait,KWT,41137.969927672,7.51477300024021,3.05701339166722,1.3,3.54264578632145,OTHER
2007,Kuwait,KWT,41113.8693942735,5.99157551059315,5.48494983277596,1.5,3.59032675886877,OTHER
2008,Kuwait,KWT,39852.5129115699,2.47975694278544,10.5827097865144,1.75,3.00607272121515,OTHER
2009,Kuwait,KWT,35124.0853941026,-7.07605643073411,4.60959548447787,1.64,3.97180632341079,OTHER
2010,Kuwait,KWT,32568.4981754501,-2.37054804425912,4.49640287769787,1.82,3.7561481418781,OTHER
2011,Kuwait,KWT,33545.346271839,9.62863419534361,4.8394034987095,2.051,3.50139726568748,OTHER
2012,Kuwait,KWT,33578.3309651964,6.62587485078971,3.25514600287211,2.227,3.41374157981372,OTHER
2013,Kuwait,KWT,32311.1800008536,1.14946552780648,2.68229684085039,2.465,3.27153182701652,OTHER
2014,Kuwait,KWT,31073.1537300624,0.500914669444924,2.90892672858625,2.9,3.58561842128005,OTHER
2015,Kuwait,KWT,29882.2126495698,0.592770817217982,3.27170166092133,2.2,5.0074693972269,OTHER
2016,Kuwait,KWT,29454.4426388829,2.92607584256388,3.19839776658374,2.16,5.89351944288143,OTHER
2017,Kuwait,KWT,27048.3706935958,-4.71222270495362,2.17183298510006,2.23,5.60744536433338,OTHER
2018,Kuwait,KWT,26706.0191660864,2.74333045031415,0.543133148199567,2.202,5.19085473728776,OTHER
2019,Kuwait,KWT,26580.2264741607,2.26381706595791,1.09184802655856,2.213,5.32311669292361,OTHER
2020,Kuwait,KWT,25541.5378987908,-4.81731593381585,2.101729548274,3.489,6.47217283542021,OTHER
2021,Kuwait,KWT,26203.2617257856,1.67213054307859,3.42362947609188,2.97,6.35158136559629,OTHER
2022,Kuwait,KWT,26579.8321646876,6.75866711966617,3.98064961990313,2.133,4.51075426849442,OTHER
2023,Kuwait,KWT,24716.196765637,-1.6672059801285,3.64216403030709,2.08,4.76885841726812,OTHER
2024,Kuwait,KWT,23867.826500295,-2.56011099967517,2.89855072463762,2.151,4.84093247384389,OTHER
2025,Kuwait,KWT,,,,2.181,,OTHER
1990,Latin America & Caribbean (excluding high income),LAC,5718.66957754067,-0.49281244626701,,,1.61692345518179,OTHER
1991,Latin America & Caribbean (excluding high income),LAC,5774.96913333121,2.85529759229361,,6.02410331623917,1.3617068785439,OTHER
1992,Latin America & Caribbean (excluding high income),LAC,5790.06445527409,2.07149324955438,,6.13845418981951,1.20722661515945,OTHER
1993,Latin America & Caribbean (excluding high income),LAC,5936.34827666682,4.33474243040001,,5.93566914514152,1.23881691140037,OTHER
1994,Latin America & Caribbean (excluding high income),LAC,6147.04022591854,5.32572865333825,,6.48651570394148,1.36940238010459,OTHER
1995,Latin America & Caribbean (excluding high income),LAC,6069.69466704304,0.403646380833862,,7.81147543178073,1.5164982705329,OTHER
1996,Latin America & Caribbean (excluding high income),LAC,6207.1442097762,3.94347499556859,,8.05810647447753,1.45440650048845,OTHER
1997,Latin America & Caribbean (excluding high income),LAC,6434.54131653831,5.32646874814135,,7.94453922455541,1.26586219534491,OTHER
1998,Latin America & Caribbean (excluding high income),LAC,6509.56562370116,2.76721274796294,,8.35774200401712,1.30728457750144,OTHER
1999,Latin America & Caribbean (excluding high income),LAC,6444.7079324213,0.533034737720399,,9.11886164441249,1.21421205692878,OTHER
2000,Latin America & Caribbean (excluding high income),LAC,6581.31117825537,3.62607141995537,,9.19337642576302,1.17238493999105,OTHER
2001,Latin America & Caribbean (excluding high income),LAC,6499.33288090151,0.142933549539578,,8.77343392903867,1.21270386303566,OTHER
2002,Latin America & Caribbean (excluding high income),LAC,6434.32879860597,0.335934291998541,,8.98258667227847,1.15401543304581,OTHER
2003,Latin America & Caribbean (excluding high income),LAC,6503.48118498348,2.38729638002798,,8.82029806556972,1.06758337955152,OTHER
2004,Latin America & Caribbean (excluding high income),LAC,6762.11459440306,5.28303619127861,,8.37144323116109,1.04085846917124,OTHER
2005,Latin America & Caribbean (excluding high income),LAC,6946.74709329377,3.98793536577327,,8.05335882665772,1.10150880824938,OTHER
2006,Latin America & Caribbean (excluding high income),LAC,7223.70712678657,5.22968859109878,,7.49927013814271,1.06741802423921,OTHER
2007,Latin America & Caribbean (excluding high income),LAC,7518.27936660187,5.30259334393376,,7.18066576953914,1.13592110799103,OTHER
2008,Latin America & Caribbean (excluding high income),LAC,7709.18247419356,3.72840193518242,,6.78002884731258,1.18388410134582,OTHER
2009,Latin America & Caribbean (excluding high income),LAC,7438.00793773364,-2.42374983354138,,7.76325904485299,1.37339075226134,OTHER
2010,Latin America & Caribbean (excluding high income),LAC,7849.05546645435,6.68617840114332,,7.13816479765139,1.35040537960341,OTHER
2011,Latin America & Caribbean (excluding high income),LAC,8108.49237821588,4.4260068185209,,6.62359532407489,1.24806095112666,OTHER
2012,Latin America & Caribbean (excluding high income),LAC,8210.27585605715,2.3429427855651,,6.34500302860845,1.26477567191101,OTHER
2013,Latin America & Caribbean (excluding high income),LAC,8349.88402062256,2.76886473638966,,6.27391326261169,1.25566599222458,OTHER
2014,Latin America & Caribbean (excluding high income),LAC,8370.00694208678,1.26970326025739,,6.07575691219429,1.24467569811946,OTHER
2015,Latin America & Caribbean (excluding high income),LAC,8308.73911709951,0.252853446703966,,6.67695090020011,1.21068218698945,OTHER
2016,Latin America & Caribbean (excluding high income),LAC,8184.512260438,-0.536114860487686,,7.89037898781748,1.19753904380967,OTHER
2017,Latin America & Caribbean (excluding high income),LAC,8264.74819899468,1.98152090808898,,8.21675278591613,1.21885366530645,OTHER
2018,Latin America & Caribbean (excluding high income),LAC,8307.30884340362,1.54415671756763,,8.06258795479693,1.2277955712538,OTHER
2019,Latin America & Caribbean (excluding high income),LAC,8275.309631343,0.597515256905496,,8.09033318956351,1.16640447538945,OTHER
2020,Latin America & Caribbean (excluding high income),LAC,7669.33977303708,-6.54995286111402,,10.2091587750212,1.23725212987886,OTHER
2021,Latin America & Caribbean (excluding high income),LAC,8145.29208280277,6.90270247216083,,9.16082734268686,1.09345323396033,OTHER
2022,Latin America & Caribbean (excluding high income),LAC,8412.36598280101,3.94705326197962,,6.88224992720831,1.02907197030863,OTHER
2023,Latin America & Caribbean (excluding high income),LAC,8532.81169578021,2.16624377428548,,6.08952489876161,1.01778671717485,OTHER
2024,Latin America & Caribbean (excluding high income),LAC,8638.66600811342,1.97324501012739,,5.74320450887568,1.08889817401659,OTHER
2025,Latin America & Caribbean (excluding high income),LAC,,,,5.28568569134171,,OTHER
1990,Lao PDR,LAO,634.525297009385,6.70457869081514,35.642982971227,,,OTHER
1991,Lao PDR,LAO,643.410259077746,4.29656364110154,13.4415584415586,2.497,,OTHER
1992,Lao PDR,LAO,660.633861954064,5.55985776817542,9.86452966991032,2.71,8.67531237046249,OTHER
1993,Lao PDR,LAO,680.964153708638,5.91255655432118,6.26722241519029,2.732,8.1075112779583,OTHER
1994,Lao PDR,LAO,717.509245108717,8.15901853271809,6.7844807862023,2.634,7.52200406228842,OTHER
1995,Lao PDR,LAO,749.234741728538,7.03125432419004,19.5939189878584,2.6,5.83419558712492,OTHER
1996,Lao PDR,LAO,782.683156535545,6.9283237283322,13.0244156963462,2.45,4.1867068435997,OTHER
1997,Lao PDR,LAO,819.205851313643,6.87209127120695,27.5088624491449,2.354,3.83900703742237,OTHER
1998,Lao PDR,LAO,836.088098507116,3.96760809197698,90.9807345622878,2.293,2.59421725390312,OTHER
1999,Lao PDR,LAO,881.634129609675,7.30637607138169,125.27212839928,2.154,1.0577425788587,OTHER
2000,Lao PDR,LAO,917.228038617529,5.79878232861959,25.0846414281315,2.045,0.791543216650207,OTHER
2001,Lao PDR,LAO,954.123505414634,5.75141287983195,7.81180794783471,1.881,0.717115235195965,OTHER
2002,Lao PDR,LAO,994.492241963795,5.91874368370564,10.6313446323333,1.775,0.583934898389787,OTHER
2003,Lao PDR,LAO,1038.71192767783,6.06700230344272,15.4893529233525,1.639,0.492156926196989,OTHER
2004,Lao PDR,LAO,1088.76034728831,6.35769548008234,10.4622667314208,1.498,0.433725286362231,OTHER
2005,Lao PDR,LAO,1148.68153852071,7.10756836811267,7.16541759946639,1.35,0.392508608502655,OTHER
2006,Lao PDR,LAO,1228.08927619923,8.61926620832807,6.54559439052787,1.199,0.343162744772127,OTHER
2007,Lao PDR,LAO,1301.08597549864,7.59682880054878,4.66197269469701,1.068,0.312173796332908,OTHER
2008,Lao PDR,LAO,1381.73754223953,7.82490276337012,7.62880887577516,0.944,0.273820907156906,OTHER
2009,Lao PDR,LAO,1463.3379666846,7.50177491225853,0.141187674980385,0.835,0.217194753335539,OTHER
2010,Lao PDR,LAO,1564.91068311647,8.52690551739717,5.98254521550082,0.708,0.204567128983702,OTHER
2011,Lao PDR,LAO,1666.40086189871,8.03865268023725,7.5689885610998,0.96,0.212126552452257,OTHER
2012,Lao PDR,LAO,1774.63585203672,8.02609843461283,4.2551267783209,1.208,0.199455064976167,OTHER
2013,Lao PDR,LAO,1890.27861294875,8.02630022699017,6.37142717782947,1.469,0.189895181780941,OTHER
2014,Lao PDR,LAO,2006.31195444447,7.61196343979319,4.12924306873771,1.733,,OTHER
2015,Lao PDR,LAO,2121.01339097363,7.27006584373785,1.27735427102992,2.006,,OTHER
2016,Lao PDR,LAO,2234.76098741846,7.02283625501138,1.59691227583204,2.634,,OTHER
2017,Lao PDR,LAO,2351.57441747595,6.8925308726989,0.825478607568026,3.268,,OTHER
2018,Lao PDR,LAO,2459.97874636195,6.24796000755872,2.04039266890201,2.897,,OTHER
2019,Lao PDR,LAO,2554.95638019245,5.4577350924848,3.32255881256925,2.531,,OTHER
2020,Lao PDR,LAO,2529.74622698761,0.503031829018681,5.10407262959919,2.349,,OTHER
2021,Lao PDR,LAO,2556.58912640405,2.52835100486102,3.75562036658877,2.08,,OTHER
2022,Lao PDR,LAO,2589.05015191628,2.70742652643155,22.9562225132056,1.209,,OTHER
2023,Lao PDR,LAO,2648.88726608035,3.74568140158232,31.2301341732646,1.186,,OTHER
2024,Lao PDR,LAO,2721.07810663082,4.13019264436937,23.1305695942588,1.174,,OTHER
2025,Lao PDR,LAO,,,,1.187,,OTHER
1990,Lebanon,LBN,2752.72442253257,26.5331600932491,,,7.55195134313229,B
1991,Lebanon,LBN,4031.19474543924,49.4473791849141,,8.594,5.15488867376573,B
1992,Lebanon,LBN,4595.5808332577,16.4383457045728,,8.225,7.98399831561217,B
1993,Lebanon,LBN,4992.69878232449,10.7656697971889,,8.226,6.01127876848041,B
1994,Lebanon,LBN,5301.41584672248,8.10524197734502,,8.321,6.99771316563215,B
1995,Lebanon,LBN,5542.2265103529,6.44886256985258,,8.421,6.71192798911137,B
1996,Lebanon,LBN,6054.52911921482,11.2859357161668,,8.413,5.66185242685313,B
1997,Lebanon,LBN,6008.75855385657,1.05496666740667,,8.62,4.30515463917526,B
1998,Lebanon,LBN,6120.45672717024,3.66572378505683,,8.571,4.02325225638672,B
1999,Lebanon,LBN,5982.41788354308,-0.525584634783087,,8.787,4.77043929225137,B
2000,Lebanon,LBN,5958.97836750301,1.34187161970405,,8.641,5.39210030383447,B
2001,Lebanon,LBN,6085.76041420146,3.83966927702973,,8.499,5.44789624491027,B
2002,Lebanon,LBN,6207.24133893746,3.42314982843781,,8.248,4.75330090340514,B
2003,Lebanon,LBN,6319.76518298647,3.22709826879041,,8.061,4.67569110879715,B
2004,Lebanon,LBN,6633.75258002393,6.67944461641103,,7.85,4.51119229815156,B
2005,Lebanon,LBN,6707.18024635316,2.68577931016345,,8.249,4.47739527979241,B
2006,Lebanon,LBN,6696.37428200596,1.54951500083213,,8.679,4.58143085334009,B
2007,Lebanon,LBN,7179.34520092306,9.31062252641144,,8.98,4.64100507400197,B
2008,Lebanon,LBN,7701.29823027979,9.06912826789082,,7.666,4.01624119377376,B
2009,Lebanon,LBN,8375.48851252821,10.232155577776,1.19509671165543,6.355,4.02886758468434,B
2010,Lebanon,LBN,8955.54336184707,7.97513555844932,3.98347941855833,6.768,4.12394687168443,B
2011,Lebanon,LBN,8936.20027462737,0.86733987855277,4.97148571692384,7.352,4.07375676942933,B
2012,Lebanon,LBN,8920.8056984673,2.56479133680038,6.58147447683677,7.952,3.99214379436289,B
2013,Lebanon,LBN,8443.53856528784,3.8278734986016,4.82101956297399,8.477,4.12908273269169,B
2014,Lebanon,LBN,7830.4151113336,2.48406010500743,1.8546042134091,8.84,4.71994151384666,B
2015,Lebanon,LBN,7714.1099998804,0.462320792597581,-3.74914524799629,9.312,4.48517082491055,B
2016,Lebanon,LBN,8019.1416913426,1.55454940856943,-0.783359624361508,9.794,5.09598055264963,B
2017,Lebanon,LBN,8305.57405425721,0.903028464073813,4.32135218303191,10.258,4.60339736802672,B
2018,Lebanon,LBN,8388.7235123835,-1.88470575631651,6.07698907889607,10.755,5.05552097445632,B
2019,Lebanon,LBN,8064.04873416236,-6.91492472851026,3.00538949390383,11.301,4.73938277788589,B
2020,Lebanon,LBN,6440.82843092922,-21.3998996914321,84.8643330472041,13.252,3.02665836499332,B
2021,Lebanon,LBN,5973.41933892988,-7.00123862514116,154.756096023393,12.715,1.60905429967969,B
2022,Lebanon,LBN,5909.03651555028,-0.621678970663112,171.205491336641,11.105,1.39503764342103,B
2023,Lebanon,LBN,5834.63415739394,-0.760584470257314,221.341644023365,10.985,1.62409234575544,B
2024,Lebanon,LBN,,,45.2430422716718,,2.58828538225203,B
1990,Liberia,LBR,754.134009462384,-51.0308649467486,,,,OTHER
1991,Liberia,LBR,735.180658658157,-14.2252140499536,,2.735,7.18390804597701,OTHER
1992,Liberia,LBR,450.538677691808,-35.0856779208949,,2.724,10.1342281879195,OTHER
1993,Liberia,LBR,290.388920233659,-32.9753952616656,,2.706,18.9837905236908,OTHER
1994,Liberia,LBR,227.742776021788,-21.7623463097001,,2.652,29.7276853252648,OTHER
1995,Liberia,LBR,216.093554614513,-4.26620499022189,,2.588,,OTHER
1996,Liberia,LBR,235.435058248512,12.1212036605122,,2.397,,OTHER
1997,Liberia,LBR,449.286058616964,106.279814466616,,2.195,,OTHER
1998,Liberia,LBR,528.670341826706,30.2081273744464,,2.061,,OTHER
1999,Liberia,LBR,609.040903258705,21.7414468042611,,2.006,,OTHER
2000,Liberia,LBR,754.850917360951,28.6159342546183,,2.018,,OTHER
2001,Liberia,LBR,754.422355762017,2.92027476569781,,2.104,,OTHER
2002,Liberia,LBR,762.716393927064,3.76301761700071,14.1596470116325,2.222,,OTHER
2003,Liberia,LBR,528.567395543421,-30.145132727942,10.3302881236823,2.42,,OTHER
2004,Liberia,LBR,535.995882066218,2.61984689477413,7.82908704883235,2.424,0.504459308807135,OTHER
2005,Liberia,LBR,539.665378841936,5.28121245309295,10.8343588481414,2.413,0.685063559322034,OTHER
2006,Liberia,LBR,551.377446611852,8.04390997190059,7.34144608278558,2.28,0.351713255184851,OTHER
2007,Liberia,LBR,574.609394348543,9.53527536282282,11.3918966807102,2.232,0.214434523809524,OTHER
2008,Liberia,LBR,591.185378141907,7.14569112811476,17.489448642993,2.221,0.292064439140811,OTHER
2009,Liberia,LBR,603.256211077605,5.30054050291531,7.42764305914919,2.241,0.381841359773371,OTHER
2010,Liberia,LBR,621.783295071575,6.09982524004147,7.28992796890218,2.266,0.456866734486267,OTHER
2011,Liberia,LBR,646.908727016597,8.20076822497064,8.488167518494,2.211,0.535918803418803,OTHER
2012,Liberia,LBR,674.360011422232,7.99381444555367,6.83178703418548,2.146,0.567439252336449,OTHER
2013,Liberia,LBR,717.007280358975,8.68728781639683,7.577306817414,2.08,0.496435611038108,OTHER
2014,Liberia,LBR,707.157694930142,0.701393100287518,9.86111285574904,2.079,0.470258899676375,OTHER
2015,Liberia,LBR,692.590082351257,-0.0185649695590939,7.74869687621322,2.557,0.478622250970246,OTHER
2016,Liberia,LBR,668.031513175601,-1.5549586174878,8.83424868336488,3.081,0.451842751842752,OTHER
2017,Liberia,LBR,671.260899835355,2.45515592012239,12.4196323907138,3.067,0.4015507377296,OTHER
2018,Liberia,LBR,665.875439637137,1.15757512207355,23.5635148953742,3.058,0.405300245098039,OTHER
2019,Liberia,LBR,636.699384824869,-2.46729763532686,26.9662760197878,3.071,0.418863636363636,OTHER
2020,Liberia,LBR,605.025475431411,-2.98249127649473,16.9557241496255,4.102,0.424794204807376,OTHER
2021,Liberia,LBR,621.927983063426,4.98671283481617,7.81559385858648,3.844,0.847050441721288,OTHER
2022,Liberia,LBR,638.005183858289,4.80810517290655,7.59298486560313,2.956,1.31348766985405,OTHER
2023,Liberia,LBR,653.329188343162,4.68375688761311,10.0944535665552,2.905,1.42410022779043,OTHER
2024,Liberia,LBR,665.101337624192,4.02185464964835,8.21497439118964,2.914,0.711206896551724,OTHER
2025,Liberia,LBR,,,,2.884,,OTHER
1990,Libya,LBY,11085.9439949716,3.72013163404128,8.45146240803882,,,OTHER
1991,Libya,LBY,12541.6926152482,15.6551316776498,11.8960953011251,18.601,,OTHER
1992,Libya,LBY,11949.2275026865,-2.71227407954309,9.35975158953135,18.828,,OTHER
1993,Libya,LBY,11274.3452230872,-3.76319264327812,11.0735532720389,19.006,,OTHER
1994,Libya,LBY,11280.3829303475,1.93478674200678,5.11259890444314,19.328,,OTHER
1995,Libya,LBY,10839.2802241884,-2.2204069560875,7.23798494499129,19.331,,OTHER
1996,Libya,LBY,10891.8055687803,2.13412320029278,4.02807775377963,19.212,,OTHER
1997,Libya,LBY,11284.7780739062,5.21267102136972,3.55029585798821,19.151,4.07802671566895,OTHER
1998,Libya,LBY,10722.8700734717,-3.55224474739784,3.70927318295739,19.192,5.29744153194161,OTHER
1999,Libya,LBY,10643.1452796026,0.749659257603952,2.64862252295818,19.233,3.7838602447132,OTHER
2000,Libya,LBY,10853.8059516526,3.6792704082,-2.90000000000024,19.275,3.14686367358096,OTHER
2001,Libya,LBY,10467.8776146012,-1.76283887062603,-8.81393752145546,19.239,2.41350785849837,OTHER
2002,Libya,LBY,10170.3095776338,-0.958897332849631,-9.79764705882357,19.281,2.06923852022456,OTHER
2003,Libya,LBY,11267.0627623548,13.0160372478013,-2.19115191986644,19.074,2.07204807151526,OTHER
2004,Libya,LBY,11529.1086646221,4.46163899648637,-2.197567740559,18.938,2.07107445674837,OTHER
2005,Libya,LBY,12628.896152656,11.8707565226151,2.65020576131657,18.66,1.52811115994456,OTHER
2006,Libya,LBY,13176.7758911904,6.50052541959279,1.45926876202724,18.805,1.12033540648601,OTHER
2007,Libya,LBY,13712.9602583972,6.22998278561838,6.25098782993553,18.771,0.946677517254647,OTHER
2008,Libya,LBY,13403.0004645911,-0.162048238799883,10.3607288954998,19.041,1.48985108130425,OTHER
2009,Libya,LBY,12549.0854345521,-4.4001817631021,2.45990025609948,19.29,,OTHER
2010,Libya,LBY,12913.9334939386,5.0272476723775,2.79989500109268,19.321,,OTHER
2011,Libya,LBY,6569.59477578957,-50.3385151384986,15.5184815317561,19.504,,OTHER
2012,Libya,LBY,12599.258882136,86.8267484395784,6.05980392156864,19.03,3.74560382719202,OTHER
2013,Libya,LBY,10126.314927806,-17.9979615745681,2.60581802719517,19.311,7.63933084825893,OTHER
2014,Libya,LBY,7644.24843947404,-23.0428058282215,2.43294141599225,19.295,15.4795763013832,OTHER
2015,Libya,LBY,7458.48917756374,-0.842656252118843,10.4022933588151,19.69,,OTHER
2016,Libya,LBY,7236.16409923502,-1.4909411172622,25.8538742124461,19.559,,OTHER
2017,Libya,LBY,9435.60060040046,32.4918021862688,25.8036184788338,19.053,,OTHER
2018,Libya,LBY,10020.9165751361,7.9413678529104,13.1702038536721,18.865,,OTHER
2019,Libya,LBY,8768.4104874586,-11.1960828853386,-2.16217883470595,19.087,,OTHER
2020,Libya,LBY,6102.79864032512,-29.4552967282824,1.44703656998741,19.651,,OTHER
2021,Libya,LBY,7731.35448152581,28.2996823429147,2.86833027751019,19.779,,OTHER
2022,Libya,LBY,7002.68189296358,-8.29981811198795,4.51030149235703,19.238,4.34666046441666,OTHER
2023,Libya,LBY,7630.49664928174,10.2000497852517,2.37317531435169,18.713,5.28705130951195,OTHER
2024,Libya,LBY,7696.0807819319,1.89995052025442,2.12615766885025,19.085,,OTHER
2025,Libya,LBY,,,,18.758,,OTHER
1990,St. Lucia,LCA,8418.43121970586,9.89070151995526,4.26755662855972,,,OTHER
1991,St. Lucia,LCA,8349.33748060159,0.375678035079076,6.14955053119049,16.521,,OTHER
1992,St. Lucia,LCA,8879.90075764079,7.9530753604442,5.13889779944828,16.549,,OTHER
1993,St. Lucia,LCA,8800.62691819002,0.583199758222051,0.848181596289603,16.8,,OTHER
1994,St. Lucia,LCA,8808.68294405759,1.59856016206341,2.81591665153968,17.0,,OTHER
1995,St. Lucia,LCA,8822.50069854295,1.74822586503767,5.62965921512378,15.83,,OTHER
1996,St. Lucia,LCA,8945.86353079673,2.92258795742219,0.924842609615973,16.33,,OTHER
1997,St. Lucia,LCA,8759.56755308065,-0.694130142059308,-0.0055202870547238,20.47,,OTHER
1998,St. Lucia,LCA,9183.3516374622,6.28647121511862,3.20194341679091,21.6,,OTHER
1999,St. Lucia,LCA,9306.76032489833,2.67060351127419,3.50379784108942,18.09,,OTHER
2000,St. Lucia,LCA,9198.93894352203,0.0487485535201131,3.7107860871361,16.49,,OTHER
2001,St. Lucia,LCA,8795.54582090658,-3.40806396189404,5.30722081028547,18.538,,OTHER
2002,St. Lucia,LCA,8755.45939353129,0.416450493043214,-0.255536626916508,20.39,,OTHER
2003,St. Lucia,LCA,9054.06778374517,4.26461148738223,1.03425372426221,22.18,,OTHER
2004,St. Lucia,LCA,9637.37801390276,7.2674088699471,1.46036814425245,20.97,,OTHER
2005,St. Lucia,LCA,9527.58469430542,-0.410304726290235,3.89827370759476,18.7,,OTHER
2006,St. Lucia,LCA,10045.6504032593,6.19525729141048,2.39562082529168,16.0,,OTHER
2007,St. Lucia,LCA,10147.4432459936,1.69161857433913,2.82310373736929,14.0,,OTHER
2008,St. Lucia,LCA,10583.4310172598,4.94932194028057,5.54954769383937,12.72,,OTHER
2009,St. Lucia,LCA,10219.8024011561,-2.82889954830628,-0.156936087168669,15.37,,OTHER
2010,St. Lucia,LCA,10191.3146827694,0.330018546071486,3.25034409180129,17.118,,OTHER
2011,St. Lucia,LCA,10576.8979743596,4.32694280532142,2.76940794144093,18.86,,OTHER
2012,St. Lucia,LCA,10517.2777635533,-0.108756148262358,4.17763587102515,19.06,,OTHER
2013,St. Lucia,LCA,10279.4155096001,-1.81877603735991,1.46856511035428,22.21,,OTHER
2014,St. Lucia,LCA,10369.9382566513,1.32809022110105,3.51695551369241,21.583,,OTHER
2015,St. Lucia,LCA,10334.9860823918,0.101917836412952,-0.983600952696996,20.84,,OTHER
2016,St. Lucia,LCA,10644.1612913407,3.42787214525211,-3.07821765676927,19.932,,OTHER
2017,St. Lucia,LCA,10960.4843512477,3.37982617272246,0.104262078958441,19.136,,OTHER
2018,St. Lucia,LCA,11233.8883578457,2.88677902171601,1.93561893150602,19.329,,OTHER
2019,St. Lucia,LCA,11114.7785940338,-0.700322396299441,0.539087559191757,15.613,,OTHER
2020,St. Lucia,LCA,8379.27495097388,-24.3614732129122,-1.75580833517594,25.224,,OTHER
2021,St. Lucia,LCA,9336.92127417129,11.598783583643,2.41070312174393,20.514,,OTHER
2022,St. Lucia,LCA,11224.2899455738,20.3884431828414,6.37814695133351,15.934,,OTHER
2023,St. Lucia,LCA,11440.0829538276,2.20988276526516,4.07060821926204,12.094,,OTHER
2024,St. Lucia,LCA,11854.9517233237,3.89175024218898,-0.110283575834694,10.199,,OTHER
2025,St. Lucia,LCA,,,,9.452,,OTHER
1990,Latin America & Caribbean,LCN,5779.97409629492,-0.180493255751671,,,1.68535486772356,OTHER
1991,Latin America & Caribbean,LCN,5855.3684699195,3.18155459334749,,6.30995748550306,1.4456153542865,OTHER
1992,Latin America & Caribbean,LCN,5905.398784709,2.67698462139667,,6.30385369925644,1.30027328409813,OTHER
1993,Latin America & Caribbean,LCN,6050.50140118218,4.2677498108647,,6.07134108681392,1.3400790302398,OTHER
1994,Latin America & Caribbean,LCN,6247.89020845534,5.03830780045537,,6.67780065279213,1.42743290315932,OTHER
1995,Latin America & Caribbean,LCN,6202.53746863037,0.947891838564516,,7.90486804676992,1.57042118091122,OTHER
1996,Latin America & Caribbean,LCN,6339.87924274629,3.89751619521739,,8.29119463249977,1.49003810824932,OTHER
1997,Latin America & Caribbean,LCN,6580.54882087068,5.46410986358299,,8.14011323257484,1.34632277798651,OTHER
1998,Latin America & Caribbean,LCN,6667.74424894785,2.92627853235039,,8.48626182410088,1.37559734274603,OTHER
1999,Latin America & Caribbean,LCN,6601.71533735259,0.534894061853336,,9.42701702915778,1.29567579507294,OTHER
2000,Latin America & Caribbean,LCN,6742.02693662192,3.62741846989054,,9.4445224692252,1.25993131502731,OTHER
2001,Latin America & Caribbean,LCN,6684.07410400188,0.531563888025573,,9.04975653454107,1.28959163984496,OTHER
2002,Latin America & Caribbean,LCN,6609.21038163943,0.214244416059572,,9.38790662648606,1.21124188294347,OTHER
2003,Latin America & Caribbean,LCN,6668.60355308319,2.21047263780277,,9.25661869657505,1.14112039682016,OTHER
2004,Latin America & Caribbean,LCN,6962.62599800076,5.72219863711948,,8.75018243421292,1.132085804471,OTHER
2005,Latin America & Caribbean,LCN,7160.79420102628,4.09602929826866,,8.23739951394743,1.20878482646055,OTHER
2006,Latin America & Caribbean,LCN,7448.60250979922,5.26178937397808,,7.61413600233204,1.19287280227799,OTHER
2007,Latin America & Caribbean,LCN,7751.40903587762,5.28668699848225,,7.22630490484512,1.23762183345104,OTHER
2008,Latin America & Caribbean,LCN,7945.73521560181,3.69077213691146,,6.83921032197309,1.28560077702548,OTHER
2009,Latin America & Caribbean,LCN,7675.9903619546,-2.30606868180303,,7.81478715032184,1.39963653954814,OTHER
2010,Latin America & Caribbean,LCN,8060.79704671082,6.16268521254158,,7.21826756521545,1.36361251372845,OTHER
2011,Latin America & Caribbean,LCN,8325.46913166974,4.3965540416894,,6.71534566285068,1.28584934657878,OTHER
2012,Latin America & Caribbean,LCN,8455.4532805586,2.64401559051117,,6.42118292240463,1.3045875396482,OTHER
2013,Latin America & Caribbean,LCN,8595.42651886992,2.71578850232498,,6.37856594564285,1.30940871294164,OTHER
2014,Latin America & Caribbean,LCN,8610.67003577239,1.19550821220655,,6.18310613899891,1.27513469861409,OTHER
2015,Latin America & Caribbean,LCN,8547.23733917891,0.238232860625814,,6.67695891386519,1.24149552100816,OTHER
2016,Latin America & Caribbean,LCN,8405.14560348327,-0.729799173418982,,7.73682468877475,1.22326100352807,OTHER
2017,Latin America & Caribbean,LCN,8458.83384476335,1.55329227272074,,8.02820612705932,1.28378832183684,OTHER
2018,Latin America & Caribbean,LCN,8489.63171792302,1.21791319664719,,7.93331984460849,1.25146999023352,OTHER
2019,Latin America & Caribbean,LCN,8447.24518593474,0.312079320235824,,8.00061467672947,1.22208445792104,OTHER
2020,Latin America & Caribbean,LCN,7812.42544444341,-6.86063404728553,,10.214072797585,1.29857083148349,OTHER
2021,Latin America & Caribbean,LCN,8316.14222192775,7.06404255272605,,9.14468415154642,1.13262729986955,OTHER
2022,Latin America & Caribbean,LCN,8604.53059795143,4.08489707535257,,6.93153209123053,1.06041328487598,OTHER
2023,Latin America & Caribbean,LCN,8737.77637787077,2.24954210236234,,6.19254754786298,1.05376638887139,OTHER
2024,Latin America & Caribbean,LCN,8873.03538905768,2.25365117533329,,5.86943268920785,1.12773146722279,OTHER
2025,Latin America & Caribbean,LCN,,,,5.45906708114628,,OTHER
1990,Least developed countries: UN classification,LDC,609.298861926852,-0.115917210845907,,,4.51875544969355,OTHER
1991,Least developed countries: UN classification,LDC,605.418540524414,1.8298935592691,,4.54779576422489,3.64494214910464,OTHER
1992,Least developed countries: UN classification,LDC,591.112719899871,0.260336713675713,,4.60753398974361,3.02842307647842,OTHER
1993,Least developed countries: UN classification,LDC,571.594658308895,-0.546403388375722,,4.62740336480402,3.63961676605137,OTHER
1994,Least developed countries: UN classification,LDC,560.006107007915,0.679133224989869,,4.600990950454,3.40207729860108,OTHER
1995,Least developed countries: UN classification,LDC,576.961900897055,5.80488991857786,,4.49940287771995,2.34095284789051,OTHER
1996,Least developed countries: UN classification,LDC,593.662213065009,5.63291392258851,,4.46802538631446,1.96057810376286,OTHER
1997,Least developed countries: UN classification,LDC,609.50593652269,5.34081426047828,,4.46140795668622,2.05901517808768,OTHER
1998,Least developed countries: UN classification,LDC,618.161849798647,4.03700294677276,,4.54294047396138,2.25713501784413,OTHER
1999,Least developed countries: UN classification,LDC,627.147940221658,4.01863104412614,,4.64027270266917,2.91591352888507,OTHER
2000,Least developed countries: UN classification,LDC,638.394498313439,4.2719848514035,,4.69028330186409,2.29966755049149,OTHER
2001,Least developed countries: UN classification,LDC,653.902811861857,4.89997526252645,,4.72346641947108,2.11006918551369,OTHER
2002,Least developed countries: UN classification,LDC,672.408116961,5.42174917631304,,4.81370443469752,1.98458683576816,OTHER
2003,Least developed countries: UN classification,LDC,689.669092895827,5.15489452332012,,4.88891565223902,1.91242581095453,OTHER
2004,Least developed countries: UN classification,LDC,717.390630227449,6.54520443364571,,4.8461040020584,2.04158577860667,OTHER
2005,Least developed countries: UN classification,LDC,752.258316981261,7.40501143147883,,4.78617235413845,1.93957788744929,OTHER
2006,Least developed countries: UN classification,LDC,784.786114587078,6.85942217803219,,4.66743315924375,2.09721010370525,OTHER
2007,Least developed countries: UN classification,LDC,822.42722071663,7.2555784675728,,4.72846171671699,2.15376261096394,OTHER
2008,Least developed countries: UN classification,LDC,855.395791284952,6.45426556691299,,4.78615582186984,2.33039238874751,OTHER
2009,Least developed countries: UN classification,LDC,870.835035166982,4.22685817352118,,4.88165129097702,2.46771140339228,OTHER
2010,Least developed countries: UN classification,LDC,904.747247036902,6.3385119977353,,4.75657307667184,2.08259125237429,OTHER
2011,Least developed countries: UN classification,LDC,913.190170022172,3.33299155653476,,4.85581288914549,1.97931124124314,OTHER
2012,Least developed countries: UN classification,LDC,921.298988545369,3.3073683122264,,4.84447014073901,2.02729480337644,OTHER
2013,Least developed countries: UN classification,LDC,951.753124130944,5.79229976095574,,4.78810702335574,2.16746679803259,OTHER
2014,Least developed countries: UN classification,LDC,979.192124616686,5.34950229838458,,4.7478845482911,2.16225319448058,OTHER
2015,Least developed countries: UN classification,LDC,982.894810600519,2.75062771857755,,4.82634268692319,1.798032485669,OTHER
2016,Least developed countries: UN classification,LDC,995.154750826763,3.65690967534616,,4.8918256789537,1.54349722630853,OTHER
2017,Least developed countries: UN classification,LDC,1015.62255142587,4.4987096336715,,4.95273324976286,1.51325620217108,OTHER
2018,Least developed countries: UN classification,LDC,1038.13136576604,4.65941908831795,,4.87642905613966,1.32357403909598,OTHER
2019,Least developed countries: UN classification,LDC,1063.5016284707,4.91325561043514,,4.87319739899668,1.32857862550762,OTHER
2020,Least developed countries: UN classification,LDC,1037.48119670683,-0.0841614666257726,,5.5984272213638,1.45465312037156,OTHER
2021,Least developed countries: UN classification,LDC,1042.66310509177,2.86804157943192,,5.7342733352141,1.48081186457116,OTHER
2022,Least developed countries: UN classification,LDC,1067.73895636263,4.75099901471465,,5.05048767454214,1.41120745845573,OTHER
2023,Least developed countries: UN classification,LDC,1075.21265110133,3.02879949936961,,4.69874423007014,1.39390576750539,OTHER
2024,Least developed countries: UN classification,LDC,1091.33824852468,3.85645809654653,,4.63004995634959,1.54620261977903,OTHER
2025,Least developed countries: UN classification,LDC,,,,4.66480928166506,,OTHER
1990,Liechtenstein,LIE,,2.25287099550282,,,,OTHER
1991,Liechtenstein,LIE,,1.80117005853981,,,,OTHER
1992,Liechtenstein,LIE,,3.60829384387156,,,,OTHER
1993,Liechtenstein,LIE,,4.33210120561074,,,,OTHER
1994,Liechtenstein,LIE,,6.86614413219762,,,,OTHER
1995,Liechtenstein,LIE,,5.8755504001748,,,,OTHER
1996,Liechtenstein,LIE,,6.90530179973636,,,,OTHER
1997,Liechtenstein,LIE,,7.22513485456875,,,,OTHER
1998,Liechtenstein,LIE,,7.76126283694691,,,,OTHER
1999,Liechtenstein,LIE,,10.4109232010236,,,,OTHER
2000,Liechtenstein,LIE,,3.22019308239609,,,,OTHER
2001,Liechtenstein,LIE,,-0.733092455297992,,,,OTHER
2002,Liechtenstein,LIE,,-0.993919947159299,,,,OTHER
2003,Liechtenstein,LIE,,-1.93756534125014,,,,OTHER
2004,Liechtenstein,LIE,,3.03917210306501,,,,OTHER
2005,Liechtenstein,LIE,,4.82807677743524,,,,OTHER
2006,Liechtenstein,LIE,,8.64496857267281,,,,OTHER
2007,Liechtenstein,LIE,,3.325963509369,,,,OTHER
2008,Liechtenstein,LIE,,1.79808847836411,,,,OTHER
2009,Liechtenstein,LIE,,-1.15748291975636,,,,OTHER
2015,Liechtenstein,LIE,167187.15730982,,,,,OTHER
1990,Sri Lanka,LKA,1388.58951823335,6.39999531084838,21.495252052759,,2.32848743256346,OTHER
1991,Sri Lanka,LKA,1441.62996809528,4.59998724404535,12.1856307214389,14.661,3.082087848635,OTHER
1992,Sri Lanka,LKA,1481.33110127451,4.39999125181939,11.3834370512206,14.22,3.36763990096007,OTHER
1993,Sri Lanka,LKA,1556.88467456091,6.90006325149474,11.7467370174946,13.82,3.43178565351856,OTHER
1994,Sri Lanka,LKA,1620.2912104558,5.59991872510166,8.44871248698348,13.03,3.72933805803649,OTHER
1995,Sri Lanka,LKA,1681.35053208093,5.5000852341585,7.67484873449805,12.27,5.86113224274153,OTHER
1996,Sri Lanka,LKA,1712.00815802791,3.79996720568178,15.9358310447214,11.35,5.51978316113981,OTHER
1997,Sri Lanka,LKA,1787.41017985524,6.40539969571286,9.57369626405162,10.6,4.63060207374592,OTHER
1998,Sri Lanka,LKA,1836.38946262206,4.69842304772052,9.36424300683229,9.17,4.64346408117958,OTHER
1999,Sri Lanka,LKA,1880.1067802774,4.30054049813373,4.69170563048438,8.88,4.0301638395602,OTHER
2000,Sri Lanka,LKA,1956.93310381072,6.00003315828934,6.17627591012045,7.74,5.03387296841704,OTHER
2001,Sri Lanka,LKA,1896.48251734068,-1.54540813366026,14.15845579912,7.9,4.28699058949232,OTHER
2002,Sri Lanka,LKA,1951.22522777045,3.96467568513113,9.55103167007251,8.76,3.34258944021437,OTHER
2003,Sri Lanka,LKA,2052.03045078787,5.9402690780223,6.31463787051174,8.22,2.86891182725842,OTHER
2004,Sri Lanka,LKA,2149.10628588002,5.44506127885352,7.57592582995856,8.38,2.99735847919569,OTHER
2005,Sri Lanka,LKA,2268.6880127005,6.24174804376447,11.6396860971118,7.67,2.6395333951407,OTHER
2006,Sri Lanka,LKA,2426.34873273046,7.66829190107919,10.0201836057035,6.5,2.79877359903086,OTHER
2007,Sri Lanka,LKA,2573.54362192705,6.79682611892866,15.8421114924843,5.97,3.26060835702917,OTHER
2008,Sri Lanka,LKA,2708.58594222506,5.95008814473897,22.5644955300126,5.22,3.24360178402603,OTHER
2009,Sri Lanka,LKA,2787.27350976338,3.53891205317842,3.46496322106074,5.85,3.16189871004304,OTHER
2010,Sri Lanka,LKA,2993.01411511147,8.01596737055139,6.2176488930462,4.784,2.70074784039336,OTHER
2011,Sri Lanka,LKA,3232.37350382301,8.6694830119314,6.7167684358854,4.118,2.68531865302989,OTHER
2012,Sri Lanka,LKA,3484.79049033884,8.63218137662685,7.54291373239437,3.88,2.15519951243996,OTHER
2013,Sri Lanka,LKA,3728.93586647848,4.05174633027869,6.90845034828452,4.186,2.15404824269909,OTHER
2014,Sri Lanka,LKA,3929.92062032185,6.3779788972687,3.1790022823606,4.157,2.41264701190051,OTHER
2015,Sri Lanka,LKA,4057.7158346231,4.20595547449241,3.76836783062096,4.519,2.41701116575955,OTHER
2016,Sri Lanka,LKA,4214.74117992085,5.05362488994436,3.9588884659307,4.242,1.97935533284589,OTHER
2017,Sri Lanka,LKA,4436.00789945768,6.46068127065753,7.70413767850602,4.046,1.97692843257215,OTHER
2018,Sri Lanka,LKA,4493.03575444544,2.31008425545845,2.135037737132,4.318,1.73469354853576,OTHER
2019,Sri Lanka,LKA,4455.78189608267,-0.220483886831275,3.52839358231811,4.67,1.75219928060225,OTHER
2020,Sri Lanka,LKA,4227.23315306594,-4.62451503749502,6.15394508391738,5.364,1.73988733298184,OTHER
2021,Sri Lanka,LKA,4357.97225779491,4.2074764951157,7.01478071238195,4.981,1.71265688710699,OTHER
2022,Sri Lanka,LKA,4033.14561476298,-7.34919301306745,49.7211021114327,4.528,1.3433273089473,OTHER
2023,Sri Lanka,LKA,3964.91987394354,-2.3298481898334,16.5411742279832,4.528,1.64003079587098,OTHER
2024,Sri Lanka,LKA,4186.4986638365,5.00871930957159,-0.42936004906973,4.239,1.42539087177796,OTHER
2025,Sri Lanka,LKA,,,,4.005,,OTHER
1990,Low & middle income,LMY,1637.90975985926,3.1341096903009,,,2.52972827219989,OTHER
1991,Low & middle income,LMY,1653.32637480142,2.89129146466624,,4.64433287742556,2.3169476924644,OTHER
1992,Low & middle income,LMY,1692.20599804255,4.27003159758812,,4.70977041216799,2.18407262166428,OTHER
1993,Low & middle income,LMY,1744.98876910436,5.01393982715588,,4.90106925354757,2.05909276682074,OTHER
1994,Low & middle income,LMY,1803.01999736848,5.16308593699904,,5.14887709339877,2.02699274711492,OTHER
1995,Low & middle income,LMY,1854.02928224612,4.62367429906318,,5.38296480095666,2.01451059274878,OTHER
1996,Low & middle income,LMY,1936.59718362593,6.25747699428997,,5.46096569968567,1.93477634136325,OTHER
1997,Low & middle income,LMY,2012.40169942415,5.67616182515715,,5.50368537005251,1.87743789486545,OTHER
1998,Low & middle income,LMY,2045.37271395775,3.33046402974134,,5.68185852139688,1.82709274533415,OTHER
1999,Low & middle income,LMY,2087.06724080416,3.68841216367632,,5.85505753745311,1.94235886506729,OTHER
2000,Low & middle income,LMY,2169.24580163668,5.57465732216488,,5.84310963310359,1.85487373331119,OTHER
2001,Low & middle income,LMY,2214.39575681474,3.6568492312953,,6.00285447710927,1.90177758838874,OTHER
2002,Low & middle income,LMY,2286.40894364045,4.80181797661388,,6.18899642896501,1.93636959911417,OTHER
2003,Low & middle income,LMY,2387.09560676557,5.93754398181565,,6.24862006224706,1.884182590431,OTHER
2004,Low & middle income,LMY,2533.63490609155,7.68528949361227,,6.12436721134229,1.83990630365206,OTHER
2005,Low & middle income,LMY,2681.80911389239,7.36879097244949,,6.10189134627543,1.79370150816728,OTHER
2006,Low & middle income,LMY,2861.63623205145,8.22100374460884,,5.92329736043004,1.74005255884556,OTHER
2007,Low & middle income,LMY,3071.96637646344,8.84123474938971,,5.84061607071867,1.71107476713761,OTHER
2008,Low & middle income,LMY,3209.89152688519,5.94269905569141,,5.84635579413637,1.72569318096004,OTHER
2009,Low & middle income,LMY,3292.95225009223,4.01461962181482,,6.03268599783015,1.92707275187817,OTHER
2010,Low & middle income,LMY,3513.14255185016,8.16445240626631,,5.82874130267436,1.77501231915343,OTHER
2011,Low & middle income,LMY,3685.31687703342,6.35481854550231,,5.76478083157227,1.67147050446557,OTHER
2012,Low & middle income,LMY,3833.91840392667,5.4905182651809,,5.79670311681129,1.70279180923908,OTHER
2013,Low & middle income,LMY,3994.67974612361,5.62109078786031,,5.75107708355317,1.72214899838974,OTHER
2014,Low & middle income,LMY,4145.78134336883,5.17791143275517,,5.73024977441405,1.74251473862345,OTHER
2015,Low & middle income,LMY,4284.85686298442,4.69423819182255,,5.9151653043874,1.74983953052041,OTHER
2016,Low & middle income,LMY,4431.18235187323,4.73589340027773,,5.99811641501721,1.74929290725009,OTHER
2017,Low & middle income,LMY,4608.67872042193,5.33414452329359,,6.04325903299711,1.72127665087244,OTHER
2018,Low & middle income,LMY,4779.40840873637,4.99253371729232,,5.98999541060915,1.67904736909496,OTHER
2019,Low & middle income,LMY,4919.20859980592,4.15795444216967,,5.84822511373103,1.67871312484603,OTHER
2020,Low & middle income,LMY,4809.84896387149,-1.12138803182506,,6.6636269031363,1.76976798095775,OTHER
2021,Low & middle income,LMY,5112.9703250261,7.38651702793516,,6.20117690908003,1.61997050228635,OTHER
2022,Low & middle income,LMY,5268.23590331493,3.99985001578578,,5.4501372521796,1.67464997898737,OTHER
2023,Low & middle income,LMY,5470.5324742774,4.82267545478237,,5.00470630144505,1.78594704509829,OTHER
2024,Low & middle income,LMY,5652.87507726956,4.36075037491024,,4.94160293231847,1.82054446160052,OTHER
2025,Low & middle income,LMY,,,,4.91298327796184,,OTHER
1990,Lesotho,LSO,533.824964193999,6.04547332978933,11.6347569955818,,3.55047598830801,OTHER
1991,Lesotho,LSO,560.884905718596,6.96660729603671,17.6781002638523,15.495,2.88884695541125,OTHER
1992,Lesotho,LSO,590.008212092485,6.95636495400254,17.2085201793721,15.448,2.70645352476235,OTHER
1993,Lesotho,LSO,601.55791413154,3.50976615760111,13.1356607683724,15.568,2.47547266258969,OTHER
1994,Lesotho,LSO,628.960051227201,5.97987353536386,8.21473862195302,15.62,2.74112240996011,OTHER
1995,Lesotho,LSO,641.758711944969,3.29093812272822,9.27083333333323,15.797,3.24188937641956,OTHER
1996,Lesotho,LSO,670.469581774155,5.59703605867827,9.33031458531928,15.709,2.82467366309587,OTHER
1997,Lesotho,LSO,689.806218455005,3.70360343607432,,15.822,2.71217734729986,OTHER
1998,Lesotho,LSO,696.935973937753,1.53765589433743,,15.913,2.85192846653195,OTHER
1999,Lesotho,LSO,698.441087182066,0.476025052201194,,16.167,3.56245119166974,OTHER
2000,Lesotho,LSO,725.263668707773,3.87554677576694,6.13197538722696,16.169,3.28492612837033,OTHER
2001,Lesotho,LSO,752.243212493971,3.56158183392093,-9.61615353858472,16.081,2.74417802299373,OTHER
2002,Lesotho,LSO,760.033443180306,0.723836067167127,33.812578338126,16.079,2.5163929527429,OTHER
2003,Lesotho,LSO,798.540500554454,4.55977716384528,6.62916357146762,16.056,2.36900091916458,OTHER
2004,Lesotho,LSO,817.793597897186,1.69237417358596,5.02342068616285,16.154,2.13166293812828,OTHER
2005,Lesotho,LSO,853.960500629797,3.46612222755311,3.43788423057443,16.031,2.0492596155836,OTHER
2006,Lesotho,LSO,893.750686627156,4.23009522805209,6.07271879734293,16.054,2.07422499066906,OTHER
2007,Lesotho,LSO,927.26863327342,4.18791409957151,8.01243669043409,15.942,2.36815458611088,OTHER
2008,Lesotho,LSO,971.881366821351,5.52341966978646,10.7156661309681,15.851,1.547920805645,OTHER
2009,Lesotho,LSO,952.747929746529,-1.25375779920832,-16.8596910540644,16.115,2.722681670282,OTHER
2010,Lesotho,LSO,995.233432451681,5.26967078056286,-2.40524254598706,16.068,3.16252874160214,OTHER
2011,Lesotho,LSO,1031.99721564343,4.61641394528752,5.0366305210156,16.115,2.25552295756199,OTHER
2012,Lesotho,LSO,1086.39034816283,6.33408374679448,6.05143662139967,15.761,2.14823978786685,OTHER
2013,Lesotho,LSO,1093.95323489272,1.79252555575545,4.86511899496385,15.926,2.02653187465999,OTHER
2014,Lesotho,LSO,1100.04993684215,1.71054990545476,5.37028961008587,16.066,1.95379607639772,OTHER
2015,Lesotho,LSO,1121.19851342518,3.12406678044546,3.21844513655931,16.223,1.86575300076387,OTHER
2016,Lesotho,LSO,1147.58748801671,3.60890731687714,6.59650490696543,16.138,1.96388842698486,OTHER
2017,Lesotho,LSO,1097.82166812752,-3.13817493733471,4.447699373763,16.379,2.27081453102287,OTHER
2018,Lesotho,LSO,1068.44462913373,-1.48063315848241,4.7518030162474,16.614,1.99938292931215,OTHER
2019,Lesotho,LSO,1040.99351014117,-1.41799383085205,5.18708359197982,16.876,1.87540421655185,OTHER
2020,Lesotho,LSO,944.834128375429,-8.15595785459911,4.97809676252309,18.385,1.88146803172144,OTHER
2021,Lesotho,LSO,955.221236301503,2.26670961833291,6.04774591950676,18.214,1.53556597959744,OTHER
2022,Lesotho,LSO,967.51928598325,2.38778020186284,8.27180389943028,16.623,1.47290152655986,OTHER
2023,Lesotho,LSO,974.382478149793,1.82662476743647,6.34221743124953,16.348,1.6252797841757,OTHER
2024,Lesotho,LSO,991.069661910744,2.85452253179545,6.10544624245032,16.34,1.56745014441231,OTHER
2025,Lesotho,LSO,,,,16.315,,OTHER
1990,Late-demographic dividend,LTE,2569.8115455292,0.244621085119178,,,,OTHER
1991,Late-demographic dividend,LTE,2550.34867822118,0.509801790680896,,3.66023223286086,,OTHER
1992,Late-demographic dividend,LTE,2540.72611075671,0.825047278305675,,3.67499973475162,3.2677845678644,OTHER
1993,Late-demographic dividend,LTE,2621.71535809133,4.34403219180659,,3.88855373414191,2.83400619797323,OTHER
1994,Late-demographic dividend,LTE,2709.53044855026,4.46521282723822,,4.30063275796875,2.72206603834273,OTHER
1995,Late-demographic dividend,LTE,2834.32588158861,5.69107471980874,,4.47531718027036,2.43430534124232,OTHER
1996,Late-demographic dividend,LTE,2949.79560746097,5.11607831686848,,4.67637018700231,2.3212569828692,OTHER
1997,Late-demographic dividend,LTE,3086.23703759282,5.64671072497833,,4.94668708418151,2.33588691655993,OTHER
1998,Late-demographic dividend,LTE,3145.48281817022,2.87482259174006,,5.21710249367688,2.1749399255328,OTHER
1999,Late-demographic dividend,LTE,3263.82829830874,4.66362734864241,,5.4707305770275,2.24997934325608,OTHER
2000,Late-demographic dividend,LTE,3466.01310620559,7.03020260972605,,5.29485034456226,2.2923515163099,OTHER
2001,Late-demographic dividend,LTE,3619.46654540267,5.19485819990395,,5.47907914783063,2.37237421488889,OTHER
2002,Late-demographic dividend,LTE,3812.59136967467,6.05203909370368,,5.66563235164984,2.3810757772406,OTHER
2003,Late-demographic dividend,LTE,4048.48471590844,6.88089931630806,,5.90243541524635,2.27923789571478,OTHER
2004,Late-demographic dividend,LTE,4352.77899604091,8.20035090797739,,5.70845578270121,2.18676268978121,OTHER
2005,Late-demographic dividend,LTE,4662.84590388694,7.79648456165864,,5.63125210477498,2.12483464034469,OTHER
2006,Late-demographic dividend,LTE,5063.68908694481,9.29146367821869,,5.38097826380605,2.08184615836383,OTHER
2007,Late-demographic dividend,LTE,5544.40085964957,10.2058695100739,,5.11709007503548,2.02149327576461,OTHER
2008,Late-demographic dividend,LTE,5891.622096914,6.95688641059672,,5.14867990448763,2.01925684199094,OTHER
2009,Late-demographic dividend,LTE,6074.36748179082,3.74138025997486,,5.57785428299668,2.20124407870914,OTHER
2010,Late-demographic dividend,LTE,6525.60694866136,8.03440086230198,,5.25181815855478,2.07606219481788,OTHER
2011,Late-demographic dividend,LTE,6949.99107912565,7.17018280493475,,5.11922021804217,2.0006089074155,OTHER
2012,Late-demographic dividend,LTE,7305.27620420521,5.88596134899942,,5.02938218164513,2.06677706366236,OTHER
2013,Late-demographic dividend,LTE,7662.87637611851,5.63982052422605,,5.01097351607565,2.09437350609127,OTHER
2014,Late-demographic dividend,LTE,8010.29794417952,5.29102448059176,,4.93887259586478,2.08944184657119,OTHER
2015,Late-demographic dividend,LTE,8331.63270803563,4.70788934981915,,5.11139944235291,2.03281630717931,OTHER
2016,Late-demographic dividend,LTE,8646.07589908332,4.45093232964516,,5.28065390607939,2.04318493088606,OTHER
2017,Late-demographic dividend,LTE,9041.21609671517,5.26220866778333,,5.27038544833334,1.92917272584528,OTHER
2018,Late-demographic dividend,LTE,9481.09349361994,5.43978541970205,,5.05006029808032,1.86323948810657,OTHER
2019,Late-demographic dividend,LTE,9886.07149064231,4.74705579855319,,5.19591640696366,1.87217597704329,OTHER
2020,Late-demographic dividend,LTE,9878.28626310562,0.236064721892191,,5.93153762506637,1.95157916399525,OTHER
2021,Late-demographic dividend,LTE,10610.1004840522,7.59265524240504,,5.50538470000201,1.80979578735661,OTHER
2022,Late-demographic dividend,LTE,10941.5382468571,3.28700376545595,,5.19342173027057,1.90959585880298,OTHER
2023,Late-demographic dividend,LTE,11413.7698244462,4.42804951199685,,4.79546301775753,1.95908125708194,OTHER
2024,Late-demographic dividend,LTE,11914.0272194525,4.48755005392181,,4.5972989340493,2.17016288811109,OTHER
2025,Late-demographic dividend,LTE,,,,4.49842503652739,,OTHER
1990,Lithuania,LTU,8333.3507070025,,,,,OTHER
1991,Lithuania,LTU,7847.01734327521,-5.67566299724814,,1.1,,OTHER
1992,Lithuania,LTU,6185.53523621407,-21.2589705631249,1020.62056524354,1.2,,OTHER
1993,Lithuania,LTU,5206.44266110742,-16.2268623785221,410.451858561316,13.8,0.812260643325921,OTHER
1994,Lithuania,LTU,4730.69631958508,-9.76605203702381,72.2546816164428,13.8,0.493377598492433,OTHER
1995,Lithuania,LTU,4924.09667530707,3.2900801840418,39.6476290328289,17.54,0.451480223246298,OTHER
1996,Lithuania,LTU,5211.10025197912,5.02694376847307,24.62519538645,16.4,0.501283930563048,OTHER
1997,Lithuania,LTU,5685.44901491024,8.30063037348748,8.88104848465892,14.13,0.743584548384698,OTHER
1998,Lithuania,LTU,6154.17245640636,7.46293714937232,5.06755385841968,13.711,1.22394047483022,OTHER
1999,Lithuania,LTU,6129.99843995634,-1.09700818020993,0.727550626557424,13.388,0.965770667320066,OTHER
2000,Lithuania,LTU,6384.30865426374,3.41862206571636,0.981615478857598,15.931,1.21549030890811,OTHER
2001,Lithuania,LTU,6854.52512826671,6.48412665187908,1.36712030817819,16.84,1.36102583365379,OTHER
2002,Lithuania,LTU,7374.0979710116,6.71983945103626,0.281506610345575,13.008,1.27093846223477,OTHER
2003,Lithuania,LTU,8218.69336289848,10.5518959629574,-1.13430854990247,12.874,1.12083381901602,OTHER
2004,Lithuania,LTU,8851.92598922347,6.50203536075556,1.16410252104671,10.684,1.19104062508646,OTHER
2005,Lithuania,LTU,9692.86853763267,7.7314467577492,2.65848484065262,8.325,1.16311841256451,OTHER
2006,Lithuania,LTU,10577.2145522871,7.39548122468629,3.73912004060664,5.78,1.16779179996757,OTHER
2007,Lithuania,LTU,11889.3545234657,11.0779282578673,5.73717382799842,4.25,1.112731351206,OTHER
2008,Lithuania,LTU,12324.5197331387,2.59946154605602,10.9258856241655,5.826,1.13081118398085,OTHER
2009,Lithuania,LTU,10612.9204044582,-14.8386117894848,4.45304456518535,13.785,1.07973512828669,OTHER
2010,Lithuania,LTU,10884.1161852582,0.427199566550769,1.31921362055463,17.814,0.890423906680536,OTHER
2011,Lithuania,LTU,11836.7200384033,6.32363664821298,4.13027562645085,15.39,0.797082443059276,OTHER
2012,Lithuania,LTU,12516.6184065667,4.38290584355157,3.08998277055417,13.365,0.769173393857888,OTHER
2013,Lithuania,LTU,13145.8069309969,4.04691318575325,1.04747937065344,11.77,0.766528272772994,OTHER
2014,Lithuania,LTU,13753.1895982305,3.7725437958099,0.103758009433708,10.698,0.883731669079507,OTHER
2015,Lithuania,LTU,14269.8039878287,2.83280643343234,-0.884097405500596,9.12,1.13486085095513,OTHER
2016,Lithuania,LTU,14823.107153522,2.67192215053329,0.905525075460342,7.862,1.48013833220254,OTHER
2017,Lithuania,LTU,15695.9993288456,4.61224310312809,3.72288862303707,7.073,1.71214117320754,OTHER
2018,Lithuania,LTU,16604.9021440809,4.91836780106811,2.69792779208394,6.147,1.94787932963701,OTHER
2019,Lithuania,LTU,17431.7239081591,4.67735183530451,2.33450937988027,6.255,1.98419011931355,OTHER
2020,Lithuania,LTU,17443.65526328,0.0428158336981426,1.19989444983569,8.487,2.04915558023028,OTHER
2021,Lithuania,LTU,18569.7057246217,6.38001606179873,4.68354420903453,7.112,1.94955292042791,OTHER
2022,Lithuania,LTU,18884.5152531698,2.53752574011534,19.7050461518394,5.955,2.44457587877222,OTHER
2023,Lithuania,LTU,18685.5523679178,0.342262716277261,9.11731962390475,6.841,2.71300052887971,OTHER
2024,Lithuania,LTU,19092.6451176955,2.77263124530285,0.715735835228723,6.851,3.11817486440289,OTHER
2025,Lithuania,LTU,,,,6.731,,OTHER
1990,Luxembourg,LUX,66027.0750081087,5.31993336839281,3.25376659083639,,0.788344680855924,OTHER
1991,Luxembourg,LUX,70779.9738182581,8.64419071515121,3.11835659874851,1.482,0.811385163106724,OTHER
1992,Luxembourg,LUX,71116.9413609679,1.81965297334699,3.15417375961789,2.029,0.827198401049985,OTHER
1993,Luxembourg,LUX,73116.1933406133,4.20064695547975,3.58809818535164,2.33,0.707154433830032,OTHER
1994,Luxembourg,LUX,74883.1415751349,3.82092168668748,2.1947646868907,3.479,0.741561435509644,OTHER
1995,Luxembourg,LUX,74896.0964542561,1.43220019776147,1.86769424969105,2.918,0.61631229536522,OTHER
1996,Luxembourg,LUX,74916.5073926589,1.39807549779829,1.18385968843571,3.286,0.611795282179392,OTHER
1997,Luxembourg,LUX,77993.0573693363,5.41983084056754,1.36751261207943,2.527,0.619164073380448,OTHER
1998,Luxembourg,LUX,82170.2392472062,6.67451290702765,0.958570110494674,2.763,0.641796393004664,OTHER
1999,Luxembourg,LUX,87695.3390885394,8.17518184900963,1.02519676474932,2.39,0.58038083885115,OTHER
2000,Luxembourg,LUX,92527.7108705226,6.93812976136098,3.15076707022592,2.345,0.546329291336707,OTHER
2001,Luxembourg,LUX,94243.7068360989,3.07435550952719,2.66382110579103,1.805,0.677211501251718,OTHER
2002,Luxembourg,LUX,96269.5797484275,3.22541782301025,2.07408613571643,2.621,0.588787408670377,OTHER
2003,Luxembourg,LUX,97597.9973184565,2.61937861354482,2.04984030563518,3.675,0.606265558712765,OTHER
2004,Luxembourg,LUX,100292.566948333,4.23188928835465,2.22567916428889,5.113,0.605730957855837,OTHER
2005,Luxembourg,LUX,101222.044353044,2.48287498468387,2.48769665164088,4.488,0.58477615707441,OTHER
2006,Luxembourg,LUX,105614.178851764,6.0167154014547,2.66631494577069,4.731,0.52078771268481,OTHER
2007,Luxembourg,LUX,112417.876989455,8.09866723048083,2.31245861786127,4.065,0.50162400683642,OTHER
2008,Luxembourg,LUX,110094.791529429,-0.300175624936841,3.40187963025571,5.06,0.364912794964823,OTHER
2009,Luxembourg,LUX,104574.349049084,-3.23895409147492,0.368041997888887,5.194,0.371311757115607,OTHER
2010,Luxembourg,LUX,106544.057363484,3.76041454320028,2.2736791162154,4.423,0.441009496679635,OTHER
2011,Luxembourg,LUX,105290.249021891,1.04429855323325,3.41068341068342,5.122,0.376775588804359,OTHER
2012,Luxembourg,LUX,104487.744312565,1.64990212764553,2.66284165508021,5.03,0.358937251707305,OTHER
2013,Luxembourg,LUX,105338.955521681,3.17178989968683,1.73403963519162,6.045,0.358492375793951,OTHER
2014,Luxembourg,LUX,105583.937273429,2.62308679154881,0.628543985440717,6.044,0.366856825936978,OTHER
2015,Luxembourg,LUX,105462.012584423,2.26978423302835,0.474743161437779,6.796,0.415571527949753,OTHER
2016,Luxembourg,LUX,108351.451826983,4.97819011520116,0.290833333333317,6.669,0.378949157263331,OTHER
2017,Luxembourg,LUX,107142.126672598,1.31718713754285,1.73079959118887,5.523,0.495110917223231,OTHER
2018,Luxembourg,LUX,106788.728745199,1.61129561338169,1.5281952430738,5.589,0.500655642661875,OTHER
2019,Luxembourg,LUX,107591.965850496,2.74931929072659,1.74332075653848,5.592,0.546198379988419,OTHER
2020,Luxembourg,LUX,105274.2471768,-0.510051634039826,0.819957302127036,6.766,0.578077082223964,OTHER
2021,Luxembourg,LUX,110873.185245175,6.9297342584233,2.52692009066166,5.571,0.47124923612019,OTHER
2022,Luxembourg,LUX,107467.187082637,-1.0974168968152,6.33600807777919,4.588,0.625325775260002,OTHER
2023,Luxembourg,LUX,105422.829667869,0.0994399943552651,3.74140361983136,5.184,0.77317942181024,OTHER
2024,Luxembourg,LUX,104147.1739928,0.35861253942069,2.05113269954859,6.4,0.962679157025622,OTHER
2025,Luxembourg,LUX,,,,6.343,,OTHER
1990,Latvia,LVA,7622.69825875963,,,,,OTHER
1991,Latvia,LVA,6694.19894278367,-12.5952217915855,,2.7,,OTHER
1992,Latvia,LVA,4607.11379673414,-32.1185704640622,951.696194870801,6.6,,OTHER
1993,Latvia,LVA,4464.7211347223,-4.98297984318212,108.989540624323,16.7,0.735295406430013,OTHER
1994,Latvia,LVA,4639.50565161418,2.18991178652736,35.9247053929643,18.7,0.838757226966531,OTHER
1995,Latvia,LVA,4661.66840092451,-0.944760634359824,24.9759355316749,19.0,0.831537179120737,OTHER
1996,Latvia,LVA,4822.90414861125,2.29996103802466,17.6104698431033,20.7,0.657943813358724,OTHER
1997,Latvia,LVA,5317.97997604979,9.17147634072084,8.44738342092961,14.9,0.59826833706743,OTHER
1998,Latvia,LVA,5719.98918281481,6.55000264756266,4.64421422660783,14.454,0.604779500640058,OTHER
1999,Latvia,LVA,5929.26767237825,2.81840455944993,2.36481836111805,13.79,0.772368809222116,OTHER
2000,Latvia,LVA,6336.38296707987,5.84102642353959,2.65425477796048,14.211,0.901766970575075,OTHER
2001,Latvia,LVA,6833.4354323157,6.46057826727287,2.48704003555464,13.821,1.06180323433191,OTHER
2002,Latvia,LVA,7443.22944659059,7.66548778586991,1.93887573855886,13.829,1.59179944261207,OTHER
2003,Latvia,LVA,8149.00183600084,8.42913257059108,2.94264752948478,12.061,1.68220334950968,OTHER
2004,Latvia,LVA,8957.23393555082,8.72514341727928,6.19238547197429,11.708,1.65869012027526,OTHER
2005,Latvia,LVA,10106.2626157732,11.6153178557457,6.74845027893124,10.033,1.67142105821102,OTHER
2006,Latvia,LVA,11507.4648265658,12.825017846905,6.53619908765872,7.03,1.79995995043083,OTHER
2007,Latvia,LVA,12810.0409502542,10.4145372792714,10.0929775849169,6.052,1.63649936606571,OTHER
2008,Latvia,LVA,12506.6945041012,-3.38871665849958,15.4023191064986,7.739,1.7043587604961,OTHER
2009,Latvia,LVA,10675.425174228,-16.0400195313042,3.53410672858934,17.515,1.41593498753712,OTHER
2010,Latvia,LVA,10500.8666223014,-3.66125859554762,-1.08463595015155,19.482,1.10611728003503,OTHER
2011,Latvia,LVA,11018.5152421583,3.03634482668815,4.37073559939223,16.206,1.1073762662641,OTHER
2012,Latvia,LVA,11971.0107466522,7.30524057200897,2.25778924374585,15.047,0.942934638140067,OTHER
2013,Latvia,LVA,12353.5386135301,2.09609028156248,-0.029454778257828,11.867,0.972846248892055,OTHER
2014,Latvia,LVA,12731.6771959342,2.0949597710559,0.620490636732421,10.846,0.978038880665435,OTHER
2015,Latvia,LVA,13321.9753140616,3.78336712084972,0.174242243625186,9.873,1.07352247572393,OTHER
2016,Latvia,LVA,13787.3367440023,2.55168601974034,0.140633334505327,9.643,1.50174457900413,OTHER
2017,Latvia,LVA,14382.8612727134,3.39894872623931,2.93036312374665,8.715,1.65275736814609,OTHER
2018,Latvia,LVA,15120.0698171804,4.30971286294503,2.53445424186598,7.412,2.13473002218592,OTHER
2019,Latvia,LVA,15328.3859933295,0.675372771884227,2.81140920075624,6.312,2.09016802211357,OTHER
2020,Latvia,LVA,14900.7295718866,-3.46922750780554,0.219064904841985,8.098,2.22759521686375,OTHER
2021,Latvia,LVA,16070.1680032322,6.94254173062592,3.27582937431165,7.513,2.15577987505149,OTHER
2022,Latvia,LVA,16421.3748596,1.90853419029801,17.3102830198815,6.815,2.25461931057619,OTHER
2023,Latvia,LVA,16229.3844520245,-0.941606068823631,8.9380462331663,6.465,2.97016956920808,OTHER
2024,Latvia,LVA,16374.773539624,-0.0461080109713521,1.26579885828729,6.9,3.25799154535171,OTHER
2025,Latvia,LVA,,,,6.568,,OTHER
1990,"Macao SAR, China",MAC,31378.8304183133,7.97943699762126,7.96969384363221,,,OTHER
1991,"Macao SAR, China",MAC,30982.3788289054,3.65938964930415,9.5688776593484,3.01,,OTHER
1992,"Macao SAR, China",MAC,33280.8531405232,13.2989545353826,7.71392168356611,2.196,,OTHER
1993,"Macao SAR, China",MAC,33812.6326064638,5.18623877678014,6.70588552770043,2.057,,OTHER
1994,"Macao SAR, China",MAC,34113.7531646476,4.25357492985363,6.25206890210272,2.48,,OTHER
1995,"Macao SAR, China",MAC,34162.0125862687,3.29612425723712,8.55866604308447,3.581,,OTHER
1996,"Macao SAR, China",MAC,33543.2536281767,-0.419861406496466,4.82248676783487,4.261,,OTHER
1997,"Macao SAR, China",MAC,33273.3263570517,-0.278986192547762,3.49093715138855,3.225,,OTHER
1998,"Macao SAR, China",MAC,31376.4225649646,-4.57110341884395,0.172630384568516,4.607,,OTHER
1999,"Macao SAR, China",MAC,30270.8085696141,-2.35859213250518,-3.20416248186587,6.34,,OTHER
2000,"Macao SAR, China",MAC,31772.6302531656,5.74714593475937,-1.60971883961897,6.874,,OTHER
2001,"Macao SAR, China",MAC,32441.6760183581,2.88824010651439,-1.98465008641646,6.371,,OTHER
2002,"Macao SAR, China",MAC,34967.8914561813,8.90480904902596,-2.63751699816198,6.278,,OTHER
2003,"Macao SAR, China",MAC,38581.6976189322,11.6433551416587,-1.56245203671305,5.995,,OTHER
2004,"Macao SAR, China",MAC,47665.9330386643,26.6368742306114,0.980728452039451,4.904,,OTHER
2005,"Macao SAR, China",MAC,49470.940295748,8.07794929953978,4.39589284335674,4.158,,OTHER
2006,"Macao SAR, China",MAC,53240.2045750276,13.3921711919351,5.14997337750692,3.822,,OTHER
2007,"Macao SAR, China",MAC,58376.1176047275,14.4817728129028,5.57149689143952,3.269,,OTHER
2008,"Macao SAR, China",MAC,58146.3285846714,3.39251560752048,8.61101858637,2.999,,OTHER
2009,"Macao SAR, China",MAC,59528.8350159491,1.29837946885112,1.16906695453767,3.58,,OTHER
2010,"Macao SAR, China",MAC,74195.0577762344,25.1031075246958,2.80947242060843,2.84,,OTHER
2011,"Macao SAR, China",MAC,88168.9713699088,21.6223064381087,5.80624616691043,2.56,,OTHER
2012,"Macao SAR, China",MAC,93192.885853941,9.21747479596735,6.10738928336549,1.97,,OTHER
2013,"Macao SAR, China",MAC,99054.4980289716,10.7816711590297,5.50057779178484,1.82,,OTHER
2014,"Macao SAR, China",MAC,92383.8434915276,-2.03874227961819,6.04823452094076,1.67,,OTHER
2015,"Macao SAR, China",MAC,69902.9605741233,-21.7540078753246,4.56056338028173,1.81,,OTHER
2016,"Macao SAR, China",MAC,68391.3415491921,-0.701510212552961,2.36895749705898,1.939,,OTHER
2017,"Macao SAR, China",MAC,75650.1261840452,9.91855844513513,1.22812404052809,1.981,,OTHER
2018,"Macao SAR, China",MAC,79178.6506290559,6.35917030567686,3.00446293166953,1.803,,OTHER
2019,"Macao SAR, China",MAC,75724.6078280261,-2.4609094006739,2.75193081051975,1.73,,OTHER
2020,"Macao SAR, China",MAC,33853.7761550109,-54.4020925789353,0.811410511491512,2.542,,OTHER
2021,"Macao SAR, China",MAC,41634.2386139903,22.4622020023362,0.0264543647055504,2.221,,OTHER
2022,"Macao SAR, China",MAC,34000.7134128308,-18.956941494497,1.04502802369954,2.446,,OTHER
2023,"Macao SAR, China",MAC,59474.3964251614,75.3084184293413,0.476384495788075,2.206,,OTHER
2024,"Macao SAR, China",MAC,63377.2932129214,7.84960207010525,0.672498598854365,2.262,,OTHER
2025,"Macao SAR, China",MAC,,,,2.347,,OTHER
2015,St. Martin (French part),MAF,,1.0,,,,OTHER
2016,St. Martin (French part),MAF,,5.0,,,,OTHER
2017,St. Martin (French part),MAF,,-8.00000324038295,,,,OTHER
2018,St. Martin (French part),MAF,,-7.99999506898229,,,,OTHER
2019,St. Martin (French part),MAF,,6.50000363700821,,,,OTHER
2020,St. Martin (French part),MAF,,-12.500002246731,,,,OTHER
2021,St. Martin (French part),MAF,,4.89999967133534,,,,OTHER
1990,Morocco,MAR,1695.63647460938,3.41181222630115,6.78259401511006,,4.14882504070243,OTHER
1991,Morocco,MAR,1786.76281738281,7.21608815359085,7.98616600790512,13.502,4.14284293740367,OTHER
1992,Morocco,MAR,1720.42248535156,-2.097738754022,5.7402466286874,13.781,4.29804827877283,OTHER
1993,Morocco,MAR,1680.71044921875,-0.740591700332374,5.18311396030801,14.026,4.65557168740476,OTHER
1994,Morocco,MAR,1830.88061523438,10.5880004161286,5.14167152953361,13.858,4.49381938880623,OTHER
1995,Morocco,MAR,1705.4482421875,-5.40544787197402,6.12358164775523,14.054,4.34741049396921,OTHER
1996,Morocco,MAR,1886.67224121094,12.3728762700496,2.98680922773017,13.362,3.94909292657436,OTHER
1997,Morocco,MAR,1828.96862792969,-1.56070234550782,1.03819895051614,14.025,4.19265940634305,OTHER
1998,Morocco,MAR,1931.74047851563,7.23855267691987,2.75311330764477,13.359,3.4563343607373,OTHER
1999,Morocco,MAR,1935.47875976563,1.6970614772566,0.684782608695643,13.94,2.42076323622306,OTHER
2000,Morocco,MAR,1957.14135742188,2.58218091499747,1.89463456763464,13.58,2.68517230679106,OTHER
2001,Morocco,MAR,2078.96606445313,7.72182519577728,0.619801875297975,12.46,3.72613588276971,OTHER
2002,Morocco,MAR,2127.50708007813,3.73019737485745,2.79561966936936,11.59,3.49178799247956,OTHER
2003,Morocco,MAR,2229.576171875,6.17110214953244,1.16773367477592,11.92,3.49420754151271,OTHER
2004,Morocco,MAR,2301.08178710938,4.57138016516208,1.49344403381774,10.83,3.24946757487646,OTHER
2005,Morocco,MAR,2342.15478515625,3.19224973015831,0.982641660015951,11.01,3.25799678207968,OTHER
2006,Morocco,MAR,2489.99291992188,7.7908200104027,3.28476166954811,9.67,3.10979654916899,OTHER
2007,Morocco,MAR,2540.615234375,3.44106776690418,2.04208512673344,9.56,3.04695366406602,OTHER
2008,Morocco,MAR,2648.58569335938,5.68453936284732,3.71484311494064,9.57,3.18350142755722,OTHER
2009,Morocco,MAR,2710.66650390625,3.74576940136258,0.971862998667636,8.96,3.28865184646812,OTHER
2010,Morocco,MAR,2767.04223632813,3.49955709403216,0.993557401226392,9.09,3.39079610106242,OTHER
2011,Morocco,MAR,2879.53930664063,5.52464523319847,0.9069249096918,8.91,3.29749523520352,OTHER
2012,Morocco,MAR,2927.45043945313,3.06234368502997,1.28712240079219,8.99,3.46275007931538,OTHER
2013,Morocco,MAR,3008.185546875,4.12221286860944,1.88065466724086,9.23,3.80578290120645,OTHER
2014,Morocco,MAR,3051.458984375,2.7192440802029,0.442310053557048,9.7,3.39845864113579,OTHER
2015,Morocco,MAR,3146.24780273438,4.34458297635238,1.5579071134626,9.46,2.95999792230728,OTHER
2016,Morocco,MAR,3124.42504882813,0.52118550608968,1.63531114327064,9.3,2.98211832955753,OTHER
2017,Morocco,MAR,3242.64428710938,5.05789816173446,0.754663249323619,9.22,2.94588992031474,OTHER
2018,Morocco,MAR,3304.7119140625,3.06564133025955,1.80391671141896,9.272,2.90288871579444,OTHER
2019,Morocco,MAR,3364.73950195313,2.89097476137077,0.303386036590383,9.191,2.86579837978571,OTHER
2020,Morocco,MAR,3090.89428710938,-7.17820744246774,0.705968661338261,11.189,3.97969764255599,OTHER
2021,Morocco,MAR,3309.130859375,8.15473889823681,1.40195883962006,10.551,3.74975618124605,OTHER
2022,Morocco,MAR,3334.91162109375,1.81269242194809,6.65704202759067,9.413,3.81341286888659,OTHER
2023,Morocco,MAR,3421.21704101563,3.65564411017931,6.09114152504141,8.896,3.59263420161027,OTHER
2024,Morocco,MAR,3516.15405273438,3.79336515978963,0.985256592004507,9.103,3.51575374206256,OTHER
2025,Morocco,MAR,,,,9.0,,OTHER
1990,Monaco,MCO,105878.37276656,2.64345417053957,,,,OTHER
1991,Monaco,MCO,106020.717884683,1.01512911296157,,,,OTHER
1992,Monaco,MCO,106558.024151992,1.36663952678862,,,,OTHER
1993,Monaco,MCO,104739.794413175,-0.913919721547302,,,,OTHER
1994,Monaco,MCO,106244.898612952,2.21562422660615,,,,OTHER
1995,Monaco,MCO,107691.087543628,2.11715302190068,,,,OTHER
1996,Monaco,MCO,108107.452988927,1.11073179729593,,,,OTHER
1997,Monaco,MCO,109747.029483889,2.23724927742614,,,,OTHER
1998,Monaco,MCO,112873.604489635,3.50326599643141,,,,OTHER
1999,Monaco,MCO,116084.581378187,3.30053899589946,,,,OTHER
2000,Monaco,MCO,120456.506337384,3.91022992758094,,,,OTHER
2001,Monaco,MCO,123122.12291461,2.18773369040099,,,,OTHER
2002,Monaco,MCO,124481.880220824,1.02649757327522,,,,OTHER
2003,Monaco,MCO,126022.239091348,1.08753654746801,,,,OTHER
2004,Monaco,MCO,129403.404955341,2.47048260499609,,,,OTHER
2005,Monaco,MCO,132253.218402608,1.89541410859198,,,,OTHER
2006,Monaco,MCO,140615.178788026,5.81764849670007,,,,OTHER
2007,Monaco,MCO,162028.480643444,14.4375144375144,,,,OTHER
2008,Monaco,MCO,163243.752211148,0.746871215179652,,,,OTHER
2009,Monaco,MCO,142375.532007071,-11.3369865758365,,,,OTHER
2010,Monaco,MCO,141814.78664157,2.06521962654098,,,,OTHER
2011,Monaco,MCO,148272.711991792,7.02235694617619,,,,OTHER
2012,Monaco,MCO,146472.677860476,1.01221841230461,,,,OTHER
2013,Monaco,MCO,157167.975027858,9.57709832354816,,,,OTHER
2014,Monaco,MCO,165288.200345355,7.18702777537968,,,,OTHER
2015,Monaco,MCO,170437.101188261,4.91037176536236,,,,OTHER
2016,Monaco,MCO,173120.189785092,3.00844358752744,,,,OTHER
2017,Monaco,MCO,165781.779121526,-3.20618323813213,,,,OTHER
2018,Monaco,MCO,173041.761057866,5.69790121192926,,,,OTHER
2019,Monaco,MCO,185582.7556905,7.12088951975396,,,,OTHER
2020,Monaco,MCO,161262.925884403,-13.2391048292108,,,,OTHER
2021,Monaco,MCO,194674.777609089,22.2322155851208,,,,OTHER
2022,Monaco,MCO,214359.605825981,11.2662955198601,,,,OTHER
2023,Monaco,MCO,225884.183303985,5.44395088840088,,,,OTHER
2024,Monaco,MCO,247170.219910657,8.51053758860212,,,,OTHER
1990,Moldova,MDA,3740.10149814887,,,,,OTHER
1991,Moldova,MDA,3137.8350172715,-16.0000002715149,,1.9,,OTHER
1992,Moldova,MDA,2225.17356234959,-29.0999999176414,1026.82626424702,3.7,,OTHER
1993,Moldova,MDA,2202.16445303219,-1.1999999330268,1613.60398876194,3.7,0.530067157581448,OTHER
1994,Moldova,MDA,1526.42524496526,-30.9000002261447,486.42562379589,5.8,0.773794067290296,OTHER
1995,Moldova,MDA,1511.95831765054,-1.39999905491376,29.8656104095718,5.3,0.925966651311053,OTHER
1996,Moldova,MDA,1425.9518091471,-5.87706028626823,23.5056772963368,7.9,0.906693656299238,OTHER
1997,Moldova,MDA,1454.80861555923,1.64706456037401,11.7728324494467,7.9,0.90277252095021,OTHER
1998,Moldova,MDA,1360.18161095544,-6.54219207711182,7.69576517517208,10.0,0.624855228169175,OTHER
1999,Moldova,MDA,1316.43254916007,-3.36825447657218,39.2559806891745,11.14,0.511299142949014,OTHER
2000,Moldova,MDA,1346.91567176561,2.10771608200733,31.2993015817784,8.539,0.395141963645816,OTHER
2001,Moldova,MDA,1432.2768928234,6.10000039929173,9.7646628575763,7.366,0.402592295464743,OTHER
2002,Moldova,MDA,1547.57421231612,7.79999965773833,5.30124390261587,6.845,0.419846605695363,OTHER
2003,Moldova,MDA,1654.36629303195,6.59999995777716,11.7460792058234,6.378,0.416381264465176,OTHER
2004,Moldova,MDA,1781.19145323724,7.39999973358189,12.5242768428228,6.374,0.360979036536125,OTHER
2005,Moldova,MDA,1919.44550763748,7.5000001493726,11.9591837222127,5.633,0.400235101204801,OTHER
2006,Moldova,MDA,2017.17730062908,4.79999983670831,12.7777557830351,4.26,0.48263447637712,OTHER
2007,Moldova,MDA,2082.51260097669,3.00000022585525,12.3671668414302,2.749,0.516193541658915,OTHER
2008,Moldova,MDA,2249.22589719372,7.80000014541523,12.783047261882,2.097,0.6085356171256,OTHER
2009,Moldova,MDA,2116.94357544097,-6.00000026352828,-0.0627185967108899,3.024,0.457886649076119,OTHER
2010,Moldova,MDA,2269.51116145996,7.10000010705836,7.48385086350851,2.972,0.262879174562087,OTHER
2011,Moldova,MDA,2402.94446306051,5.81816614684824,7.6872510335619,2.677,0.272949600366091,OTHER
2012,Moldova,MDA,2389.08666147529,-0.589733954762579,4.54633427355302,2.189,0.27407991661782,OTHER
2013,Moldova,MDA,2605.85029986142,9.0438656074181,4.59787897363127,1.894,0.281261545863777,OTHER
2014,Moldova,MDA,2737.80185056647,4.99962585407656,5.08878554625869,1.45,0.293185445408591,OTHER
2015,Moldova,MDA,2749.55137054338,-0.338235622387202,9.67624033101859,1.781,0.295624500989931,OTHER
2016,Moldova,MDA,2910.95486872376,4.64601436259409,6.35930898037931,1.591,0.344191282076352,OTHER
2017,Moldova,MDA,3085.33305844263,4.17561205106279,6.57022997455611,1.622,0.324532007174344,OTHER
2018,Moldova,MDA,3267.9961042872,4.07559546585034,3.04505397337071,1.239,0.332323743240549,OTHER
2019,Moldova,MDA,3438.67732670712,3.5523140853476,4.83778351428728,1.502,0.362122379105516,OTHER
2020,Moldova,MDA,3188.91691602699,-8.27597831976949,3.76597122245351,1.206,0.385463275729941,OTHER
2021,Moldova,MDA,3688.16729442144,13.9299997889786,5.10641129002835,0.794,0.370579924924369,OTHER
2022,Moldova,MDA,3611.95484733286,-4.6000000255323,28.7372976766235,0.909,0.360059008856848,OTHER
2023,Moldova,MDA,3760.7000642059,1.2000000493378,13.4170104381299,1.57,0.570612660188445,OTHER
2024,Moldova,MDA,3851.51202518347,0.103059364371205,4.67773516007052,1.427,0.597780838491135,OTHER
2025,Moldova,MDA,,,,1.505,,OTHER
1990,Madagascar,MDG,538.536275056569,3.12890505042525,11.7844838321357,,1.23151104450381,OTHER
1991,Madagascar,MDG,489.716098120013,-6.30635159237733,8.59264760490192,6.169,1.29634905775571,OTHER
1992,Madagascar,MDG,480.810932444988,1.18088494825233,14.5123786075771,6.275,0.769921868015948,OTHER
1993,Madagascar,MDG,476.159733326381,2.09992318110865,10.008361204014,6.317,1.12232401680386,OTHER
1994,Madagascar,MDG,461.397665709464,-0.042101302622072,38.9417908989239,6.106,0.926473487088508,OTHER
1995,Madagascar,MDG,454.537946632781,1.67859232120303,49.0802100590784,6.092,0.859887969729569,OTHER
1996,Madagascar,MDG,449.6280870806,2.15420447175147,19.7563545439776,6.092,1.23763444173934,OTHER
1997,Madagascar,MDG,451.303199370831,3.69349261691789,4.48638261737399,5.971,1.48191235942607,OTHER
1998,Madagascar,MDG,453.886174768872,3.91707460516817,6.2080160866332,5.901,1.34892749207597,OTHER
1999,Madagascar,MDG,460.034389996571,4.69922703680521,9.92953399348781,5.822,1.21022921655833,OTHER
2000,Madagascar,MDG,465.529509827021,4.45685893956946,11.859684500028,5.8,1.21751390900084,OTHER
2001,Madagascar,MDG,478.40561494987,5.98023576982733,7.91694484529586,5.35,1.43584760245284,OTHER
2002,Madagascar,MDG,406.70122213637,-12.4079711055149,16.4985255315846,5.515,1.31316157379668,OTHER
2003,Madagascar,MDG,433.601040301214,9.78489212474175,-1.70400479616298,5.01,1.32475732452129,OTHER
2004,Madagascar,MDG,443.278654985967,5.25700362208742,13.9558018033211,3.951,1.2482266720781,OTHER
2005,Madagascar,MDG,450.955230911228,4.75584509499119,18.3638246468932,2.62,1.07194154854732,OTHER
2006,Madagascar,MDG,461.540337897729,5.3985084485368,10.7656371554865,2.945,0.977431205130634,OTHER
2007,Madagascar,MDG,473.785462328449,5.71056419885052,10.2879663187671,3.202,0.961181513313121,OTHER
2008,Madagascar,MDG,490.963935389518,6.71263253913001,9.29650839381057,3.431,0.962892092840992,OTHER
2009,Madagascar,MDG,457.789754866068,-3.9787086116544,8.95421802392949,3.885,0.738132953446095,OTHER
2010,Madagascar,MDG,447.417143030687,0.619239744622121,9.24732173644116,4.28,0.570214687272478,OTHER
2011,Madagascar,MDG,441.755158414121,1.57842705366555,9.48254048582992,2.516,0.623191026336477,OTHER
2012,Madagascar,MDG,442.641500123543,3.01114811621208,5.71384434191053,0.599,0.592764957720632,OTHER
2013,Madagascar,MDG,440.674658903628,2.30037622800727,5.8264294445198,0.995,0.578559931839726,OTHER
2014,Madagascar,MDG,443.343869908205,3.33920311195367,6.08040811088302,1.385,0.556391260884791,OTHER
2015,Madagascar,MDG,445.320069480568,3.13229807490305,7.40419174202129,1.785,0.520469241195104,OTHER
2016,Madagascar,MDG,451.15659433146,3.99314606199499,6.03575858154679,1.949,0.501387044175783,OTHER
2017,Madagascar,MDG,456.851859574031,3.93330759462793,8.60905075422949,2.123,0.506222289767563,OTHER
2018,Madagascar,MDG,459.330367799543,3.19435651744398,8.59422958870476,2.303,0.532102174287315,OTHER
2019,Madagascar,MDG,467.27741349648,4.41123212909589,5.61051441492365,2.479,0.545343037675691,OTHER
2020,Madagascar,MDG,422.924255422319,-7.13767162064489,4.20179312190557,3.292,0.673153896375499,OTHER
2021,Madagascar,MDG,431.599103077746,4.65068343174309,5.81225118787715,3.498,0.67886477563931,OTHER
2022,Madagascar,MDG,438.516263353189,4.15609778386296,8.16059031991844,3.186,0.653151211221591,OTHER
2023,Madagascar,MDG,445.834551910581,4.20304615840668,9.87432675044888,3.044,0.647758015406905,OTHER
2024,Madagascar,MDG,453.383067004772,4.19999999988647,7.61335784313723,3.051,0.708648145396825,OTHER
2025,Madagascar,MDG,,,,3.041,,OTHER
1990,Maldives,MDV,4582.26127944099,16.9522974545621,3.64991197717477,,,OTHER
1991,Maldives,MDV,4507.19492955077,1.44269605394094,14.7136770282735,0.788,,OTHER
1992,Maldives,MDV,4671.99639313801,6.67082544437399,16.8559977535548,0.789,,OTHER
1993,Maldives,MDV,4803.909904607,5.55676907924001,20.1273593149248,0.796,,OTHER
1994,Maldives,MDV,5053.64633599107,7.74948623307952,3.38610098291493,0.793,,OTHER
1995,Maldives,MDV,5580.26342049427,12.9857843069314,5.48886133171504,0.79,,OTHER
1996,Maldives,MDV,5888.07241870662,7.85864699857959,6.24124591476026,1.019,,OTHER
1997,Maldives,MDV,6254.75856992657,8.39794100450224,7.57283467072592,1.25,,OTHER
1998,Maldives,MDV,6599.87173747822,7.4946829140504,-1.40425233816792,1.489,,OTHER
1999,Maldives,MDV,6889.01246088686,6.17565592929535,2.95370836069129,1.726,,OTHER
2000,Maldives,MDV,7037.08546104613,3.84581040832157,-1.17475681175946,1.97,,OTHER
2001,Maldives,MDV,6647.6503820039,-3.94363452271253,0.67257737006247,3.038,,OTHER
2002,Maldives,MDV,7012.25568873173,7.26838656139654,4.1786723990479,4.094,,OTHER
2003,Maldives,MDV,7845.29307409315,13.7500496410836,-1.26065113450354,5.126,,OTHER
2004,Maldives,MDV,8174.41607301248,5.92489251113133,-1.68541212459466,6.151,,OTHER
2005,Maldives,MDV,7141.88377049891,-11.1773097061784,1.30027500930997,7.313,,OTHER
2006,Maldives,MDV,8620.72814678183,23.6302719852686,2.73842131602099,8.345,,OTHER
2007,Maldives,MDV,8933.17166363858,7.13338024717898,6.79477353930168,9.421,,OTHER
2008,Maldives,MDV,9396.49733610486,8.97645459033633,12.0414583505108,10.361,,OTHER
2009,Maldives,MDV,8313.4098369723,-8.34069861571051,4.53017659132801,11.697,,OTHER
2010,Maldives,MDV,8569.52494600725,6.7854678229144,6.14988536750173,10.875,,OTHER
2011,Maldives,MDV,9005.81391375104,8.84342600490342,11.2734146055937,10.043,,OTHER
2012,Maldives,MDV,8907.66134868182,2.38928797963442,10.884695658563,9.134,,OTHER
2013,Maldives,MDV,9213.32791442475,6.97496226412528,3.8056300091943,8.295,,OTHER
2014,Maldives,MDV,9612.07861806739,7.86068643108074,2.12000175718134,7.461,,OTHER
2015,Maldives,MDV,9644.90655028145,3.86813536494475,0.953206658777607,6.611,,OTHER
2016,Maldives,MDV,9909.07669723415,6.37528306716864,0.502509413611612,5.771,,OTHER
2017,Maldives,MDV,10263.2991147672,7.07442863215275,2.81747338234509,5.377,,OTHER
2018,Maldives,MDV,10793.8941325367,8.5689555834747,-0.133373386117595,4.962,,OTHER
2019,Maldives,MDV,11194.9253748064,6.92305989050099,0.220029731065383,4.562,,OTHER
2020,Maldives,MDV,7295.60220956454,-32.9088287752921,-1.36977425569811,5.42,,OTHER
2021,Maldives,MDV,9759.2219360708,37.507870124321,0.543149688737013,5.016,,OTHER
2022,Maldives,MDV,10939.9963271738,13.8260895184139,2.33314337624567,4.303,,OTHER
2023,Maldives,MDV,11439.5364342871,4.94286301229583,2.92746542425035,4.019,,OTHER
2024,Maldives,MDV,11798.791369146,3.49440422654285,1.39979779674928,4.278,,OTHER
2025,Maldives,MDV,,,,4.514,,OTHER
1990,"Middle East, North Africa, Afghanistan & Pakistan",MEA,3503.00938473955,8.56206777728418,,,8.44882944253876,OTHER
1991,"Middle East, North Africa, Afghanistan & Pakistan",MEA,3481.04315576834,2.21780921268781,,7.96325856391227,9.49657154065551,OTHER
1992,"Middle East, North Africa, Afghanistan & Pakistan",MEA,3593.80859700427,6.27586710561184,,8.07196382177059,7.44883136839486,OTHER
1993,"Middle East, North Africa, Afghanistan & Pakistan",MEA,3582.51199988022,2.46196466969431,,8.52874979745686,7.57819468521543,OTHER
1994,"Middle East, North Africa, Afghanistan & Pakistan",MEA,3598.4777653756,3.08642735675602,,8.52159746477789,7.10971881739532,OTHER
1995,"Middle East, North Africa, Afghanistan & Pakistan",MEA,3622.08105132102,3.20723158482754,,8.74623216428901,6.11711941788789,OTHER
1996,"Middle East, North Africa, Afghanistan & Pakistan",MEA,3714.64635700312,5.09991967645024,,7.96657131190278,5.66157168173876,OTHER
1997,"Middle East, North Africa, Afghanistan & Pakistan",MEA,3775.77515016254,4.13212258292988,,7.77681950155754,6.11225542873185,OTHER
1998,"Middle East, North Africa, Afghanistan & Pakistan",MEA,3840.0063753833,4.1689377179365,,7.86215125968508,6.62951797094704,OTHER
1999,"Middle East, North Africa, Afghanistan & Pakistan",MEA,3854.12967671973,2.78817617985769,,8.10473132845309,5.82263506362561,OTHER
2000,"Middle East, North Africa, Afghanistan & Pakistan",MEA,4004.84887081865,6.36521122114011,,8.4169385368672,5.70004337700011,OTHER
2001,"Middle East, North Africa, Afghanistan & Pakistan",MEA,3989.70458625268,1.9627547253322,,8.42943669202,5.63239027930926,OTHER
2002,"Middle East, North Africa, Afghanistan & Pakistan",MEA,3980.86113304131,2.08621523762919,,8.48914200309222,5.28464008527218,OTHER
2003,"Middle East, North Africa, Afghanistan & Pakistan",MEA,4072.49109670511,4.69960688432892,,8.30300037305323,5.0043721603576,OTHER
2004,"Middle East, North Africa, Afghanistan & Pakistan",MEA,4292.69394546798,7.94070335176018,,7.54776306570901,4.69510459461626,OTHER
2005,"Middle East, North Africa, Afghanistan & Pakistan",MEA,4413.06728927417,5.28840925831997,,7.65760282606948,4.43420709129737,OTHER
2006,"Middle East, North Africa, Afghanistan & Pakistan",MEA,4564.98448996785,5.98815018985034,,7.22108801251314,4.23906334049967,OTHER
2007,"Middle East, North Africa, Afghanistan & Pakistan",MEA,4689.93167710735,5.23301132882172,,6.82070410411982,4.22417090854653,OTHER
2008,"Middle East, North Africa, Afghanistan & Pakistan",MEA,4780.09426990896,4.3765405545584,,6.58386551452509,3.99915460080149,OTHER
2009,"Middle East, North Africa, Afghanistan & Pakistan",MEA,4720.39884992496,1.11825830274377,,6.71404844364157,4.73689468190692,OTHER
2010,"Middle East, North Africa, Afghanistan & Pakistan",MEA,4846.87350895943,4.80966519096368,,6.85675050559872,4.50382086799842,OTHER
2011,"Middle East, North Africa, Afghanistan & Pakistan",MEA,4921.0673637503,3.84226414950793,,7.23452105809906,4.27976999604269,OTHER
2012,"Middle East, North Africa, Afghanistan & Pakistan",MEA,5018.45851427188,4.24819927226845,,8.34766826613965,4.43005417608861,OTHER
2013,"Middle East, North Africa, Afghanistan & Pakistan",MEA,5030.48983466441,2.41717330451516,,7.92975020058705,4.97195388593787,OTHER
2014,"Middle East, North Africa, Afghanistan & Pakistan",MEA,5086.55092778754,3.12206429423114,,7.64519859427481,5.43969718805539,OTHER
2015,"Middle East, North Africa, Afghanistan & Pakistan",MEA,5125.68064083245,2.77016552351637,,8.36498933286657,6.0520976287708,OTHER
2016,"Middle East, North Africa, Afghanistan & Pakistan",MEA,5259.35921867209,4.49846676594123,,8.0751146709309,5.14743484637978,OTHER
2017,"Middle East, North Africa, Afghanistan & Pakistan",MEA,5279.9701627926,2.07651843299037,,8.5198428948238,5.26982822225602,OTHER
2018,"Middle East, North Africa, Afghanistan & Pakistan",MEA,5321.7434512062,2.3999522914998,,8.53535637968998,5.03550254408329,OTHER
2019,"Middle East, North Africa, Afghanistan & Pakistan",MEA,5316.51746627674,1.59137160696825,,8.33082967841649,4.73528608513612,OTHER
2020,"Middle East, North Africa, Afghanistan & Pakistan",MEA,5033.14208530647,-3.58499748950123,,9.14819309323363,5.00384991567727,OTHER
2021,"Middle East, North Africa, Afghanistan & Pakistan",MEA,5209.67271136343,5.03631361698847,,9.00366611562493,4.53950029252585,OTHER
2022,"Middle East, North Africa, Afghanistan & Pakistan",MEA,5440.81530487828,6.4465289217368,,8.23898776216766,4.14435378306996,OTHER
2023,"Middle East, North Africa, Afghanistan & Pakistan",MEA,5455.97429791083,2.25920706136691,,7.79272191834479,4.68417464308048,OTHER
2024,"Middle East, North Africa, Afghanistan & Pakistan",MEA,5466.08902649321,2.11232485351741,,7.8404049815873,5.10209564764573,OTHER
2025,"Middle East, North Africa, Afghanistan & Pakistan",MEA,,,,7.79483882954434,,OTHER
1990,Mexico,MEX,8036.86114412537,5.25004329944582,26.6516725646771,,0.433081035474032,OTHER
1991,Mexico,MEX,8197.01179494896,3.97590497138043,22.662359455061,3.145,0.435402300782292,OTHER
1992,Mexico,MEX,8330.26426802488,3.56861354412243,15.5078962533573,3.235,0.469454655731209,OTHER
1993,Mexico,MEX,8411.79621338297,2.86699945461075,9.75146045357553,3.365,0.400441266975791,OTHER
1994,Mexico,MEX,8623.48043007968,4.39412788764169,6.96581237191123,4.436,0.476011477226271,OTHER
1995,Mexico,MEX,7970.64038496182,-5.91029962358286,34.9992712889592,7.095,0.411044545371404,OTHER
1996,Mexico,MEX,8320.65295694833,6.21829715869302,34.3783832235168,5.465,0.43569107787377,OTHER
1997,Mexico,MEX,8770.84481553539,7.19887615284711,20.6256287259247,4.235,0.417243861215643,OTHER
1998,Mexico,MEX,9161.89527783381,6.18507893082885,15.9283950119353,3.733,0.405987604918763,OTHER
1999,Mexico,MEX,9264.97729259968,2.75503039300564,16.5856169707538,2.598,0.420263793911023,OTHER
2000,Mexico,MEX,9581.96970210753,5.02928399378261,9.49156149435403,2.646,0.4085181378342,OTHER
2001,Mexico,MEX,9398.35074355724,-0.450845253215945,6.36773806235037,2.627,0.405679210443065,OTHER
2002,Mexico,MEX,9242.27886130016,-0.236588001922641,5.03072733151295,3.003,0.391316389699324,OTHER
2003,Mexico,MEX,9221.99666693097,1.18554486709559,4.54690012118718,3.455,0.386714351968895,OTHER
2004,Mexico,MEX,9421.28975988024,3.56544100946846,4.68840884843143,3.937,0.348326583014086,OTHER
2005,Mexico,MEX,9491.51730225718,2.11324712586392,3.98805714597437,3.558,0.340404650226474,OTHER
2006,Mexico,MEX,9813.8280424425,4.80501352746852,3.62946762439132,3.566,0.297483414235144,OTHER
2007,Mexico,MEX,9877.69532644737,2.07786393438754,3.96684905458235,3.628,0.383092431979546,OTHER
2008,Mexico,MEX,9826.3421836048,0.943331863036903,5.12498274575896,3.874,0.37317675556547,OTHER
2009,Mexico,MEX,9074.1188145564,-6.29525055780502,5.29735584228856,5.356,0.478488795822754,OTHER
2010,Mexico,MEX,9389.06722084275,4.9713345832195,4.15672722680174,5.303,0.433229899207479,OTHER
2011,Mexico,MEX,9575.93437788582,3.44404505794418,3.40737824605742,5.175,0.447386999972132,OTHER
2012,Mexico,MEX,9782.51776305354,3.55321075993527,4.11150981070289,4.892,0.455502051174913,OTHER
2013,Mexico,MEX,9738.71059803658,0.852101559410627,3.80639069747204,4.921,0.48764287589738,OTHER
2014,Mexico,MEX,9862.48125444199,2.50376350288664,4.01861608078679,4.819,0.495321031372806,OTHER
2015,Mexico,MEX,10021.2386118827,2.70232342550646,2.72064064964023,4.311,0.45074282393045,OTHER
2016,Mexico,MEX,10100.5021214015,1.77249323845399,2.8217078474766,3.853,0.480046272445401,OTHER
2017,Mexico,MEX,10193.7727193457,1.87172853327193,6.04145724018986,3.419,0.424849155540147,OTHER
2018,Mexico,MEX,10296.8690928534,1.97208209405635,4.89935015356551,3.275,0.464611544931539,OTHER
2019,Mexico,MEX,10159.4448364319,-0.392690505066824,3.63596142127046,3.477,0.509337628297564,OTHER
2020,Mexico,MEX,9234.64362317923,-8.35403458167995,3.39683415570006,4.44,0.717690608258695,OTHER
2021,Mexico,MEX,9728.05680032556,6.0484834621255,5.68920847683753,4.019,0.659404192954647,OTHER
2022,Mexico,MEX,10013.2479236143,3.70975709163623,7.8962761916855,3.256,0.685819352028866,OTHER
2023,Mexico,MEX,10259.1766616403,3.35354140652768,5.52796087314389,2.765,0.660371879752505,OTHER
2024,Mexico,MEX,10316.4611902215,1.42742769080466,4.72225588452932,2.678,0.893257529320534,OTHER
2025,Mexico,MEX,,,,2.673,,OTHER
1990,Marshall Islands,MHL,3148.09977817114,2.67624654001773,,,,OTHER
1991,Marshall Islands,MHL,3085.93530547753,0.0877993120756031,,,,OTHER
1992,Marshall Islands,MHL,3247.85289298957,7.14088119818035,,,,OTHER
1993,Marshall Islands,MHL,3391.38513154821,6.00624977598774,,,,OTHER
1994,Marshall Islands,MHL,3544.13564721663,5.87769745883959,,,,OTHER
1995,Marshall Islands,MHL,3791.20498901919,8.21329431843584,,,,OTHER
1996,Marshall Islands,MHL,3365.11122501281,-10.3029571066249,,,,OTHER
1997,Marshall Islands,MHL,3117.27400069023,-6.4456755576108,,,,OTHER
1998,Marshall Islands,MHL,3067.73739364805,-0.674095984599532,,,,OTHER
1999,Marshall Islands,MHL,2997.54989841042,-1.33472157840318,,,,OTHER
2000,Marshall Islands,MHL,3040.59677355737,2.45443006851272,,,,OTHER
2001,Marshall Islands,MHL,3224.7911898754,6.93004446202892,,,,OTHER
2002,Marshall Islands,MHL,3322.41127856101,3.63579015049041,,,,OTHER
2003,Marshall Islands,MHL,3256.97244330835,-1.56167510462087,,,,OTHER
2004,Marshall Islands,MHL,3234.15265200518,-0.408355471416314,,,,OTHER
2005,Marshall Islands,MHL,3284.78403267445,1.79104477611941,,,,OTHER
2006,Marshall Islands,MHL,3285.12078781351,0.175953079178882,,,,OTHER
2007,Marshall Islands,MHL,3403.47842798117,3.68852459016394,,,,OTHER
2008,Marshall Islands,MHL,3146.26177205458,-7.56634669678148,,,,OTHER
2009,Marshall Islands,MHL,3262.26955535477,3.66524129505193,,,,OTHER
2010,Marshall Islands,MHL,3441.31888402121,5.53918680023571,,,,OTHER
2011,Marshall Islands,MHL,3433.06297801838,-0.502512562814076,,,,OTHER
2012,Marshall Islands,MHL,3420.91444796671,-1.29068462401796,,,,OTHER
2013,Marshall Islands,MHL,3602.92811901896,3.80898237635019,,,,OTHER
2014,Marshall Islands,MHL,3620.77275283155,-1.25958378970427,,,,OTHER
2015,Marshall Islands,MHL,3764.34426229508,1.88574597892401,,,,OTHER
2016,Marshall Islands,MHL,3946.8444109078,2.5040827436037,,,,OTHER
2017,Marshall Islands,MHL,4190.93468589482,3.55815188528943,,,,OTHER
2018,Marshall Islands,MHL,4542.34293916308,5.48717948717949,,,,OTHER
2019,Marshall Islands,MHL,5162.81500670348,10.4521147301896,,,,OTHER
2020,Marshall Islands,MHL,5172.57528216176,-2.77288732394366,,,,OTHER
2021,Marshall Islands,MHL,5455.31642282232,2.15938183019058,,,,OTHER
2022,Marshall Islands,MHL,5591.46421459004,-0.700563926576777,,,,OTHER
2023,Marshall Islands,MHL,5482.44553639985,-5.00791779654826,,,,OTHER
2024,Marshall Islands,MHL,5811.03355673487,2.50192717852873,,,,OTHER
1990,Middle income,MIC,1702.28337823369,3.26488399155596,,,2.46557637797026,OTHER
1991,Middle income,MIC,1718.96038093777,2.9077170798941,,4.61513992758544,2.21322026166361,OTHER
1992,Middle income,MIC,1761.73779262113,4.35198614209126,,4.68043342060315,2.12079941832368,OTHER
1993,Middle income,MIC,1820.01362787693,5.11884770060394,,4.88064691663017,1.9865179399215,OTHER
1994,Middle income,MIC,1883.12840441002,5.23334633386929,,5.14242714622036,1.96041810353506,OTHER
1995,Middle income,MIC,1937.69576067125,4.62073889764947,,5.39659604636452,1.99164951037997,OTHER
1996,Middle income,MIC,2026.00979074927,6.28027801018989,,5.47835305534338,1.92109677884171,OTHER
1997,Middle income,MIC,2106.63358930011,5.66409764911857,,5.52299509996656,1.86495719864956,OTHER
1998,Middle income,MIC,2142.24253100406,3.30386023738174,,5.70694502615219,1.80765305408192,OTHER
1999,Middle income,MIC,2188.26765208657,3.7142875494964,,5.88534588737734,1.91893660845401,OTHER
2000,Middle income,MIC,2277.27178754853,5.62677084770814,,5.86482215984168,1.83511738009937,OTHER
2001,Middle income,MIC,2326.35581527473,3.64964924589266,,6.03024850732525,1.8804641012747,OTHER
2002,Middle income,MIC,2404.29239657687,4.79269220753709,,6.22958469299709,1.91393396435658,OTHER
2003,Middle income,MIC,2513.07600926272,5.94257754893157,,6.29719027444246,1.86349592718557,OTHER
2004,Middle income,MIC,2671.06832098,7.72326005076143,,6.17385389686565,1.81567056830008,OTHER
2005,Middle income,MIC,2831.05223711224,7.3938740151179,,6.15853119262441,1.77681364505945,OTHER
2006,Middle income,MIC,3026.12925447476,8.2760879441432,,5.96679299894577,1.72172797624907,OTHER
2007,Middle income,MIC,3254.29975423416,8.89954826395221,,5.87608645057118,1.68899142540297,OTHER
2008,Middle income,MIC,3404.98708871015,5.95950916544223,,5.87229754868276,1.69920009736936,OTHER
2009,Middle income,MIC,3497.74128828918,4.02815612964416,,6.08071155164535,1.90263217787837,OTHER
2010,Middle income,MIC,3737.17369206799,8.19532264633453,,5.85017441431265,1.76211089111821,OTHER
2011,Middle income,MIC,3929.35951257039,6.47282729933197,,5.77824724069607,1.66478252246701,OTHER
2012,Middle income,MIC,4098.86423214222,5.65933434134627,,5.80237450251584,1.6994878024291,OTHER
2013,Middle income,MIC,4276.8418859906,5.66852747768894,,5.77006457117913,1.71839687797726,OTHER
2014,Middle income,MIC,4444.30945842191,5.21265502285895,,5.75062867638151,1.74029100825583,OTHER
2015,Middle income,MIC,4602.51682691609,4.79323569638039,,5.9395730547184,1.74955749937226,OTHER
2016,Middle income,MIC,4768.02490169307,4.79383614545684,,6.02106354455131,1.75282360339592,OTHER
2017,Middle income,MIC,4967.67314800986,5.37943975618825,,6.06288569127333,1.72309117482388,OTHER
2018,Middle income,MIC,5160.5638050536,5.01977524585536,,6.01571305676214,1.68260825151512,OTHER
2019,Middle income,MIC,5320.7385938622,4.17222345719388,,5.86438207211019,1.68116403334285,OTHER
2020,Middle income,MIC,5211.08110372645,-1.12103096286303,,6.69993931452761,1.77138651716163,OTHER
2021,Middle income,MIC,5552.64149986246,7.46158157346059,,6.1975169341469,1.62071607399972,OTHER
2022,Middle income,MIC,5731.4739020229,4.00728998415605,,5.43225929726469,1.67521392299895,OTHER
2023,Middle income,MIC,5965.65860396171,4.88060310294016,,4.96898586111354,1.78516197132427,OTHER
2024,Middle income,MIC,6177.02279223057,4.38303528532211,,4.917823771954,1.81846701986656,OTHER
2025,Middle income,MIC,,,,4.88571220068297,,OTHER
1990,North Macedonia,MKD,3534.32265095546,,,,,OTHER
1991,North Macedonia,MKD,3328.63950847977,-6.17076764806545,,24.5,,OTHER
1992,North Macedonia,MKD,3146.02235459166,-6.56519867685854,,26.3,,OTHER
1993,North Macedonia,MKD,2948.27151752275,-7.46927131858557,,27.7,,OTHER
1994,North Macedonia,MKD,2917.05894611342,-1.75816618126913,126.583368336245,30.0,,OTHER
1995,North Macedonia,MKD,2876.0722287817,-1.11472769414412,16.3735889723569,35.6,,OTHER
1996,North Macedonia,MKD,2889.88516353778,1.18510388873231,2.46660008582917,38.8,2.81367674231936,OTHER
1997,North Macedonia,MKD,2954.5238308875,1.43998133659125,1.29436487155047,36.0,2.12824694412777,OTHER
1998,North Macedonia,MKD,3038.13983382569,3.37873564718296,0.544199652523073,34.5,2.09823976120451,OTHER
1999,North Macedonia,MKD,3154.84918240006,4.33902791307588,-1.27928657572628,32.4,1.71382060586219,OTHER
2000,North Macedonia,MKD,3283.37934095351,4.54913578288874,6.60742291038536,32.2,1.850821459557,OTHER
2001,North Macedonia,MKD,3169.32514368931,-3.06725662451662,5.19888525744048,30.52,6.10039562766158,OTHER
2002,North Macedonia,MKD,3240.11064526089,1.49366547202928,2.31459794083216,31.94,2.64559751876128,OTHER
2003,North Macedonia,MKD,3307.92040834712,2.22260165732409,0.855562122724219,36.69,2.34170115867248,OTHER
2004,North Macedonia,MKD,3473.76544811451,4.67408957960916,-0.448650206551934,37.161,2.38010407130392,OTHER
2005,North Macedonia,MKD,3657.56307699216,4.72408864201974,0.525515950714247,37.32,2.02926330577443,OTHER
2006,North Macedonia,MKD,3866.74650622977,5.13702516153505,3.21362929606345,36.392,1.83653768735825,OTHER
2007,North Macedonia,MKD,4140.63354809364,6.47348685752347,2.2517579830545,35.231,1.95006969471653,OTHER
2008,North Macedonia,MKD,4392.5507164151,5.47200139015595,8.33189666968108,33.93,1.74234086894233,OTHER
2009,North Macedonia,MKD,4405.20045750867,-0.358614856979671,-0.739633963061192,32.351,1.68816456224776,OTHER
2010,North Macedonia,MKD,4582.36517512347,3.35875085773812,1.50997522027613,33.135,1.38215461102863,OTHER
2011,North Macedonia,MKD,4711.13027870081,2.33988604520331,3.9047542206974,31.502,1.26218709982742,OTHER
2012,North Macedonia,MKD,4708.05168535923,-0.456183223607937,3.31605566687647,31.096,1.22531966171625,OTHER
2013,North Macedonia,MKD,4863.68088666968,2.92525766450484,2.78500056726109,29.017,1.16943718855289,OTHER
2014,North Macedonia,MKD,5053.75001236367,3.62912351276373,-0.281705032928494,28.215,1.09296080025624,OTHER
2015,North Macedonia,MKD,5262.68671928674,3.85586514041738,-0.299920475631462,26.395,0.99342769175221,OTHER
2016,North Macedonia,MKD,5429.94678358359,2.84820519363306,-0.239290787684501,24.312,0.970115977909212,OTHER
2017,North Macedonia,MKD,5510.81862920922,1.08177273813243,1.35161889677442,22.857,0.895041406541028,OTHER
2018,North Macedonia,MKD,5698.39334484489,2.88059670964267,1.45831298507126,21.208,0.943108732670231,OTHER
2019,North Macedonia,MKD,5961.58475399191,3.91041953840173,0.766439573459805,17.414,1.15911628553257,OTHER
2020,North Macedonia,MKD,5743.72649424581,-4.68845000956652,1.20007348888469,16.575,1.24058656980426,OTHER
2021,North Macedonia,MKD,6064.92315120022,4.51067949038222,3.23074912132928,15.801,1.45370889108625,OTHER
2022,North Macedonia,MKD,6250.62720952063,2.75888415332967,14.2047173195833,14.476,1.58059754666542,OTHER
2023,North Macedonia,MKD,6423.99221393369,2.554965253403,9.36187249769015,13.174,1.69322815512816,OTHER
2024,North Macedonia,MKD,6628.84686594032,2.99373536567732,3.48974086026954,12.265,2.10352863426818,OTHER
2025,North Macedonia,MKD,,,,12.256,,OTHER
1990,Mali,MLI,589.775405883669,-5.28752137337739,0.606339703737523,,1.95649418287434,A
1991,Mali,MLI,651.363081549537,12.6572078867442,1.80042722001858,1.399,,A
1992,Mali,MLI,606.068363323528,-5.05918121731715,-6.24250599520425,1.483,,A
1993,Mali,MLI,619.374429340424,4.34822769920969,-0.263767884261804,1.419,1.56379346508086,A
1994,Mali,MLI,640.081008924462,5.59168809130144,23.1767911524285,1.512,1.43802626563637,A
1995,Mali,MLI,630.924447487992,0.728693727529304,13.4417696811974,1.464,1.49701708229888,A
1996,Mali,MLI,656.777675992751,6.36569576842297,6.80545996788233,1.421,1.42841059416252,A
1997,Mali,MLI,668.480326659359,4.12133954321507,-0.362999795946695,1.411,1.49685223773671,A
1998,Mali,MLI,695.126372031158,6.65326037456275,4.03658945954986,1.342,1.40463231082634,A
1999,Mali,MLI,707.881746309111,4.70587926246569,-1.20190368637502,1.358,1.49228992788343,A
2000,Mali,MLI,682.49742045713,-0.736019991927179,-0.677661659046769,1.412,1.47864974445751,A
2001,Mali,MLI,766.960343246307,15.8060317406145,5.18701191944068,1.332,1.29517222790027,A
2002,Mali,MLI,766.073669042446,3.03627540842406,5.03282275711194,1.36,1.26885043144455,A
2003,Mali,MLI,814.808466525191,9.79712256129343,-1.34672619047621,1.272,1.4193331132051,A
2004,Mali,MLI,800.501816706213,1.47732490222614,-3.09978128063957,1.413,1.42199884362637,A
2005,Mali,MLI,794.373328211361,2.53837834867178,6.39788293897883,1.367,1.38431204093435,A
2006,Mali,MLI,797.100532884951,3.6896026526873,1.54352596927582,1.395,1.39141541039687,A
2007,Mali,MLI,784.893915016638,1.76004607889122,1.41200201714577,1.372,1.35503402826002,A
2008,Mali,MLI,787.156518987615,3.63871070955426,9.17098813667678,1.383,1.46571486807421,A
2009,Mali,MLI,803.486738927624,5.45473562577585,2.46375188572299,1.406,1.41866425479876,A
2010,Mali,MLI,821.181286587872,5.57678859838062,1.10892690670186,1.375,1.37456680820104,A
2011,Mali,MLI,818.399030995547,2.93537897086446,2.95564395229392,1.403,1.2410333300729,A
2012,Mali,MLI,786.323471336853,-1.07239924132972,5.32312847064058,1.462,1.19640574526633,A
2013,Mali,MLI,788.819448205749,3.29068742019345,-0.606736356351563,1.517,1.16137913160626,A
2014,Mali,MLI,813.975661285204,6.50263878409685,0.883814547137841,1.476,1.51593383195421,A
2015,Mali,MLI,838.11986940103,6.23887890197454,1.45069057605961,1.404,2.36017445199795,A
2016,Mali,MLI,860.75307554569,6.00506308559498,-1.79964707083386,1.367,2.58613087357125,A
2017,Mali,MLI,878.561348377434,5.37554769639952,1.75985742927165,1.498,3.02860111373814,A
2018,Mali,MLI,892.978322791418,4.86784999991505,0.299546507387843,1.62,2.82359553728652,A
2019,Mali,MLI,909.751069703313,4.99999911608818,-1.65826694846365,3.29,2.75271658139503,A
2020,Mali,MLI,872.389426814294,-1.16910834828603,0.438088940320669,3.528,3.39955821425498,A
2021,Mali,MLI,872.332509419855,3.10094124444834,3.92560283104277,4.006,3.38177520702573,A
2022,Mali,MLI,877.817842432934,3.70319027595568,9.62147608489064,2.387,3.09091717190995,A
2023,Mali,MLI,892.360907760383,4.72541109080376,2.05880228274223,2.947,3.77364142226059,A
2024,Mali,MLI,909.755317910813,4.99226917482922,3.2063986409966,2.924,4.1981465701254,A
2025,Mali,MLI,,,,2.831,,A
1990,Malta,MLT,10067.7520087393,6.29139095831148,2.9834058606356,,0.914918012232462,OTHER
1991,Malta,MLT,10413.179334802,6.25649306881415,2.54219284786975,6.335,0.871119892244603,OTHER
1992,Malta,MLT,10789.7667872192,4.69093217230623,1.63321209889045,6.333,0.973183398963503,OTHER
1993,Malta,MLT,11161.1976052253,4.48074912682689,4.14481954180488,6.332,1.00196104784451,OTHER
1994,Malta,MLT,11682.1569740746,5.65110409211232,4.12992181638259,6.331,1.02405911504141,OTHER
1995,Malta,MLT,12336.7913490463,6.34249258769448,4.42664550286654,6.33,0.839629966950651,OTHER
1996,Malta,MLT,12719.015202376,3.77733566668861,2.05400000000009,6.329,0.871057168117547,OTHER
1997,Malta,MLT,13286.7170509793,5.25698091440572,3.11207791953272,6.328,0.822349255968959,OTHER
1998,Malta,MLT,13877.2541047609,5.12560097165955,2.38525135417661,6.326,0.725207281017275,OTHER
1999,Malta,MLT,14446.3559977251,4.71997595160968,2.13476888806386,6.325,0.68064007256322,OTHER
2000,Malta,MLT,17178.3773811056,19.6812692571542,2.36959287531806,6.324,0.628078156689517,OTHER
2001,Malta,MLT,16920.7309706609,-0.757203079411141,2.92949244324104,7.107,0.666190034371232,OTHER
2002,Malta,MLT,17255.4299440987,2.74113514481881,2.18849048060549,6.902,0.637560681968479,OTHER
2003,Malta,MLT,17775.4264786392,3.69331046215919,1.30383777442602,7.488,0.629824750823065,OTHER
2004,Malta,MLT,17728.3659761648,0.407354470561188,2.79082848067754,7.317,0.663925031267677,OTHER
2005,Malta,MLT,18123.2685184554,2.88123523900146,3.00796652450313,6.923,0.822526574900827,OTHER
2006,Malta,MLT,18479.213008171,2.33618945029086,2.77378006481472,6.798,0.655773991501952,OTHER
2007,Malta,MLT,19342.3252929886,5.03640168136971,1.24921923797629,6.472,0.618983130615608,OTHER
2008,Malta,MLT,20064.4610845081,4.41059660584338,4.25862171897073,5.977,0.613354639613187,OTHER
2009,Malta,MLT,19635.9157805971,-1.39524973471087,2.08432746082343,6.896,0.676723897394339,OTHER
2010,Malta,MLT,20750.6479461598,6.19735041110465,1.51563513618532,6.861,0.646212685652893,OTHER
2011,Malta,MLT,20867.9310851632,0.99220191192282,2.9629852819288,6.388,0.571705680644883,OTHER
2012,Malta,MLT,21529.3982167566,4.10167392241412,2.37582057760386,6.203,0.519475728040563,OTHER
2013,Malta,MLT,22626.4981391343,6.29233375866998,1.1802843636655,6.115,0.498340372182382,OTHER
2014,Malta,MLT,23866.0667851301,7.63136360845897,0.310306472181665,5.737,0.476026297334065,OTHER
2015,Malta,MLT,25529.6813337717,9.62070315764963,1.10054826378929,5.389,0.456932902032034,OTHER
2016,Malta,MLT,25969.5120352027,4.07800355932196,0.642702771527304,4.694,0.496660141239844,OTHER
2017,Malta,MLT,28546.6597365912,12.9713424962459,1.36435448150708,4.008,0.456702678272601,OTHER
2018,Malta,MLT,29536.8052374716,7.18921479603796,1.15782362451517,3.956,0.414176632611117,OTHER
2019,Malta,MLT,29522.661886008,4.08505582134097,1.6420600176894,4.08,0.491258185670287,OTHER
2020,Malta,MLT,27861.8202844538,-3.45728276294712,0.638544956776712,4.856,0.527674290511624,OTHER
2021,Malta,MLT,31436.3493030938,13.4117042939322,1.49789217934724,3.754,0.446085155562138,OTHER
2022,Malta,MLT,31430.6187070236,2.48309993837792,6.15375621933037,3.471,0.411834981751042,OTHER
2023,Malta,MLT,33408.2005015872,10.6215185022616,5.09396758978883,3.479,0.504866253628109,OTHER
2024,Malta,MLT,34670.0815997119,6.79990300224401,1.65079469283109,3.1,0.451123319487248,OTHER
2025,Malta,MLT,,,,2.896,,OTHER
1990,Myanmar,MMR,170.233436728781,2.81693327328911,17.6267750314504,,3.39589051013222,A
1991,Myanmar,MMR,166.71043994981,-0.650616908622624,32.2720382866416,0.828,3.17100459309858,A
1992,Myanmar,MMR,180.333227419724,9.66094245346783,21.9132104007913,0.796,3.35451793339882,A
1993,Myanmar,MMR,188.680525347254,6.03941022663199,31.83160687276,0.779,3.52310856153263,A
1994,Myanmar,MMR,200.124788544139,7.47795835834528,24.0987860757019,0.739,3.54112112764238,A
1995,Myanmar,MMR,211.265635947401,6.94805143702995,25.1947123972847,0.754,3.68483237946254,A
1996,Myanmar,MMR,222.01335977894,6.44271534713997,16.2753966377374,0.753,3.49342786434001,A
1997,Myanmar,MMR,231.587954119212,5.65158296304853,29.6972325791529,0.764,2.31372237705347,A
1998,Myanmar,MMR,242.132148134742,5.86621315328905,51.4875497504079,0.772,2.53962410781848,A
1999,Myanmar,MMR,265.455335148419,10.9451299817104,18.4010433741609,0.75,2.1389500494262,A
2000,Myanmar,MMR,298.590464510138,13.7459305561226,-0.109165514668565,0.712,2.30851230754143,A
2001,Myanmar,MMR,328.973872713504,11.3439970699605,21.101305376923,0.689,1.94785828446242,A
2002,Myanmar,MMR,364.855800197477,12.0255134340315,57.0745112621703,0.685,1.48187129901045,A
2003,Myanmar,MMR,411.498764127557,13.8439968903798,36.5897175323924,0.686,2.07081478779187,A
2004,Myanmar,MMR,463.33013572168,13.5646616163416,4.53421374129692,0.677,1.92006952835836,A
2005,Myanmar,MMR,522.099544791815,13.5689500216456,9.36861814196704,0.672,1.66965386990714,A
2006,Myanmar,MMR,586.085579935448,13.0761013792372,19.9964873359214,0.676,,A
2007,Myanmar,MMR,651.729730899198,11.9914352402146,35.0245970717698,0.684,,A
2008,Myanmar,MMR,714.620419027129,10.2553053929808,26.7995371934022,0.7,,A
2009,Myanmar,MMR,785.634853168658,10.5500090961932,1.47234311385647,0.712,,A
2010,Myanmar,MMR,854.932478027749,9.6344394520444,7.71838195873614,0.725,,A
2011,Myanmar,MMR,895.512538762631,5.59148237823661,5.0214601462073,0.749,,A
2012,Myanmar,MMR,953.123081936485,7.33267044704149,1.46758322674679,0.768,4.12480380212694,A
2013,Myanmar,MMR,1024.69060474658,8.42600102501767,5.64303883425501,0.775,4.11633459177026,A
2014,Myanmar,MMR,1099.24387751605,8.16990745558277,4.953299184844,0.763,3.78953444074754,A
2015,Myanmar,MMR,1166.73305547935,6.99284029026121,9.45417189526018,0.766,4.30136045141842,A
2016,Myanmar,MMR,1225.37913972668,5.86247291518572,6.92882525816076,1.058,4.08929730356682,A
2017,Myanmar,MMR,1290.56409027458,6.13610824360305,4.5725365531752,1.356,3.64194876170774,A
2018,Myanmar,MMR,1361.56831265985,6.26886221471075,6.87232865662935,0.767,2.3597905591242,A
2019,Myanmar,MMR,1440.98988238708,6.57911006765414,8.82506696804558,0.407,2.18974000019248,A
2020,Myanmar,MMR,1301.3138635245,-9.04834717984643,,1.476,3.12332883859715,A
2021,Myanmar,MMR,1136.99566055698,-12.0163724829177,,4.34,4.07092298980473,A
2022,Myanmar,MMR,1174.76697947364,4.0374934360085,,3.063,4.17058942838215,A
2023,Myanmar,MMR,1177.76649647177,0.958446625126115,,2.977,3.75371612518577,A
2024,Myanmar,MMR,1158.47928099316,-0.97204641363362,,2.887,6.79452485229039,A
2025,Myanmar,MMR,,,,3.047,,A
1990,"Middle East, North Africa, Afghanistan & Pakistan (excluding high income)",MNA,2055.40315083479,9.88011539775609,,,,OTHER
1991,"Middle East, North Africa, Afghanistan & Pakistan (excluding high income)",MNA,2022.73873837931,1.21299723882882,,8.04281882929149,3.62318400558532,OTHER
1992,"Middle East, North Africa, Afghanistan & Pakistan (excluding high income)",MNA,2065.44308205719,4.96488369309141,,8.15777841491164,3.67093391229832,OTHER
1993,"Middle East, North Africa, Afghanistan & Pakistan (excluding high income)",MNA,2041.77269749542,1.53899292604638,,8.6904598679539,3.98294153539071,OTHER
1994,"Middle East, North Africa, Afghanistan & Pakistan (excluding high income)",MNA,2036.49824266504,2.31010962788922,,8.75493973614969,4.20658572602363,OTHER
1995,"Middle East, North Africa, Afghanistan & Pakistan (excluding high income)",MNA,2046.08134993552,2.95986626720257,,9.04197057012473,3.73554570853903,OTHER
1996,"Middle East, North Africa, Afghanistan & Pakistan (excluding high income)",MNA,2117.10501897149,5.96025893673249,,8.22167447864503,3.59162164394042,OTHER
1997,"Middle East, North Africa, Afghanistan & Pakistan (excluding high income)",MNA,2139.88540219606,3.46095104147091,,8.00919483294535,3.6471113841533,OTHER
1998,"Middle East, North Africa, Afghanistan & Pakistan (excluding high income)",MNA,2204.1587549022,5.41968912739273,,8.10371343099382,3.64482143984243,OTHER
1999,"Middle East, North Africa, Afghanistan & Pakistan (excluding high income)",MNA,2244.70680003535,4.21426497957789,,8.37484954351616,3.33160714875639,OTHER
2000,"Middle East, North Africa, Afghanistan & Pakistan (excluding high income)",MNA,2321.52904553104,5.74920560548166,,8.71870374230222,3.21835389138105,OTHER
2001,"Middle East, North Africa, Afghanistan & Pakistan (excluding high income)",MNA,2335.69507943702,2.83613740539485,,8.72286096614539,3.30566636378888,OTHER
2002,"Middle East, North Africa, Afghanistan & Pakistan (excluding high income)",MNA,2358.79891547333,3.19085033612396,,8.74924905373015,3.31667892271698,OTHER
2003,"Middle East, North Africa, Afghanistan & Pakistan (excluding high income)",MNA,2372.1522342386,2.8014800169456,,8.52231485976773,3.31990938276475,OTHER
2004,"Middle East, North Africa, Afghanistan & Pakistan (excluding high income)",MNA,2497.58482977173,7.70109500571165,,7.69407412818457,3.17569154436305,OTHER
2005,"Middle East, North Africa, Afghanistan & Pakistan (excluding high income)",MNA,2562.3377597191,4.95082503460695,,7.84838151626538,3.09781647366386,OTHER
2006,"Middle East, North Africa, Afghanistan & Pakistan (excluding high income)",MNA,2639.88906827009,5.40040817572249,,7.39019405991603,2.98133318188553,OTHER
2007,"Middle East, North Africa, Afghanistan & Pakistan (excluding high income)",MNA,2733.1384102406,5.81749668431048,,7.0181698985801,2.79943941456451,OTHER
2008,"Middle East, North Africa, Afghanistan & Pakistan (excluding high income)",MNA,2767.19555091699,3.46328367580541,,6.84334845869645,2.78966020549272,OTHER
2009,"Middle East, North Africa, Afghanistan & Pakistan (excluding high income)",MNA,2783.30273792282,2.83077998535531,,6.94800177686091,3.10233551233097,OTHER
2010,"Middle East, North Africa, Afghanistan & Pakistan (excluding high income)",MNA,2855.29913107747,4.83036957893697,,7.123332390198,2.89884806847783,OTHER
2011,"Middle East, North Africa, Afghanistan & Pakistan (excluding high income)",MNA,2785.48050527274,-0.375513449292242,,7.58032093040946,2.7269341625634,OTHER
2012,"Middle East, North Africa, Afghanistan & Pakistan (excluding high income)",MNA,2827.37154127985,3.55602439287175,,8.88951819638217,2.80774094972239,OTHER
2013,"Middle East, North Africa, Afghanistan & Pakistan (excluding high income)",MNA,2804.95389859493,1.11753964540209,,8.46109583177143,3.04475640729916,OTHER
2014,"Middle East, North Africa, Afghanistan & Pakistan (excluding high income)",MNA,2819.68602311378,2.39632511204408,,8.14794947550081,3.27259647138408,OTHER
2015,"Middle East, North Africa, Afghanistan & Pakistan (excluding high income)",MNA,2802.63134980954,1.11209373505629,,9.05052035727651,3.22061129526114,OTHER
2016,"Middle East, North Africa, Afghanistan & Pakistan (excluding high income)",MNA,2910.61808296495,5.56693551530638,,8.75542082657381,3.10679321647961,OTHER
2017,"Middle East, North Africa, Afghanistan & Pakistan (excluding high income)",MNA,2959.5986439925,3.40363074392964,,9.25338345180518,3.18861222013326,OTHER
2018,"Middle East, North Africa, Afghanistan & Pakistan (excluding high income)",MNA,2968.95602708448,2.10017249362863,,9.28194998275843,2.93780395441695,OTHER
2019,"Middle East, North Africa, Afghanistan & Pakistan (excluding high income)",MNA,2957.01658493792,1.39233381379324,,9.06488013658605,2.92549739193447,OTHER
2020,"Middle East, North Africa, Afghanistan & Pakistan (excluding high income)",MNA,2829.04712608405,-2.63476856206411,,9.77596723068346,2.89796553337836,OTHER
2021,"Middle East, North Africa, Afghanistan & Pakistan (excluding high income)",MNA,2901.63413648526,4.33216201656488,,9.6948074926195,2.64201123747364,OTHER
2022,"Middle East, North Africa, Afghanistan & Pakistan (excluding high income)",MNA,2976.35590636317,4.32972249891918,,8.9382675467404,2.41793860020314,OTHER
2023,"Middle East, North Africa, Afghanistan & Pakistan (excluding high income)",MNA,3008.48699915159,2.85265290265326,,8.59209919735259,2.95710559573665,OTHER
2024,"Middle East, North Africa, Afghanistan & Pakistan (excluding high income)",MNA,3023.05283337065,2.22259348944316,,8.70657329890235,2.90758602685858,OTHER
2025,"Middle East, North Africa, Afghanistan & Pakistan (excluding high income)",MNA,,,,8.69378066221379,,OTHER
1991,Montenegro,MNE,,,,30.118,,OTHER
1992,Montenegro,MNE,,,,30.181,,OTHER
1993,Montenegro,MNE,,,,30.238,,OTHER
1994,Montenegro,MNE,,,,30.226,,OTHER
1995,Montenegro,MNE,,,,30.196,,OTHER
1996,Montenegro,MNE,,,,30.173,,OTHER
1997,Montenegro,MNE,4448.04459737155,,,30.219,,OTHER
1998,Montenegro,MNE,4680.26589864188,4.90000584633157,,30.21,,OTHER
1999,Montenegro,MNE,4251.94337074251,-9.39999812435001,,30.471,,OTHER
2000,Montenegro,MNE,4391.36966049063,3.10000005928038,,30.447,,OTHER
2001,Montenegro,MNE,4421.83994305167,1.09983870937087,,30.542,,OTHER
2002,Montenegro,MNE,4488.00716747744,1.90393673332888,,30.356,,OTHER
2003,Montenegro,MNE,4581.10700736435,2.48265922878505,,30.39,,OTHER
2004,Montenegro,MNE,4775.39883026359,4.42605071745108,,30.342,,OTHER
2005,Montenegro,MNE,4967.68527082416,4.18060450885471,,30.31,2.69436332580307,OTHER
2006,Montenegro,MNE,5386.53833750521,8.56641802964204,2.92451258123648,24.815,2.29071316307389,OTHER
2007,Montenegro,MNE,5763.04035952173,7.13755016459636,4.34712215656112,19.4,1.74405848731746,OTHER
2008,Montenegro,MNE,6149.68558098863,6.89860030860218,8.75872769588798,17.15,1.87218246206494,OTHER
2009,Montenegro,MNE,5768.65709477479,-5.99444862538753,3.46672373207793,19.09,1.84376127299691,OTHER
2010,Montenegro,MNE,5917.91788713074,2.77559782547836,0.654946570148479,19.649,1.81434774678489,OTHER
2011,Montenegro,MNE,6110.66013917018,3.40978812497193,3.4501431124869,19.759,1.74896930267889,OTHER
2012,Montenegro,MNE,5948.3791195297,-2.48732882965353,4.14524724981119,19.808,1.65646177250839,OTHER
2013,Montenegro,MNE,6138.25153608056,3.38612548540247,2.20589268141178,19.585,1.45226142609027,OTHER
2014,Montenegro,MNE,6272.09116381077,2.37030892464516,-0.710514051710227,18.054,1.47227234869517,OTHER
2015,Montenegro,MNE,6421.00307345999,2.52306333975571,1.54869158222486,17.555,1.40371759825531,OTHER
2016,Montenegro,MNE,6634.38508838803,3.4393056210999,-0.271385023385176,17.732,1.41128063506996,OTHER
2017,Montenegro,MNE,6840.91155440218,3.21668504736274,2.3802359905313,16.082,1.36277677368932,OTHER
2018,Montenegro,MNE,7159.47114735985,4.73292113433965,2.611223782638,15.19,1.36929487275714,OTHER
2019,Montenegro,MNE,7470.29588471711,4.39391565821528,0.361563704540767,15.128,1.33441196432034,OTHER
2020,Montenegro,MNE,6351.95486320483,-14.9926187023533,-0.255655699848551,17.878,1.73802726045562,OTHER
2021,Montenegro,MNE,7198.30460781272,13.0462607426359,2.41080198403165,16.543,1.55528019503059,OTHER
2022,Montenegro,MNE,7773.60323941511,7.73954689516201,13.0403036347004,14.851,1.57303708395214,OTHER
2023,Montenegro,MNE,8278.0284985113,6.47836283518564,8.58476910455403,13.146,1.51875139564723,OTHER
2024,Montenegro,MNE,8540.00828913129,3.16409886329913,3.33675009282281,13.206,1.83253539270475,OTHER
2025,Montenegro,MNE,,,,13.572,,OTHER
1990,Mongolia,MNG,1823.45623781461,-3.18446017825207,,,4.28138537530827,B
1991,Mongolia,MNG,1613.69985423318,-8.69354473126558,,5.665,3.2315351247489,B
1992,Mongolia,MNG,1462.6746723198,-9.25646570382904,,5.857,1.90943719983615,B
1993,Mongolia,MNG,1418.0656069858,-3.16879155027824,268.150488882784,5.859,1.71236270542572,B
1994,Mongolia,MNG,1432.28072706305,2.13438269473237,87.580009329808,5.709,1.65435558131062,B
1995,Mongolia,MNG,1499.26495210763,6.3764268864666,0.0435161009571923,5.5,1.62050592646532,B
1996,Mongolia,MNG,1509.32921132514,2.23509384338665,46.8899521531102,5.53,1.77694736936813,B
1997,Mongolia,MNG,1546.08098489924,3.89671358377919,36.5561148948773,5.608,1.63873482170006,B
1998,Mongolia,MNG,1575.67716165836,3.33993659935817,9.35704217716548,5.752,1.90653754569999,B
1999,Mongolia,MNG,1601.31353865438,3.07036901086266,7.56494150307377,5.844,1.8350123058221,B
2000,Mongolia,MNG,1598.31282040605,1.14606213709108,11.5955387593327,5.992,2.02248060815309,B
2001,Mongolia,MNG,1625.46152259484,2.95271054338117,6.27736020484006,6.111,1.78165840784985,B
2002,Mongolia,MNG,1680.65335337555,4.73297846590111,0.91707468718427,6.2,1.79556721143698,B
2003,Mongolia,MNG,1775.64906676137,7.00463457384886,5.12899499422419,6.768,1.50969431652769,B
2004,Mongolia,MNG,1942.36263694017,10.6254059599309,8.24115449417619,6.851,1.38273006263926,B
2005,Mongolia,MNG,2060.26168223171,7.25366543796015,12.7165674066053,7.015,1.01728588491723,B
2006,Mongolia,MNG,2209.74321787628,8.55623481664365,5.09516661663157,7.193,0.961656696108958,B
2007,Mongolia,MNG,2403.72416258662,10.2480163590057,9.63096309630964,7.2,1.05327216611992,B
2008,Mongolia,MNG,2576.71295838607,8.90036794067551,27.9556650246306,5.565,0.823306745414827,B
2009,Mongolia,MNG,2498.72967493254,-1.26859893608282,7.6195059351941,5.86,0.629698225139809,B
2010,Mongolia,MNG,2611.67326563924,6.3651616786311,10.0462065881651,6.549,0.762997245666295,B
2011,Mongolia,MNG,3010.81642672623,17.2907775869555,8.41121495327101,4.769,0.837270236688781,B
2012,Mongolia,MNG,3318.16496597089,12.3198198494032,14.3303348325838,3.905,0.924305618490081,B
2013,Mongolia,MNG,3628.90708069575,11.6489161878925,10.4906567588241,4.231,0.822311489894261,B
2014,Mongolia,MNG,3830.35892049593,7.88522548204762,12.2539808129759,4.798,0.85972525833079,B
2015,Mongolia,MNG,3838.92126989984,2.37983580731722,5.73568281938327,4.861,0.875507832442284,B
2016,Mongolia,MNG,3817.91962716702,1.48978448679577,0.733272227314397,7.235,0.863910995114833,B
2017,Mongolia,MNG,3956.2049437134,5.63687638694772,4.30143105302342,6.359,0.762153816975996,B
2018,Mongolia,MNG,4183.85566447661,7.74488062024881,6.82424790145522,5.377,0.668952463384853,B
2019,Mongolia,MNG,4337.8167085432,5.60224422064255,7.30106953550729,9.024,0.661538119118052,B
2020,Mongolia,MNG,4066.03410882791,-4.55775197583431,3.7237230614026,6.413,0.709909468541962,B
2021,Mongolia,MNG,4063.53669849245,1.63676957736662,7.35894657888155,7.871,0.619505072530135,B
2022,Mongolia,MNG,4205.88554513551,5.0327096366527,15.1509728200805,5.954,0.513936273012978,B
2023,Mongolia,MNG,4456.53627552726,7.4221127615025,10.347583131434,5.178,0.542565742478439,B
2024,Mongolia,MNG,4626.79609644243,5.12204539122661,6.1977990165842,5.158,0.742307300960191,B
2025,Mongolia,MNG,,,,5.233,,B
2002,Northern Mariana Islands,MNP,24066.5361573445,,,,,OTHER
2003,Northern Mariana Islands,MNP,24650.0405531909,0.343170899107761,,,,OTHER
2004,Northern Mariana Islands,MNP,24445.4618441919,-3.07797537619699,,,,OTHER
2005,Northern Mariana Islands,MNP,21882.2927935415,-12.7028934368384,,,,OTHER
2006,Northern Mariana Islands,MNP,20940.1619770428,-6.87146321746161,,,,OTHER
2007,Northern Mariana Islands,MNP,20117.7037335229,-6.68402777777779,,,,OTHER
2008,Northern Mariana Islands,MNP,18451.3905458787,-11.0697674418605,,,,OTHER
2009,Northern Mariana Islands,MNP,15710.5807282039,-17.5732217573222,,,,OTHER
2010,Northern Mariana Islands,MNP,16293.3059496259,1.3959390862944,,,,OTHER
2011,Northern Mariana Islands,MNP,15226.1308805108,-7.38423028785982,,,,OTHER
2012,Northern Mariana Islands,MNP,15457.4258192247,0.810810810810807,,,,OTHER
2013,Northern Mariana Islands,MNP,16015.0349164338,2.68096514745308,,,,OTHER
2014,Northern Mariana Islands,MNP,16869.5270385638,4.177545691906,,,,OTHER
2015,Northern Mariana Islands,MNP,17665.1007493109,3.38345864661653,,,,OTHER
2016,Northern Mariana Islands,MNP,23158.5744988538,29.2121212121212,,,,OTHER
2017,Northern Mariana Islands,MNP,28989.3470221339,23.1707317073171,,,,OTHER
2018,Northern Mariana Islands,MNP,23756.6075820248,-19.4973343488195,,,,OTHER
2019,Northern Mariana Islands,MNP,21451.4401636511,-11.4474929044465,,,,OTHER
2020,Northern Mariana Islands,MNP,15410.1186923944,-29.0598290598291,,,,OTHER
2021,Northern Mariana Islands,MNP,16365.016735395,4.96987951807229,,,,OTHER
2022,Northern Mariana Islands,MNP,19461.8611129744,16.6427546628408,,,,OTHER
1990,Mozambique,MOZ,221.048981086396,0.999992834277037,,,2.38905775075988,OTHER
1991,Mozambique,MOZ,227.4627362365,4.92545125368862,,2.838,1.86267955697504,OTHER
1992,Mozambique,MOZ,206.194607588583,-7.57664724880097,,3.028,2.12975279140707,OTHER
1993,Mozambique,MOZ,221.624579964898,10.940435029728,,2.896,2.05907716535961,OTHER
1994,Mozambique,MOZ,220.478583291331,6.44018369521994,,2.879,2.46322012864367,OTHER
1995,Mozambique,MOZ,212.086249862904,2.12289380592357,,2.758,1.09304195371498,OTHER
1996,Mozambique,MOZ,227.198486695187,10.6959109797718,,2.763,0.894205564420208,OTHER
1997,Mozambique,MOZ,247.184945629196,11.8149459447588,,2.7,0.862075979464516,OTHER
1998,Mozambique,MOZ,266.672705397492,10.3692324974977,,2.64,0.887476838774871,OTHER
1999,Mozambique,MOZ,291.560018665606,11.816986527255,,2.663,0.899191140105439,OTHER
2000,Mozambique,MOZ,287.390630344484,0.766234955773442,,2.832,0.933474909084702,OTHER
2001,Mozambique,MOZ,317.185703581034,12.8516820207736,,2.838,0.895889123487939,OTHER
2002,Mozambique,MOZ,340.13537022259,9.66850534669427,,2.902,0.89920614095398,OTHER
2003,Mozambique,MOZ,356.521157404125,7.21770086569656,,2.857,0.90789369830672,OTHER
2004,Mozambique,MOZ,377.064958084878,8.20470494788577,,2.953,0.978051637223721,OTHER
2005,Mozambique,MOZ,391.699758163976,6.31202378023193,6.42755278070087,3.035,0.701900109021606,OTHER
2006,Mozambique,MOZ,420.526462764726,9.91067756782915,13.2450879070999,3.037,0.603997650979439,OTHER
2007,Mozambique,MOZ,442.049574057751,7.64935393795867,8.48948675497455,3.082,0.634745730219107,OTHER
2008,Mozambique,MOZ,460.94729485679,6.87802942560995,14.5028053002268,3.112,0.647887786238704,OTHER
2009,Mozambique,MOZ,475.788178051193,5.92897187460815,3.78861330914625,3.207,0.687406495551449,OTHER
2010,Mozambique,MOZ,494.162859074785,6.67972935662864,12.4255421735156,3.259,0.869180245993684,OTHER
2011,Mozambique,MOZ,514.869957191994,7.13405842300445,11.1666056127874,3.295,0.813112431836901,OTHER
2012,Mozambique,MOZ,540.2945177803,7.9945031610722,2.60245456956618,3.304,0.833531162295525,OTHER
2013,Mozambique,MOZ,559.393953685688,6.57141389665537,4.26135250941963,3.345,0.918079927497185,OTHER
2014,Mozambique,MOZ,585.266716133984,7.70256844839309,2.55974875844295,3.377,0.96645825007793,OTHER
2015,Mozambique,MOZ,610.563774706589,7.3930936986377,3.55075967356746,3.426,0.826910016335521,OTHER
2016,Mozambique,MOZ,620.779714954555,4.69699024225795,17.4180418197597,3.65,0.919413170302599,OTHER
2017,Mozambique,MOZ,618.397694360334,2.63820737310658,15.1132073899384,3.935,0.984570977671917,OTHER
2018,Mozambique,MOZ,621.153734194787,3.48493202422782,3.91133439990729,4.21,1.30860718971448,OTHER
2019,Mozambique,MOZ,617.13932000195,2.31781394821475,2.80270307928111,4.462,1.38807982041907,OTHER
2020,Mozambique,MOZ,591.804059985932,-1.21952250011192,3.48393567493204,5.019,2.02272611905463,OTHER
2021,Mozambique,MOZ,588.215854695416,2.37743572761507,6.40847652975692,5.413,1.91141353069573,OTHER
2022,Mozambique,MOZ,596.058889461466,4.36445074432608,10.2794018093421,6.789,2.20848120068367,OTHER
2023,Mozambique,MOZ,610.433258850746,5.48149036541776,7.12697482131851,6.661,1.92823085749343,OTHER
2024,Mozambique,MOZ,605.604720848519,2.14854964610538,4.07856834812022,6.668,1.99330115632931,OTHER
2025,Mozambique,MOZ,,,,6.628,,OTHER
1990,Mauritania,MRT,1437.75048235693,-1.77130453327383,6.60022564874018,,3.82792649057496,OTHER
1991,Mauritania,MRT,1421.32599916128,1.78808726312198,5.62866666666699,9.971,3.60051244917284,OTHER
1992,Mauritania,MRT,1393.6010549879,1.8741257364962,10.141817562151,10.052,2.68906639883241,OTHER
1993,Mauritania,MRT,1416.96725698321,5.87363742064267,9.37034415971461,9.85,2.41242301834316,OTHER
1994,Mauritania,MRT,1327.72304115123,-3.06073216744799,4.12825861295442,9.979,2.24086190780735,OTHER
1995,Mauritania,MRT,1418.64664553675,9.81980039567452,6.54379068524171,9.766,2.26015463356202,OTHER
1996,Mauritania,MRT,1471.80330919792,5.81882663043622,4.68130623916413,9.764,2.62634120713694,OTHER
1997,Mauritania,MRT,1381.16274883447,-4.04469654678225,4.62534695318394,9.788,2.96726008736906,OTHER
1998,Mauritania,MRT,1383.19229722759,2.77780479737011,8.03166665498858,9.975,1.86244096675618,OTHER
1999,Mauritania,MRT,1396.17220086364,3.67317831340802,4.07417613596754,10.033,2.27363788853198,OTHER
2000,Mauritania,MRT,1304.64439067179,-3.91802585208993,3.25406745833358,10.03,2.92800544546355,OTHER
2001,Mauritania,MRT,1262.65567288639,-0.799493830035985,4.7148963468961,10.132,4.00238442248896,OTHER
2002,Mauritania,MRT,1252.10300454131,1.38148396045266,3.8957052575849,10.201,2.73938350984677,OTHER
2003,Mauritania,MRT,1308.56307582578,6.92826957568474,5.15190150769578,9.911,3.99527571653134,OTHER
2004,Mauritania,MRT,1338.66768122804,4.73275787510946,10.3676233473073,9.77,3.83812011166649,OTHER
2005,Mauritania,MRT,1418.53202144135,8.56628732009419,12.1256487185541,9.59,3.05155577623304,OTHER
2006,Mauritania,MRT,1637.04191255803,18.3331986932345,6.2410332814282,9.313,2.69364721669718,OTHER
2007,Mauritania,MRT,1563.60628765192,-1.96942274988409,7.25410841304887,9.482,,OTHER
2008,Mauritania,MRT,1514.2655013629,-0.331079223430805,7.34663541249786,9.715,3.059333957503,OTHER
2009,Mauritania,MRT,1469.05426880813,0.0978759143320076,2.22092032381779,10.214,3.13532417025639,OTHER
2010,Mauritania,MRT,1460.19179652873,2.62022948104543,6.28354087427704,10.093,,OTHER
2011,Mauritania,MRT,1472.55245572229,4.17278327815399,5.68631959575954,9.976,,OTHER
2012,Mauritania,MRT,1488.97177557214,4.47001319170479,4.90242727217997,9.864,2.11497466612287,OTHER
2013,Mauritania,MRT,1502.90142381083,4.1508131898954,4.12910173783393,9.926,1.99659728958967,OTHER
2014,Mauritania,MRT,1520.64621634902,4.27482328814457,3.53436856147324,10.026,2.19709519242621,OTHER
2015,Mauritania,MRT,1554.94897871782,5.37633924099251,3.25472688117631,10.104,2.15557240363879,OTHER
2016,Mauritania,MRT,1528.05152299375,1.26090923067225,1.47171045650004,10.287,2.14548780076745,OTHER
2017,Mauritania,MRT,1576.06857825162,6.27054566937677,2.25427651934813,10.336,2.12109845694596,OTHER
2018,Mauritania,MRT,1602.90225649072,4.77217365692621,3.06735996058356,10.411,2.13128230977177,OTHER
2019,Mauritania,MRT,1605.1352359742,3.14100489306969,2.30009262117937,10.416,1.99633301217738,OTHER
2020,Mauritania,MRT,1553.30615586591,-0.360657384151068,2.3856948845632,11.051,2.38926918122421,OTHER
2021,Mauritania,MRT,1520.3111804259,0.742715486567747,3.56516484650185,11.131,2.29399489807024,OTHER
2022,Mauritania,MRT,1576.75624107308,6.79600500489967,9.52526628622843,10.52,2.05903871155909,OTHER
2023,Mauritania,MRT,1634.89897144624,6.80949001978621,4.95305034506872,10.37,2.26048047574852,OTHER
2024,Mauritania,MRT,1688.6139322919,6.30760213290844,2.49164347481972,10.257,2.15504682070845,OTHER
2025,Mauritania,MRT,,,,10.319,,OTHER
1990,Mauritius,MUS,3859.6444147337,7.18673677096029,13.4880887926371,,0.346095334685598,OTHER
1991,Mauritius,MUS,3987.55945306988,4.43544626177179,7.00101377541879,9.493,0.367421785897981,OTHER
1992,Mauritius,MUS,4191.74021836504,6.51269858283499,4.64351929883709,9.428,0.35442407333599,OTHER
1993,Mauritius,MUS,4352.85511912038,5.0820629557426,10.5178384472896,9.5,0.330254201972496,OTHER
1994,Mauritius,MUS,4469.87416457643,4.13614286145543,7.32347154412294,9.513,0.333145557537633,OTHER
1995,Mauritius,MUS,4621.61639619164,4.28773657145238,6.02933188484532,9.59,0.332825601093285,OTHER
1996,Mauritius,MUS,4830.20993790498,5.58784392666244,6.55097336065573,9.503,0.293390184375287,OTHER
1997,Mauritius,MUS,5041.40686512359,5.68747741886635,6.83334334996102,9.381,0.2340788927524,OTHER
1998,Mauritius,MUS,5291.58766014963,6.07194017756214,6.81079323797193,9.253,0.202814817776534,OTHER
1999,Mauritius,MUS,5361.15873837858,2.61093234413026,6.90914624866773,9.278,0.208135283363803,OTHER
2000,Mauritius,MUS,5744.19830169899,8.20279174865273,4.19928825622807,9.125,0.200718816089576,OTHER
2001,Mauritius,MUS,5889.77138546269,3.34754072731407,5.38934426229508,9.14,0.194580389102996,OTHER
2002,Mauritius,MUS,5943.48081247767,1.61491865862433,6.41933372221149,8.205,0.196270033883066,OTHER
2003,Mauritius,MUS,6250.2637051329,5.92544548947731,3.92105357558188,8.318,0.187102773867202,OTHER
2004,Mauritius,MUS,6480.13648507258,4.33001985464357,4.71037060105883,8.337,0.166216849736244,OTHER
2005,Mauritius,MUS,6556.38819193225,1.77754302034454,4.93717004981795,9.524,0.160674051849869,OTHER
2006,Mauritius,MUS,6843.39977734988,4.8655446077553,8.91350105650142,9.04,0.153856508278369,OTHER
2007,Mauritius,MUS,7202.43853899489,5.72701615981669,8.82729272393294,8.475,0.142725039281222,OTHER
2008,Mauritius,MUS,7563.03143738425,5.38696254207251,9.73228317146887,7.17,0.15595207103506,OTHER
2009,Mauritius,MUS,7793.0308214588,3.31507699790781,2.51609128145113,7.257,0.167777183674029,OTHER
2010,Mauritius,MUS,8114.82056038003,4.37720322344293,2.93236301369857,7.654,0.148689589780391,OTHER
2011,Mauritius,MUS,8432.19129317694,4.07753806610333,6.52249254869341,7.447,0.152035252096647,OTHER
2012,Mauritius,MUS,8702.82242878289,3.49611836470866,3.85216033315983,7.472,0.14279440115901,OTHER
2013,Mauritius,MUS,8973.51550099533,3.36040609974133,3.54329573934839,7.322,0.188733237769964,OTHER
2014,Mauritius,MUS,9300.07878638583,3.82696982009337,3.21769191994684,7.467,0.151017482159405,OTHER
2015,Mauritius,MUS,9630.5437837507,3.69055690369433,1.28654970760232,7.41,0.142301917631184,OTHER
2016,Mauritius,MUS,9995.65028642071,3.8624682634,0.977675134718965,6.814,0.174701755953711,OTHER
2017,Mauritius,MUS,10379.9138706732,3.93798380632353,3.66699702675925,6.752,0.16537629451361,OTHER
2018,Mauritius,MUS,10789.9241521132,4.00674057198549,3.2160538314457,6.426,0.156385299781821,OTHER
2019,Mauritius,MUS,11098.3137067341,2.89128499346516,0.405655190309553,6.331,0.148796738188038,OTHER
2020,Mauritius,MUS,9483.67602630847,-14.5465381490166,2.5808007718283,8.626,0.161615351006251,OTHER
2021,Mauritius,MUS,9804.0031863121,3.40379866177662,4.02852888157376,7.719,0.171377098585721,OTHER
2022,Mauritius,MUS,10688.4383112722,8.69306675264066,10.7737512242899,6.322,0.138698687184487,OTHER
2023,Mauritius,MUS,11348.4337725632,5.00791900868131,7.05298238454736,5.571,0.14048907662346,OTHER
2024,Mauritius,MUS,11934.770909957,4.92512304864294,3.6045220384796,5.548,0.149590857574221,OTHER
2025,Mauritius,MUS,,,,5.635,,OTHER
1990,Malawi,MWI,353.771303717595,5.69229463403222,11.8235380454151,,0.57581149106058,OTHER
1991,Malawi,MWI,372.997561772469,8.73023176233838,12.6153153828849,4.9,0.440591433496884,OTHER
1992,Malawi,MWI,335.726543539643,-7.33297833747964,23.7513530230399,5.064,0.574406265790803,OTHER
1993,Malawi,MWI,362.930995399017,9.69184059512781,22.7727102336625,4.988,0.50889527831439,OTHER
1994,Malawi,MWI,329.584099900642,-10.2401817116217,34.6496361508324,5.368,0.582363053840744,OTHER
1995,Malawi,MWI,385.279714072363,16.7288173003423,83.3257747543458,4.895,0.323789982357904,OTHER
1996,Malawi,MWI,405.397063690478,7.3166817822397,37.6020450235016,4.94,0.361847121057508,OTHER
1997,Malawi,MWI,412.4131068375,3.79241909354917,9.13735243003495,4.69,0.406114394732904,OTHER
1998,Malawi,MWI,419.313245170577,3.89525350328424,29.7486512828264,4.921,0.338641668549055,OTHER
1999,Malawi,MWI,422.099909963762,3.04227813671855,44.8041642861674,5.002,0.332170301359544,OTHER
2000,Malawi,MWI,418.592985038462,1.57607762616895,29.5814884631684,5.045,0.275495027044514,OTHER
2001,Malawi,MWI,388.260039763569,-4.97496361892476,22.7,5.221,0.30354064447686,OTHER
2002,Malawi,MWI,385.308980237095,1.70000003078317,14.7446346101603,5.248,0.301011297279539,OTHER
2003,Malawi,MWI,397.224846758815,5.70563940467414,9.57679786919214,5.165,0.290335696389997,OTHER
2004,Malawi,MWI,408.064916052765,5.42049754993828,11.4298060822124,4.964,0.448770022775966,OTHER
2005,Malawi,MWI,410.267979592536,3.26872602317066,15.4103446604296,4.935,0.742373659905014,OTHER
2006,Malawi,MWI,417.877689776503,4.69999976404691,13.9742943548388,4.954,0.552309217409022,OTHER
2007,Malawi,MWI,445.254305419586,9.59999987683469,7.9522099086403,4.876,0.538318180673433,OTHER
2008,Malawi,MWI,465.55147298007,7.63973639944591,8.71260186609043,4.796,0.593494429088422,OTHER
2009,Malawi,MWI,489.631418790158,8.3281098524038,8.42204427696655,4.732,0.6745044979156,OTHER
2010,Malawi,MWI,508.088650552846,6.87406585416142,7.41159092883827,4.78,0.510085444003662,OTHER
2011,Malawi,MWI,517.833736624232,4.93266999813729,7.6228226284852,4.829,0.468557773532063,OTHER
2012,Malawi,MWI,512.74031797451,1.90000000072909,21.2712650013779,4.949,0.543771636934602,OTHER
2013,Malawi,MWI,525.357645516557,5.41034999817167,27.2833333333334,4.978,0.809790589117754,OTHER
2014,Malawi,MWI,539.562601918057,5.62527000105139,23.7920649469687,4.967,0.580771278154093,OTHER
2015,Malawi,MWI,539.605363240686,2.80000000003355,21.8673475542553,4.953,0.450825277879302,OTHER
2016,Malawi,MWI,538.221990810959,2.49999999914311,21.7111132136499,5.011,0.452047625154312,OTHER
2017,Malawi,MWI,544.795729220349,4.00000000089172,11.5433939188771,5.046,0.530100138963233,OTHER
2018,Malawi,MWI,553.528790902088,4.35356471619211,12.420178108921,5.021,0.589501502223623,OTHER
2019,Malawi,MWI,569.866249371948,5.71682519194337,9.3708360560567,4.964,0.760781549256416,OTHER
2020,Malawi,MWI,559.447086086067,0.793596429787286,8.62551469650552,5.72,0.834281207531417,OTHER
2021,Malawi,MWI,569.968967322435,4.55829212016083,9.33014410835212,5.652,0.730315165462018,OTHER
2022,Malawi,MWI,560.635759714941,0.921115069005936,20.953969729969,5.02,0.933234952541455,OTHER
2023,Malawi,MWI,557.03523965791,1.94575281675984,28.7897428247298,5.009,1.16535783959732,OTHER
2024,Malawi,MWI,551.95152347056,1.6734340852915,32.1796504225025,5.051,1.02496048269861,OTHER
2025,Malawi,MWI,,,,5.072,,OTHER
1990,Malaysia,MYS,4184.76072928976,9.00852713774628,2.61780104712051,,2.55540346486845,OTHER
1991,Malaysia,MYS,4456.93133148159,9.54546741443052,4.358333333333,3.7,3.19928362097037,OTHER
1992,Malaysia,MYS,4726.13789172987,8.88511797832156,4.76722829992821,3.71,2.98642173584104,OTHER
1993,Malaysia,MYS,5062.5911043705,9.89494333377064,3.53658536585389,4.11,2.87524536278848,OTHER
1994,Malaysia,MYS,5390.10167606966,9.21204179334867,3.72497055359284,3.64,2.84711528130931,OTHER
1995,Malaysia,MYS,5771.35211956083,9.82908519730812,3.45057509584895,3.15,2.7513451070467,OTHER
1996,Malaysia,MYS,6190.46429134886,10.0027006861844,3.48855945858916,2.52,2.40056437500985,OTHER
1997,Malaysia,MYS,6480.55649455855,7.32274185035924,2.66251459711946,2.45,2.08555865079224,OTHER
1998,Malaysia,MYS,5857.96702940857,-7.35941518817556,5.27034200348766,3.2,1.60533534809333,OTHER
1999,Malaysia,MYS,6070.95621987091,6.13761201057692,2.74456130240604,3.43,2.10148156029312,OTHER
2000,Malaysia,MYS,6455.61419792583,8.85886816969386,1.53474023697699,3.0,1.63467554804841,OTHER
2001,Malaysia,MYS,6334.92795651698,0.517675319192861,1.41678473206098,3.53,2.0849228116252,OTHER
2002,Malaysia,MYS,6516.90671560155,5.39098830692797,1.80787246281536,3.48,2.21913139689937,OTHER
2003,Malaysia,MYS,6732.92049458099,5.7884992858875,1.08967632577286,3.61,2.61480673115727,OTHER
2004,Malaysia,MYS,7025.34558004381,6.78343772370305,1.42127115937402,3.54,2.26306196840826,OTHER
2005,Malaysia,MYS,7234.02442689141,5.33213916141486,2.97507092684449,3.53,2.17392904054248,OTHER
2006,Malaysia,MYS,7469.8106921211,5.5848470671515,3.60923564224389,3.32,2.00759740140051,OTHER
2007,Malaysia,MYS,7769.59693350488,6.29878592740947,2.02735317779569,3.31,1.95850253260823,OTHER
2008,Malaysia,MYS,7976.11785374773,4.83176988913097,5.44078221100769,3.34,1.82484376549945,OTHER
2009,Malaysia,MYS,7700.46111294033,-1.51352871598714,0.583308405623702,3.62,1.87148694418887,OTHER
2010,Malaysia,MYS,8118.92270511981,7.42484738326097,1.62285235577035,3.32,1.49021010582112,OTHER
2011,Malaysia,MYS,8400.32248683558,5.29391283414003,3.1744709215131,3.05,1.55285313376988,OTHER
2012,Malaysia,MYS,8710.52671359902,5.47345419253853,1.66357102479206,3.04,1.41333070740643,OTHER
2013,Malaysia,MYS,8964.80724896203,4.69372252557893,2.10501231233612,3.14,1.49929579850642,OTHER
2014,Malaysia,MYS,9341.73055971278,6.00672194558203,3.14299050879095,2.88,1.45511301633341,OTHER
2015,Malaysia,MYS,9648.6797937523,5.09153242155011,2.10438980238359,3.1,1.50389842704146,OTHER
2016,Malaysia,MYS,9901.47960179812,4.44978139761541,2.09056659525742,3.44,1.3843347942822,OTHER
2017,Malaysia,MYS,10293.7629205362,5.81272240983328,3.87120115774237,3.41,1.10033460723613,OTHER
2018,Malaysia,MYS,10610.1950240479,4.84308697634881,0.884709160571235,3.3,0.960104126677078,OTHER
2019,Malaysia,MYS,10902.9834855856,4.41318742129586,0.662891865764326,3.33,0.893413280938052,OTHER
2020,Malaysia,MYS,10171.4657842762,-5.45684658426701,-1.1387021539305,4.54,0.999653920235799,OTHER
2021,Malaysia,MYS,10388.2667120857,3.31534954399166,2.47710241465447,4.64,0.982646998395369,OTHER
2022,Malaysia,MYS,11191.6511756943,9.03173723044451,3.37869862549928,3.93,0.902025405170821,OTHER
2023,Malaysia,MYS,11445.3925275079,3.5370638041057,2.48886560125754,3.858,0.981466758859051,OTHER
2024,Malaysia,MYS,11883.79127749,5.10545921024041,1.834100204499,3.846,0.987556748730683,OTHER
2025,Malaysia,MYS,,,,3.764,,OTHER
1990,North America,NAC,38290.0952971409,1.74380305996627,,,5.27380675126088,OTHER
1991,North America,NAC,37681.9413419502,-0.273846803762069,,7.16085104908465,4.61311239152573,OTHER
1992,North America,NAC,38399.8398776077,3.3072428015308,,7.87315728585848,4.7107488614053,OTHER
1993,North America,NAC,38945.4148534999,2.74445546344258,,7.34989291267264,4.38771188195337,OTHER
1994,North America,NAC,40039.5660514481,4.06429086174856,,6.54555954314501,4.02960237550949,OTHER
1995,North America,NAC,40634.2891588566,2.68501443940536,,6.03024492508477,3.69077092310573,OTHER
1996,North America,NAC,41617.764758202,3.60657398051956,,5.86183271562099,3.39911999557174,OTHER
1997,North America,NAC,42952.0035807289,4.43416651638427,,5.40301547573426,3.2523730158376,OTHER
1998,North America,NAC,44352.5860301936,4.43688382678164,,4.88226202925985,3.07437268099742,OTHER
1999,North America,NAC,45972.6370437213,4.81513727378078,,4.55171801715172,2.9643359090824,OTHER
2000,North America,NAC,47364.7456727428,4.16235066823292,,4.27316817166147,2.97691886527018,OTHER
2001,North America,NAC,47377.1442729396,1.03055880912815,,4.97961964201139,2.99388131580622,OTHER
2002,North America,NAC,47778.0017338011,1.80170092068977,,5.97486412366027,3.29595696244159,OTHER
2003,North America,NAC,48654.1313067876,2.71668552065563,,6.15326151532504,3.63030250927301,OTHER
2004,North America,NAC,50031.2642410122,3.78710378064847,,5.70124819512877,3.79055957077853,OTHER
2005,North America,NAC,51286.8105378707,3.46118301337901,,5.25750859640354,3.8430819723855,OTHER
2006,North America,NAC,52201.3765308573,2.77426860186505,,4.81614136114576,3.7869167301068,OTHER
2007,North America,NAC,52744.6503467595,2.00810206865177,,4.78243165759455,3.8073218570635,OTHER
2008,North America,NAC,52336.0990945176,0.181930682514064,,5.83652846325955,4.14203837921297,OTHER
2009,North America,NAC,50514.6640321862,-2.60473409198144,,9.16994852137916,4.57242986261567,OTHER
2010,North America,NAC,51440.0804801458,2.72408861915019,,9.47758645184374,4.54402522118084,OTHER
2011,North America,NAC,51885.5691627919,1.68675931889908,,8.80784798616693,4.44825517692672,OTHER
2012,North America,NAC,52612.779441209,2.24317308229351,,7.99588953313322,4.12365704564503,OTHER
2013,North America,NAC,53314.6283485468,2.13356731596357,,7.34976348971497,3.72518988107254,OTHER
2014,North America,NAC,54229.3963287835,2.54956232851526,,6.26083245211775,3.42806362358041,OTHER
2015,North America,NAC,55285.5686917861,2.76027570206345,,5.4606408215288,3.28241545078353,OTHER
2016,North America,NAC,55797.5468748501,1.75713430738413,,5.10340701910414,3.23347273741921,OTHER
2017,North America,NAC,56770.6564066106,2.50304866957114,,4.57971738602629,3.14582089420008,OTHER
2018,North America,NAC,58052.7625499753,2.94780933880656,,4.10721129091519,3.15003340051093,OTHER
2019,North America,NAC,59158.7219278339,2.53012511444722,,3.890566885067,3.24900029088897,OTHER
2020,North America,NAC,57470.4195194401,-2.38862032137294,,8.23059990715153,3.48110754906703,OTHER
2021,North America,NAC,60824.7850729267,6.0466919748077,,5.59210979982087,3.23288630400473,OTHER
2022,North America,NAC,61993.4613265648,2.64058278650343,,3.83303148633239,3.14064926217925,OTHER
2023,North America,NAC,63053.7592640453,2.78367390829352,,3.84073751321764,3.15314205562911,OTHER
2024,North America,NAC,63990.5959352171,2.69993075266272,,4.29037573277215,3.2667541895661,OTHER
2025,North America,NAC,,,,4.51095574626817,,OTHER
1990,Namibia,NAM,2857.33777498196,2.04745993989432,,,6.42100268859719,OTHER
1991,Namibia,NAM,2989.40001637296,8.16561250262779,,19.14,5.61525495153814,OTHER
1992,Namibia,NAM,3104.24536078011,7.18934252280525,,18.896,4.25041876046901,OTHER
1993,Namibia,NAM,2959.27503800966,-1.57953915916903,,19.078,2.46452375833154,OTHER
1994,Namibia,NAM,2918.37740296161,1.72987948847074,,19.4,1.7512338730626,OTHER
1995,Namibia,NAM,2945.36226956201,3.8990142211043,,21.34,1.94789863056824,OTHER
1996,Namibia,NAM,2958.24060697383,3.19132430111469,,22.844,1.90360402371594,OTHER
1997,Namibia,NAM,3004.30804359997,4.22010030384476,,24.45,2.30135514297654,OTHER
1998,Namibia,NAM,3025.32668011049,3.29158562064818,,23.083,2.32183724519666,OTHER
1999,Namibia,NAM,3050.46098873323,3.36927842445498,,21.668,3.12403306903887,OTHER
2000,Namibia,NAM,3083.59657884697,3.49218336365178,,20.3,2.70673279864922,OTHER
2001,Namibia,NAM,3055.40444831936,1.17794869467917,,21.009,3.00874087986708,OTHER
2002,Namibia,NAM,3145.94566281247,4.7886612188211,,21.538,2.61784537918538,OTHER
2003,Namibia,NAM,3232.30589658857,4.23979429582137,7.1361531145863,22.104,2.62491288264622,OTHER
2004,Namibia,NAM,3582.89503259701,12.2695481036769,4.13663213144748,22.09,2.5275896811078,OTHER
2005,Namibia,NAM,3627.75059772278,2.52926265819022,2.28194607024307,22.108,2.6452053014553,OTHER
2006,Namibia,NAM,3834.99894666178,7.07317531845825,4.96116689298916,21.848,2.50124939843779,OTHER
2007,Namibia,NAM,3987.61796106565,5.37404415167634,6.54788141101717,22.12,2.61042455712992,OTHER
2008,Namibia,NAM,4036.38187484707,2.64981203780268,9.0946430719281,22.005,3.1372615742466,OTHER
2009,Namibia,NAM,3989.20711387651,0.295970914001089,9.45172651521705,22.271,3.37436368373618,OTHER
2010,Namibia,NAM,4165.12990200988,6.03924947955858,4.8749198764395,22.12,3.51474397546307,OTHER
2011,Namibia,NAM,4302.72451368462,5.09133813864338,5.005595180812,19.481,3.5745889549471,OTHER
2012,Namibia,NAM,4420.96741373862,5.0616820696264,6.72199777334886,16.771,3.16654259121144,OTHER
2013,Namibia,NAM,4549.26759093897,5.61471962254485,5.60092502290401,19.028,3.20641632429402,OTHER
2014,Namibia,NAM,4701.95694189098,6.09251915977956,5.35016966859602,18.521,4.32586724007944,OTHER
2015,Namibia,NAM,4774.10650865775,4.26417453763675,3.39401538410559,20.791,4.52800016778678,OTHER
2016,Namibia,NAM,4648.62713460213,0.0337944502063294,6.72858234593338,23.352,3.97104492479212,OTHER
2017,Namibia,NAM,4476.73324402105,-1.02724808856709,6.14579981111164,21.748,3.52238850010305,OTHER
2018,Namibia,NAM,4400.47537705743,1.05993949860752,4.29159105337875,19.877,3.33269228396146,OTHER
2019,Namibia,NAM,4243.09274481966,-0.839152163419357,3.72239414422695,19.929,3.29742631401913,OTHER
2020,Namibia,NAM,3787.49943973286,-8.10140201443319,2.20938236933469,21.003,3.48015259214476,OTHER
2021,Namibia,NAM,3809.80753359714,3.60382919248703,3.61690530108814,20.931,3.2264092268075,OTHER
2022,Namibia,NAM,3905.55135268164,5.3987247803654,6.08128114112413,19.615,2.91089959085182,OTHER
2023,Namibia,NAM,3977.97779909619,4.44280600303956,5.87993463284275,19.154,2.74670698895234,OTHER
2024,Namibia,NAM,4034.35053463284,3.71154502416731,4.23903922877036,19.157,2.73490195432496,OTHER
2025,Namibia,NAM,,,,19.291,,OTHER
1990,New Caledonia,NCL,,3.6000012717432,,,,OTHER
1991,New Caledonia,NCL,,4.90002814384245,,18.124,,OTHER
1992,New Caledonia,NCL,,0.519994838392222,,18.61,,OTHER
1993,New Caledonia,NCL,,0.529794654537113,,18.762,,OTHER
1994,New Caledonia,NCL,,2.59018690563668,,18.878,,OTHER
1995,New Caledonia,NCL,,5.9400311023842,,18.629,,OTHER
1996,New Caledonia,NCL,,0.449879083505621,,18.64,,OTHER
1997,New Caledonia,NCL,,2.00715233042861,,18.382,,OTHER
1998,New Caledonia,NCL,,-3.20027552726621,,18.519,,OTHER
1999,New Caledonia,NCL,,0.900172519173495,,18.205,,OTHER
2000,New Caledonia,NCL,,2.10010882688805,,17.907,,OTHER
2001,New Caledonia,NCL,,,,17.391,,OTHER
2002,New Caledonia,NCL,,,,17.045,,OTHER
2003,New Caledonia,NCL,,,,16.665,,OTHER
2004,New Caledonia,NCL,,,,16.31,,OTHER
2005,New Caledonia,NCL,,,,15.778,,OTHER
2006,New Caledonia,NCL,,,,15.256,,OTHER
2007,New Caledonia,NCL,,,,14.754,,OTHER
2008,New Caledonia,NCL,,,,14.36,,OTHER
2009,New Caledonia,NCL,,,,13.97,,OTHER
2010,New Caledonia,NCL,,,,13.998,,OTHER
2011,New Caledonia,NCL,,,2.42899693753383,13.988,,OTHER
2012,New Caledonia,NCL,,,1.74967234600262,14.116,,OTHER
2013,New Caledonia,NCL,,,1.27761318992718,14.39,,OTHER
2014,New Caledonia,NCL,,,0.178851060785511,14.59,,OTHER
2015,New Caledonia,NCL,30858.7237060533,,0.570508141048402,13.621,,OTHER
2016,New Caledonia,NCL,,,0.578317435520754,12.679,,OTHER
2017,New Caledonia,NCL,,,,11.676,,OTHER
2018,New Caledonia,NCL,,0.400000000000006,,11.702,,OTHER
2019,New Caledonia,NCL,,-1.40000000000001,,10.88,,OTHER
2020,New Caledonia,NCL,,-2.40000000000001,,13.558,,OTHER
2021,New Caledonia,NCL,,-2.10000000000004,,11.574,,OTHER
2022,New Caledonia,NCL,,3.50000000000006,,10.71,,OTHER
2023,New Caledonia,NCL,,2.8,,10.922,,OTHER
2024,New Caledonia,NCL,,-13.5,,10.991,,OTHER
2025,New Caledonia,NCL,,,,11.174,,OTHER
1990,Niger,NER,465.923889536505,-1.30847828481959,-0.775653010977504,,,OTHER
1991,Niger,NER,449.719266854731,-0.43948910045782,-7.79664179104467,1.588,,OTHER
1992,Niger,NER,444.632775312455,2.00075236142851,-4.47561790247176,1.569,,OTHER
1993,Niger,NER,432.184449587188,0.321655474432788,-1.21503496503496,1.541,,OTHER
1994,Niger,NER,426.267506763664,1.85477879101168,36.0410583134241,1.502,1.23237199847542,OTHER
1995,Niger,NER,422.523153898523,2.4572441223155,10.5632886691814,1.494,0.970976253298153,OTHER
1996,Niger,NER,409.039358698404,0.100530504281409,5.28885751264882,1.498,0.861401471157569,OTHER
1997,Niger,NER,401.724988110363,1.52747571050666,2.93345253394422,1.503,0.932594644506002,OTHER
1998,Niger,NER,427.086030331896,9.97261495642444,4.5480157771872,1.381,1.06122448979592,OTHER
1999,Niger,NER,411.735699209485,-0.2195625179166,-2.30212503849648,1.385,1.16690809592789,OTHER
2000,Niger,NER,392.898616941042,-1.20847774100575,2.90014973599108,1.427,1.16461081638404,OTHER
2001,Niger,NER,406.923493665264,7.26813490213235,4.00551428352678,1.47,1.32015978285548,OTHER
2002,Niger,NER,412.123793192578,4.91847057594622,2.62886597938136,1.808,0.963347955260515,OTHER
2003,Niger,NER,406.333757497876,2.1706103837418,-1.61440769175596,2.145,0.931763626554351,OTHER
2004,Niger,NER,393.398781453199,0.363801578722132,0.262543757292838,2.751,1.09118729739427,OTHER
2005,Niger,NER,407.190931059924,7.33186884258517,7.7974978178644,3.1,0.715211768830327,OTHER
2006,Niger,NER,415.852022114801,5.93104997350342,0.0404858299595074,2.528,,OTHER
2007,Niger,NER,413.419126261066,3.14272408386731,0.0539592607581562,2.021,,OTHER
2008,Niger,NER,429.195542798877,7.73141422777337,11.3051098827019,1.584,0.73944643123804,OTHER
2009,Niger,NER,421.650901333136,1.96260090694645,0.582906590801122,1.208,0.735262361389119,OTHER
2010,Niger,NER,441.079166112039,8.57816674262253,0.804073080882659,0.718,0.87650323651909,OTHER
2011,Niger,NER,434.986264873953,2.35775693603874,2.9423851401332,0.316,0.976041978774068,OTHER
2012,Niger,NER,463.066265496402,10.5489445763446,0.455089820359289,2.177,1.62398436872309,OTHER
2013,Niger,NER,469.690214200878,5.31513063394726,2.29723114955317,1.401,1.0452311825973,OTHER
2014,Niger,NER,482.74524741946,6.64213665495603,-0.930287259984466,0.524,1.33859819740079,OTHER
2015,Niger,NER,485.662574175279,4.39264883207291,-0.576090369833189,0.556,,OTHER
2016,Niger,NER,495.017437216008,5.74089315058157,1.65388922387806,0.55,1.59964624315915,OTHER
2017,Niger,NER,501.615305462902,5.00536078615544,2.79637318871284,0.556,1.80984292435405,OTHER
2018,Niger,NER,519.546993483886,7.21141802762897,2.96760366004456,0.536,1.79380881698289,OTHER
2019,Niger,NER,532.186024570389,5.93985257123522,-2.48979265070855,0.531,1.91733600650351,OTHER
2020,Niger,NER,533.194328910254,3.55064109436891,2.8981937602627,0.591,1.73360752172491,OTHER
2021,Niger,NER,523.263179518652,1.38359636198477,3.8378680284051,0.806,1.35730093120168,OTHER
2022,Niger,NER,566.797962983866,11.9000000000277,4.22621791916392,0.403,1.5729764923811,OTHER
2023,Niger,NER,557.572652727864,1.66763406484279,3.70097316425834,0.407,1.97616000981122,OTHER
2024,Niger,NER,595.151744559316,10.3000000007793,9.07151997725013,0.376,2.24177586841643,OTHER
2025,Niger,NER,,,,0.394,,OTHER
1990,Nigeria,NGA,1577.19616627741,11.7768859342067,7.36440030557696,,0.833115305550364,B
1991,Nigeria,NGA,1541.59066261036,0.358352601660286,13.0069731037428,3.831,0.773691292368809,B
1992,Nigeria,NGA,1571.1902261783,4.63119294607692,44.588842715023,3.79,0.564010709444363,B
1993,Nigeria,NGA,1498.95895037787,-2.03511877399139,57.1652528349217,4.023,0.933218301724012,B
1994,Nigeria,NGA,1433.3886109229,-1.81492448525675,57.0317089119659,4.064,0.781452287737133,B
1995,Nigeria,NGA,1395.07488456856,-0.0726647639378371,72.8355022972638,4.152,0.483558767048935,B
1996,Nigeria,NGA,1416.10189471212,4.19592404660108,29.2682926829271,4.043,0.406177811568832,B
1997,Nigeria,NGA,1420.23877961207,2.93709941924898,8.52987421383634,3.964,0.435835755422039,B
1998,Nigeria,NGA,1419.31770917955,2.58125410192937,9.99637812386806,3.922,0.548312392864221,B
1999,Nigeria,NGA,1390.46921139078,0.584126892918889,6.61837339479751,3.986,0.855415630326234,B
2000,Nigeria,NGA,1421.67987952013,5.01593475931152,6.93329215565161,3.953,0.543531645186578,B
2001,Nigeria,NGA,1465.45720342309,5.91768464920371,18.8736462093863,3.9,0.780315876986167,B
2002,Nigeria,NGA,1644.39518877633,15.3291557409559,12.8765792031099,3.669,0.95433804485135,B
2003,Nigeria,NGA,1717.2145111176,7.34719496799492,14.0317836131437,3.637,0.570707544874932,B
2004,Nigeria,NGA,1824.80269456773,9.2505582291798,14.9980338183251,3.59,0.490996769130759,B
2005,Nigeria,NGA,1889.25175325818,6.43851652538348,17.8634933661605,3.727,0.397422937174069,B
2006,Nigeria,NGA,1949.15856804565,6.05942803202906,8.22522152017047,3.749,0.348375434095589,B
2007,Nigeria,NGA,2020.83316299454,6.59113036068679,5.38800796858626,3.794,0.370354831159892,B
2008,Nigeria,NGA,2098.28339220668,6.76447277780228,11.5810751748252,3.792,0.489084134608938,B
2009,Nigeria,NGA,2204.6072560373,8.03692510099023,12.5378277304689,3.763,0.505855627592204,B
2010,Nigeria,NGA,2315.46676509663,8.00565591628701,13.7400521363694,3.744,0.539231118131693,B
2011,Nigeria,NGA,2370.97657091803,5.30792420289453,10.8261371880017,3.77,0.579227031040921,B
2012,Nigeria,NGA,2403.65387896924,4.23006117493223,12.2242413020584,3.761,0.504264930204985,B
2013,Nigeria,NGA,2495.34106573749,6.67133539306167,8.49551838265669,3.711,0.469695304520636,B
2014,Nigeria,NGA,2583.6155695814,6.30971865525431,8.04741087967907,3.9,0.414718776586509,B
2015,Nigeria,NGA,2585.73360671797,2.65269329543001,9.00943498007706,4.134,0.417636537730714,B
2016,Nigeria,NGA,2481.81490350326,-1.61686894906509,15.6968126387972,4.499,0.432947784673169,B
2017,Nigeria,NGA,2441.71236404488,0.805886619102438,16.5022662139641,4.83,0.430671218863917,B
2018,Nigeria,NGA,2431.77857832568,1.92275734200614,12.0951065173432,5.069,0.506944517393582,B
2019,Nigeria,NGA,2431.53528472982,2.20842927714892,11.3964223378116,5.206,0.459170524387093,B
2020,Nigeria,NGA,2228.68631422888,-6.36889840510109,13.2460234276597,5.714,0.632022913474166,B
2021,Nigeria,NGA,2206.66406250067,1.10925253938163,16.9528457221608,5.404,1.01270192678284,B
2022,Nigeria,NGA,2254.29080416892,4.31882949523192,18.8471877843274,3.827,0.650166691789414,B
2023,Nigeria,NGA,2280.91931156115,3.32684556421316,24.659550203114,3.074,0.842654277365197,B
2024,Nigeria,NGA,2324.64881202751,4.06236408888319,33.2420966545406,3.045,0.555429367236392,B
2025,Nigeria,NGA,,,,3.064,,B
1990,Nicaragua,NIC,1260.87382799969,-0.0524997212688305,,,,OTHER
1991,Nicaragua,NIC,1229.80604541878,-0.189281493926757,,7.909,4.00221575959008,OTHER
1992,Nicaragua,NIC,1206.96231902297,0.386346578416166,,7.809,2.63275323516287,OTHER
1993,Nicaragua,NIC,1176.11536055025,-0.392936046663081,,7.833,2.10232558139535,OTHER
1994,Nicaragua,NIC,1189.83516111818,3.33772611282539,,7.668,1.18950040982787,OTHER
1995,Nicaragua,NIC,1234.76828254706,5.91190793658714,,7.414,1.10282030687536,OTHER
1996,Nicaragua,NIC,1288.94097201516,6.3442683605154,,7.12,0.949704913116282,OTHER
1997,Nicaragua,NIC,1317.89046510399,3.96665092760821,,7.1,0.894669832421458,OTHER
1998,Nicaragua,NIC,1346.07276130615,3.71168146396694,,7.203,0.735362192331601,OTHER
1999,Nicaragua,NIC,1420.31830106942,7.03597046350201,,7.18,0.71949282543475,OTHER
2000,Nicaragua,NIC,1458.37490084556,4.10159025073438,7.06991352252517,7.181,0.782751441383728,OTHER
2001,Nicaragua,NIC,1482.31517247279,2.96084349057273,5.98604186279518,7.222,0.683524520762284,OTHER
2002,Nicaragua,NIC,1475.48635411179,0.753938876079573,3.75017465778466,7.517,0.865165582304889,OTHER
2003,Nicaragua,NIC,1494.95618752566,2.52073289551447,5.30238773219936,7.6,0.860737429085598,OTHER
2004,Nicaragua,NIC,1555.87425694816,5.31217056950739,8.47021063584077,6.41,0.730793275300281,OTHER
2005,Nicaragua,NIC,1601.48770707458,4.28239833770654,9.59909986064425,5.37,0.700404064217207,OTHER
2006,Nicaragua,NIC,1644.37193565251,4.15294559846254,9.1401996677772,5.31,0.551255993486822,OTHER
2007,Nicaragua,NIC,1703.20780299405,5.0763520180987,11.1269347446118,4.89,0.53172621458102,OTHER
2008,Nicaragua,NIC,1736.65740610408,3.43571693608081,19.8262031287429,6.2,0.502058376769716,OTHER
2009,Nicaragua,NIC,1655.72028962416,-3.2926651586197,3.68700160498797,8.16,0.502751000926974,OTHER
2010,Nicaragua,NIC,1704.37875049059,4.41009911716546,5.45513425887423,7.83,0.505472679188859,OTHER
2011,Nicaragua,NIC,1786.62863418308,6.31668553491842,8.082387980991,6.613,0.526411336509848,OTHER
2012,Nicaragua,NIC,1876.1759720149,6.4961364710876,7.1935505333896,5.208,0.665903553721293,OTHER
2013,Nicaragua,NIC,1941.45628552626,4.92709413447304,7.13546785289407,5.28,0.678614215031222,OTHER
2014,Nicaragua,NIC,2006.64869646533,4.78546013589983,6.03596861798425,4.52,0.685091959091359,OTHER
2015,Nicaragua,NIC,2074.45620634731,4.79226768332697,3.99737996694396,4.7,0.775537371941149,OTHER
2016,Nicaragua,NIC,2140.14405941606,4.56314739524967,3.52317317628473,3.9,0.639876675817232,OTHER
2017,Nicaragua,NIC,2209.63273423213,4.63120757580209,3.85067166284727,3.3,0.626510067010078,OTHER
2018,Nicaragua,NIC,2107.3396261623,-3.3633566598573,4.94723728039886,5.2,0.62717222145559,OTHER
2019,Nicaragua,NIC,2019.91518620044,-2.89686986728901,5.37628990844126,5.457,0.605020089397565,OTHER
2020,Nicaragua,NIC,1950.19181218473,-2.23654176262323,3.68181341625572,6.18,0.629971870953776,OTHER
2021,Nicaragua,NIC,2128.30881395452,10.454389484408,4.92841396948968,6.076,0.549759399022683,OTHER
2022,Nicaragua,NIC,2175.73899144405,3.55029945613975,10.4674244465991,4.969,0.537113968209365,OTHER
2023,Nicaragua,NIC,2241.12235476653,4.42774384760374,8.38765854872536,4.698,0.554656019996368,OTHER
2024,Nicaragua,NIC,2290.47162505995,3.5878302292345,4.62473841057141,4.98,0.545131278321867,OTHER
2025,Nicaragua,NIC,,,,5.04,,OTHER
1990,Netherlands,NLD,31308.9134208148,4.18322279220835,2.45408985919675,,2.36901988510143,OTHER
1991,Netherlands,NLD,31820.8313025199,2.43913458059633,3.15819751859096,7.285,2.24853153093843,OTHER
1992,Netherlands,NLD,32119.9518808361,1.70607086906817,3.18358569499581,5.555,2.21300259630903,OTHER
1993,Netherlands,NLD,32297.9766237802,1.2575522529669,2.58418115634715,6.287,2.02782940845455,OTHER
1994,Netherlands,NLD,33054.4495589641,2.96109249092605,2.80152693672192,7.159,1.91306097545144,OTHER
1995,Netherlands,NLD,33916.5007865382,3.11603588982837,1.92322457166359,7.157,1.76873757696223,OTHER
1996,Netherlands,NLD,34915.1715894675,3.42057733811352,2.11378787066774,6.421,1.73454966695627,OTHER
1997,Netherlands,NLD,36211.6492887576,4.24847954297027,2.10924562739483,5.511,1.63818103121788,OTHER
1998,Netherlands,NLD,37661.7337325878,4.64778462461781,1.95913632274257,4.394,1.55853398473808,OTHER
1999,Netherlands,NLD,39298.7334353319,5.04332136430241,2.1571791805505,3.622,1.56975125135966,OTHER
2000,Netherlands,NLD,40665.338169599,4.2197537762102,2.36052233801958,2.725,1.43342083323197,OTHER
2001,Netherlands,NLD,41297.3198832208,2.32357570819386,4.15584127195612,2.119,1.43475082877619,OTHER
2002,Netherlands,NLD,41135.4190736263,0.245785659129112,3.28753104712766,2.554,1.42155215440017,OTHER
2003,Netherlands,NLD,40981.8477039972,0.097832364227159,2.09199838997655,3.593,1.43794632366222,OTHER
2004,Netherlands,NLD,41663.1477772692,2.01630996216733,1.26364739183177,4.646,1.42068916216587,OTHER
2005,Netherlands,NLD,42411.3453838518,2.03396336199143,1.6881301786962,5.872,1.39083240225484,OTHER
2006,Netherlands,NLD,43841.1223404104,3.53737509680782,1.10150106517709,5.007,1.38651514016655,OTHER
2007,Netherlands,NLD,45445.522872349,3.88530644801823,1.61385859802102,4.153,1.34687487455341,OTHER
2008,Netherlands,NLD,46227.211156219,2.11681593642137,2.48650198289457,3.658,1.29710010302488,OTHER
2009,Netherlands,NLD,44304.4119317351,-3.66529049145096,1.18977687021548,4.352,1.38580992838475,OTHER
2010,Netherlands,NLD,44659.272839058,1.31932032302214,1.27530569556679,4.991,1.31752879372712,OTHER
2011,Netherlands,NLD,45239.7318887962,1.77334516269423,2.34107017751373,4.977,1.27726127378573,OTHER
2012,Netherlands,NLD,44631.8745388789,-0.977876877747732,2.45554765291614,5.821,1.22552534668627,OTHER
2013,Netherlands,NLD,44487.03063469,-0.0302325600539604,2.50689852657875,7.241,1.1572088159419,OTHER
2014,Netherlands,NLD,45042.0669545832,1.61261001294011,0.976035079699679,7.419,1.14761127983414,OTHER
2015,Netherlands,NLD,45793.8135434697,2.12060523860846,0.600248147278776,6.872,1.11786033539529,OTHER
2016,Netherlands,NLD,46655.0363382039,2.42428572955482,0.316666666666652,6.007,1.14449960079147,OTHER
2017,Netherlands,NLD,47670.1057253297,2.78154619309936,1.38145871407216,4.837,1.13721447777951,OTHER
2018,Netherlands,NLD,48463.0299739951,2.2587403735731,1.70349794744479,3.832,1.1961416179648,OTHER
2019,Netherlands,NLD,49254.0158854264,2.30009157916757,2.63369910249591,3.379,1.29180842332848,OTHER
2020,Netherlands,NLD,47086.5804192702,-3.86795333823223,1.27246037789161,3.82,1.40607718904592,OTHER
2021,Netherlands,NLD,49780.8440526836,6.2768306708326,2.67572008805385,4.209,1.36537490886658,OTHER
2022,Netherlands,NLD,51777.5431588864,5.00723455159611,10.0012078753473,3.526,1.30419995572639,OTHER
2023,Netherlands,NLD,50960.7745021066,-0.598096167209832,3.83839354342808,3.535,1.44136515676766,OTHER
2024,Netherlands,NLD,51178.5256968147,1.08100584845663,3.34754304219953,3.7,1.91642541759119,OTHER
2025,Netherlands,NLD,,,,3.874,,OTHER
1990,Norway,NOR,49937.4557649197,1.93229130670601,4.1310334831135,,2.8339918998321,C
1991,Norway,NOR,51233.0361206278,3.08443862114596,3.43819599109134,5.407,2.69755102919046,C
1992,Norway,NOR,52758.9452546391,3.5744589537378,2.32808504911848,5.91,2.90717052046937,C
1993,Norway,NOR,53938.0213035278,2.8451826884301,2.28826933193061,5.965,2.63361861863617,C
1994,Norway,NOR,56343.0105353048,5.0552739968782,1.37567498071478,5.349,2.67698123806063,C
1995,Norway,NOR,58380.568466801,4.1556430062232,2.46036778693729,6.307,2.30745749830242,C
1996,Norway,NOR,61005.8800362747,5.02791307591366,1.26253249164501,5.036,2.16304215907884,C
1997,Norway,NOR,63882.4765019539,5.28460660979037,2.56692335900252,4.687,2.01605130811152,C
1998,Norway,NOR,65197.9463077391,2.66868660973638,2.25241329996429,3.737,2.15582766096953,C
1999,Norway,NOR,66094.7354532983,2.0720471690145,2.36596736596733,3.247,2.03788030128002,C
2000,Norway,NOR,67846.5968643534,3.31894570142394,3.08550609131279,3.458,1.70442346991516,C
2001,Norway,NOR,68899.5268987833,2.06713043546189,3.00419703998233,3.738,1.70223168580233,C
2002,Norway,NOR,69472.9836807311,1.37755702173065,1.28672528415184,4.022,2.07531910404726,C
2003,Norway,NOR,69719.3122573679,0.944909363247831,2.48782553461781,4.221,1.96940449912105,C
2004,Norway,NOR,72090.9862854901,4.01458802387079,0.454498502220863,4.256,1.84243477657857,C
2005,Norway,NOR,73524.2549197612,2.68512290339085,1.53213367609249,4.381,1.57588467314326,C
2006,Norway,NOR,74729.7365961068,2.46147311635166,2.3293498075755,3.397,1.44466802794409,C
2007,Norway,NOR,76115.7066768285,2.91404000653228,0.712589073634201,2.493,1.45917207799086,C
2008,Norway,NOR,75535.2118003041,0.481919549757933,3.75393081761005,2.521,1.37033371660879,C
2009,Norway,NOR,73141.3073299889,-1.94036472596633,2.19738586853568,3.1,1.59690979918941,C
2010,Norway,NOR,72804.3956188398,0.787051861494078,2.41890639481003,3.527,1.50762795492815,C
2011,Norway,NOR,72660.6754124944,1.10565603382983,1.2849515880916,3.196,1.44252755140788,C
2012,Norway,NOR,73661.6785830334,2.71795924894734,0.696864111498263,3.129,1.39318999611811,C
2013,Norway,NOR,73515.9144917472,1.01619084044641,2.12048620353112,3.425,1.40525218139781,C
2014,Norway,NOR,74180.3238731011,2.04813200438943,2.04170286707211,3.486,1.46227942776465,C
2015,Norway,NOR,74809.9658049898,1.85733971623901,2.17113665389527,4.296,1.49812327266489,C
2016,Norway,NOR,75017.4944769055,1.16472423928819,3.55000000000007,4.68,1.61734383599671,C
2017,Norway,NOR,76247.4116445341,2.46374626574153,1.87510059552545,4.164,1.70515328594991,C
2018,Norway,NOR,76373.6474606092,0.828931500516902,2.76483134528797,3.801,1.71529737478335,C
2019,Norway,NOR,76712.2871160349,1.12374694968757,2.16773003305411,3.684,1.84373537818427,C
2020,Norway,NOR,75287.2059527598,-1.27817177234034,1.28658490707996,4.424,1.96598369239436,C
2021,Norway,NOR,77812.7115614383,3.90868676830634,3.48388055266669,4.359,1.67632184694899,C
2022,Norway,NOR,79620.1635455079,3.24622860260932,5.76412317852272,3.231,1.46436961628818,C
2023,Norway,NOR,78775.7495154943,0.0721204806030329,5.51784987104659,3.574,1.81314737150102,C
2024,Norway,NOR,79667.5272314776,2.09723059960317,3.14530134431081,4.0,2.09124111193175,C
2025,Norway,NOR,,,,4.637,,C
1990,Nepal,NPL,422.724738575869,4.63503634698831,8.23970037453206,,0.877698697720722,OTHER
1991,Nepal,NPL,438.15619419594,6.3681503973968,15.5574529276949,10.465,0.868794915188911,OTHER
1992,Nepal,NPL,443.462044821677,4.10640661731669,17.1495236243439,10.473,0.857172504281226,OTHER
1993,Nepal,NPL,448.13094087379,3.84985002629573,7.50539419087105,10.492,0.835090130011041,OTHER
1994,Nepal,NPL,472.951082824345,8.21600269296587,8.34928672883384,10.458,0.792864588289217,OTHER
1995,Nepal,NPL,477.741099613336,3.46845189309603,7.62296950698163,10.473,0.767151166826895,OTHER
1996,Nepal,NPL,492.212428031946,5.32828417508708,9.22046662376986,10.446,0.733931488597476,OTHER
1997,Nepal,NPL,506.426874424217,5.04861254517328,4.00998860523181,10.512,0.717627970083392,OTHER
1998,Nepal,NPL,511.54871132025,3.01638947539399,11.2444677818614,10.526,0.755393438669459,OTHER
1999,Nepal,NPL,524.27256909301,4.41257328041399,7.45111260957546,10.549,0.77194600709259,OTHER
2000,Nepal,NPL,547.221082273632,6.19999998192236,2.47882020709136,10.531,0.783989813425201,OTHER
2001,Nepal,NPL,564.28622920391,4.79989214255407,2.6883037354563,10.502,0.960767214148209,OTHER
2002,Nepal,NPL,556.438454538796,0.120143177369414,3.02939948714892,10.593,1.26633078093219,OTHER
2003,Nepal,NPL,570.28967363428,3.94503776051116,5.70700931874738,10.644,1.39282050756047,OTHER
2004,Nepal,NPL,589.46992868617,4.68260325152944,2.8418113124898,10.652,1.56868123796311,OTHER
2005,Nepal,NPL,603.190108570995,3.47918104829496,6.83633265892877,10.59,1.68753218051244,OTHER
2006,Nepal,NPL,617.477638588722,3.36461478056277,6.92033580707589,10.609,1.53003259651123,OTHER
2007,Nepal,NPL,633.226129136597,3.41156027980276,2.26921924439074,10.642,1.35358169302232,OTHER
2008,Nepal,NPL,666.865095417138,6.10463914373472,9.9078300530648,10.597,1.3995740545118,OTHER
2009,Nepal,NPL,692.400000816919,4.5330787246486,11.0948237386987,10.582,1.43935498107438,OTHER
2010,Nepal,NPL,721.265221364302,4.81641464694573,9.32650410745395,10.563,1.36781608986268,OTHER
2011,Nepal,NPL,742.617252662576,3.42180870116162,9.2270754612596,10.627,1.35067285523943,OTHER
2012,Nepal,NPL,775.310578479839,4.67014192446953,9.45980980357125,10.632,1.24370217046399,OTHER
2013,Nepal,NPL,801.039060847856,3.52515317129149,9.04016311917645,10.666,1.3407258743985,OTHER
2014,Nepal,NPL,846.665541773599,6.01148284250441,8.36415469659563,10.62,1.43375979820575,OTHER
2015,Nepal,NPL,875.543635474862,3.97605327162971,7.86890895590891,10.643,1.36813102427041,OTHER
2016,Nepal,NPL,875.188943730855,0.433113719381524,8.7903433200464,10.714,1.46937461345505,OTHER
2017,Nepal,NPL,951.857298563641,8.97727935643466,2.77703998300211,10.66,1.48497718496345,OTHER
2018,Nepal,NPL,1021.91492204011,7.62237610397935,4.40659410175714,10.593,1.34998219265679,OTHER
2019,Nepal,NPL,1077.11796498188,6.65705543110467,5.56616035243723,10.477,1.23581135255825,OTHER
2020,Nepal,NPL,1031.53618783934,-2.3696206292072,5.05635826238499,13.037,1.32338446484361,OTHER
2021,Nepal,NPL,1062.7888430629,4.838149614115,4.12676744440695,12.241,1.21581594858048,OTHER
2022,Nepal,NPL,1113.55462341223,5.6313145568451,7.6702057938028,10.661,1.15743842490309,OTHER
2023,Nepal,NPL,1136.42769313825,1.98254843628392,7.11587261530826,10.437,1.07154635588773,OTHER
2024,Nepal,NPL,1179.81272768386,3.66537430744967,4.6850965426577,10.5,0.979452474186084,OTHER
2025,Nepal,NPL,,,,10.465,,OTHER
1990,Nauru,NRU,20706.6309011684,-2.81674699951282,,,,OTHER
1991,Nauru,NRU,16385.3941242241,-18.993787330352,,,,OTHER
1992,Nauru,NRU,13486.9403127069,-16.2603049432886,,,,OTHER
1993,Nauru,NRU,11222.494532134,-16.1173254945599,,,,OTHER
1994,Nauru,NRU,10751.3685053512,-3.86612962166197,,,,OTHER
1995,Nauru,NRU,9872.21613042566,-7.92349131646668,,,,OTHER
1996,Nauru,NRU,8686.03948171514,-11.8595009473893,,,,OTHER
1997,Nauru,NRU,7897.46740747697,-8.95361250044344,,,,OTHER
1998,Nauru,NRU,6965.83276372891,-11.7879754358542,,,,OTHER
1999,Nauru,NRU,6515.32995425484,-6.56820999299312,,,,OTHER
2000,Nauru,NRU,6079.96620774489,-6.85619346501754,,,,OTHER
2001,Nauru,NRU,5690.15963796811,-6.76108886950998,,,,OTHER
2002,Nauru,NRU,5147.16130887748,-9.97138355338151,,,,OTHER
2003,Nauru,NRU,5173.61559183102,0.28465686231101,,,,OTHER
2004,Nauru,NRU,4949.8909692212,-4.3148265049213,,,,OTHER
2005,Nauru,NRU,4955.30929946913,0.0,,,,OTHER
2006,Nauru,NRU,5382.10161869099,8.45070422535204,,,,OTHER
2007,Nauru,NRU,4199.70508141733,-22.077922077922,,,,OTHER
2008,Nauru,NRU,5045.18472364491,19.9999999999999,,,,OTHER
2009,Nauru,NRU,4761.56658392323,-5.55555555555564,,,,OTHER
2010,Nauru,NRU,4748.76539924078,0.0,,,,OTHER
2011,Nauru,NRU,5417.44487923767,14.7058823529412,0.3003003003003,,,OTHER
2012,Nauru,NRU,6626.18317072945,24.3589743589745,-0.124750499001971,,,OTHER
2013,Nauru,NRU,6735.42128061862,4.12371134020613,,,,OTHER
2014,Nauru,NRU,7638.99065218892,15.8415841584163,,,,OTHER
2015,Nauru,NRU,7747.25584993607,3.41880341880281,,,,OTHER
2016,Nauru,NRU,7925.5779662048,4.13223140495909,,,,OTHER
2017,Nauru,NRU,7308.31758516508,-6.34920634920697,,,,OTHER
2018,Nauru,NRU,7149.78109138393,-0.847457627117805,,,,OTHER
2019,Nauru,NRU,7687.19643322519,8.5470085470084,,,,OTHER
2020,Nauru,NRU,7770.69883784016,1.57480314960559,,,,OTHER
2021,Nauru,NRU,8325.88214663427,7.75193798449692,,,,OTHER
2022,Nauru,NRU,8498.6998601243,2.87769784172609,,,,OTHER
2023,Nauru,NRU,8504.80065666726,0.699300699300778,,,,OTHER
2024,Nauru,NRU,8570.95582950675,1.38888888888904,,,,OTHER
1990,New Zealand,NZL,26395.6955991067,0.153140653942785,6.09844414810204,,2.31118179211096,OTHER
1991,New Zealand,NZL,24873.0116450683,-1.09079322533503,2.60239285999773,10.614,2.27879899517525,OTHER
1992,New Zealand,NZL,24884.4957445909,1.09383475591748,1.01456027171236,10.667,2.09692028985507,OTHER
1993,New Zealand,NZL,26174.8337705197,6.39152850429893,1.28820776574386,9.804,1.93570187294845,OTHER
1994,New Zealand,NZL,27151.4717124485,5.11924841488023,1.74537790773743,8.354,1.85336848600438,OTHER
1995,New Zealand,NZL,28020.2488667404,4.72208114777668,3.75494413677554,6.461,1.8424965987112,OTHER
1996,New Zealand,NZL,28576.4399807986,3.61187886151062,2.28571305402195,6.29,1.79266217547491,OTHER
1997,New Zealand,NZL,28790.3001245608,2.07927288651346,1.18714833105632,6.857,1.71947356766697,OTHER
1998,New Zealand,NZL,28780.9341788,0.858406352198429,1.26524409915406,7.718,1.71057230025219,OTHER
1999,New Zealand,NZL,30169.7402015621,5.37772890780957,-0.114267129777524,7.023,1.64847514924836,OTHER
2000,New Zealand,NZL,30853.807635459,2.87005108790095,2.6152344624632,6.13,1.59661664300683,OTHER
2001,New Zealand,NZL,31718.7628389095,3.41099312247906,2.62581630392903,5.433,1.50037212395687,OTHER
2002,New Zealand,NZL,32641.8202163485,4.71347767117496,2.67709257711605,5.282,1.40027526778768,OTHER
2003,New Zealand,NZL,33517.0893271345,4.72804204913962,1.75357444759557,4.745,1.32758202233317,OTHER
2004,New Zealand,NZL,34372.5891093868,4.08796484025709,2.29024902847571,4.005,1.17679545518528,OTHER
2005,New Zealand,NZL,35126.3341641095,3.35292760405062,3.03702332617012,3.807,1.13990601161353,OTHER
2006,New Zealand,NZL,35665.3533259784,2.77978059105617,3.36540196171993,3.857,1.24082789303303,OTHER
2007,New Zealand,NZL,36414.3173040299,3.05641638984955,2.37614310290659,3.661,1.18207112642705,OTHER
2008,New Zealand,NZL,35739.3584607571,-1.01703846933975,3.9589493731206,4.167,1.15276441116352,OTHER
2009,New Zealand,NZL,35370.585185302,-0.0374661120713,2.1156511055456,6.121,1.21981164874631,OTHER
2010,New Zealand,NZL,35489.7631519026,1.45863634911349,2.30202385958572,6.557,1.20991906751486,OTHER
2011,New Zealand,NZL,35957.523248516,2.09349621669912,4.0279066739204,6.491,1.16234930052697,OTHER
2012,New Zealand,NZL,36607.1493914827,2.36630664656174,1.05991318445632,6.931,1.11637221213693,OTHER
2013,New Zealand,NZL,37267.6586997514,2.58954199031598,1.13442266445817,5.839,1.04392336294516,OTHER
2014,New Zealand,NZL,38056.2646732554,3.82638491760299,1.227507505974,5.428,0.998146779850979,OTHER
2015,New Zealand,NZL,38665.3723018158,3.69036908387233,0.292704628136101,5.415,0.987950412435414,OTHER
2016,New Zealand,NZL,39235.3695566636,3.77911068354334,0.646240284454524,5.147,1.03552843699621,OTHER
2017,New Zealand,NZL,39722.6068434219,3.37873219470765,1.85078767452536,4.736,1.05195301181686,OTHER
2018,New Zealand,NZL,40371.5456268118,3.47058203866328,1.59829703801696,4.335,1.10543396326223,OTHER
2019,New Zealand,NZL,40727.8822513384,2.31747144034802,1.61963190184048,4.109,1.29326329516102,OTHER
2020,New Zealand,NZL,39785.473128643,-0.307246896026541,1.71456170007245,4.595,1.3399501211388,OTHER
2021,New Zealand,NZL,41490.1148198326,4.53540565716095,3.94112060778728,3.776,1.16477544956865,OTHER
2022,New Zealand,NZL,42965.2749754735,3.49638686458842,7.17222476016441,3.299,1.17089864666233,OTHER
2023,New Zealand,NZL,42573.2308423434,1.39425181563566,5.73316283034957,3.734,1.22064828880902,OTHER
2024,New Zealand,NZL,42408.2378731636,1.28862004711685,2.92279782301957,4.724,1.19404695449297,OTHER
2025,New Zealand,NZL,,,,5.076,,OTHER
1990,OECD members,OED,25156.9617805775,2.9515256190149,,,3.2604773210838,OTHER
1991,OECD members,OED,25204.4625915417,1.15793037476011,,6.78453649835212,2.94072419563844,OTHER
1992,OECD members,OED,25504.907109715,2.15379496034119,,7.26896398956244,2.88203678923541,OTHER
1993,OECD members,OED,25649.1354898372,1.47078314407025,,7.76186074581727,2.71336569389883,OTHER
1994,OECD members,OED,26276.8326942285,3.30842501346736,,7.8347445928305,2.5229406330154,OTHER
1995,OECD members,OED,26784.2672404089,2.75531875819401,,7.60351506136332,2.30974144843962,OTHER
1996,OECD members,OED,27404.9320998035,3.11956621052261,,7.54860880642088,2.25321476412214,OTHER
1997,OECD members,OED,28184.2038469777,3.64032099256963,,7.2525797614352,2.23323647613037,OTHER
1998,OECD members,OED,28817.0515327935,3.00485924731629,,7.2199536786199,2.177523202736,OTHER
1999,OECD members,OED,29590.8090322948,3.44372826433369,,7.16498343192011,2.12060437034712,OTHER
2000,OECD members,OED,30592.0378269081,4.12353340516877,,6.71100200632985,2.11316631522539,OTHER
2001,OECD members,OED,30794.724507181,1.40629069782288,,6.61732244402855,2.14022331927513,OTHER
2002,OECD members,OED,31037.1528475102,1.53556544932572,,7.13987676171849,2.27181235745966,OTHER
2003,OECD members,OED,31442.0228737181,2.04433401154085,,7.27483771000377,2.36981529569637,OTHER
2004,OECD members,OED,32234.4407117914,3.26135550197822,,7.17441119702139,2.38764436386879,OTHER
2005,OECD members,OED,32918.4900985192,2.84476924785859,,6.8314671013283,2.40568170798281,OTHER
2006,OECD members,OED,33673.9718111843,3.04090437455289,,6.34618116260618,2.37775849481548,OTHER
2007,OECD members,OED,34311.0693477502,2.62073098084872,,5.88940261869547,2.3503144354676,OTHER
2008,OECD members,OED,34177.1150541466,0.395831033548859,,6.20560204861274,2.44965573556823,OTHER
2009,OECD members,OED,32783.6280768116,-3.38026884475772,,8.38089327283664,2.68696641341511,OTHER
2010,OECD members,OED,33528.4100044688,2.96705999909364,,8.5207939102318,2.64126916981671,OTHER
2011,OECD members,OED,33975.6013090401,1.87802028856426,,8.12208995143807,2.54215451796736,OTHER
2012,OECD members,OED,34230.3149071274,1.3767544058629,,8.1052243905592,2.45888985565007,OTHER
2013,OECD members,OED,34581.5357525872,1.62046550836892,,8.0052013501398,2.31777136444151,OTHER
2014,OECD members,OED,35120.4008452828,2.17833905340592,,7.41355901404922,2.21341542778475,OTHER
2015,OECD members,OED,35779.9123271942,2.51027367143092,,6.86087177315421,2.20938979385762,OTHER
2016,OECD members,OED,36216.0475622534,1.86249391596978,,6.43777881290623,2.18935276443053,OTHER
2017,OECD members,OED,36943.6721882405,2.61694093867459,,5.91778939975999,2.15211433457667,OTHER
2018,OECD members,OED,37584.634230902,2.3646207330156,,5.47531712204431,2.16715399462039,OTHER
2019,OECD members,OED,38062.9859938454,1.845758103338,,5.38694799203713,2.25060074291924,OTHER
2020,OECD members,OED,36444.6516392817,-3.88927214744994,,7.15006573828169,2.42719451308333,OTHER
2021,OECD members,OED,38552.7294071217,5.9755204126343,,6.19603952385965,2.29948876978141,OTHER
2022,OECD members,OED,39550.448387956,3.09501591343317,,4.99493121590976,2.2997750446241,OTHER
2023,OECD members,OED,40000.4208005086,1.8223568091873,,4.82630518293887,2.36234575698351,OTHER
2024,OECD members,OED,40461.3496678975,1.80676868744605,,4.909183925318,2.55189721158458,OTHER
2025,OECD members,OED,,,,4.92579055790538,,OTHER
1990,Oman,OMN,16629.4556601528,-0.130425738129333,,,12.3909414645003,OTHER
1991,Oman,OMN,16805.7218402658,6.07407790816865,,4.056,11.0639102916896,OTHER
1992,Oman,OMN,17404.1314569504,8.41388425937097,,4.16,12.1840929027946,OTHER
1993,Oman,OMN,17694.1605143981,6.04296067461487,,4.009,11.5257307019735,OTHER
1994,Oman,OMN,17848.8187662711,3.87577416657888,,4.073,11.766452600004,OTHER
1995,Oman,OMN,18398.7242065917,4.99681952030654,,4.167,10.9676477238468,OTHER
1996,Oman,OMN,18639.2039411697,3.04593990978547,,4.254,9.40707829017925,OTHER
1997,Oman,OMN,19458.9266441148,6.03351250709945,,4.196,9.3579111585516,OTHER
1998,Oman,OMN,19167.755471589,-0.0678740925781511,,4.346,8.21609216715177,OTHER
1999,Oman,OMN,18965.2142322448,0.29759569579106,,4.433,7.51678821932738,OTHER
2000,Oman,OMN,19881.7364316776,6.19241063695442,,4.433,7.08570878292736,OTHER
2001,Oman,OMN,20546.0554077598,4.61316649389876,-0.816666666666656,4.298,8.19564037118769,OTHER
2002,Oman,OMN,20150.1131971413,-0.784165786429256,-0.279578822571373,4.335,8.10066565457833,OTHER
2003,Oman,OMN,19485.6441506077,-2.19466567976842,0.231328682267143,4.599,7.96203498651595,OTHER
2004,Oman,OMN,19534.8601445269,1.99251510973346,0.624969062631367,4.693,7.86037959717824,OTHER
2005,Oman,OMN,19629.0451546015,2.77944360306151,1.90983553531865,4.589,7.71403410853305,OTHER
2006,Oman,OMN,20096.3965576134,4.66981481939328,3.54498591605033,4.387,7.09909361868035,OTHER
2007,Oman,OMN,20642.7489563377,4.98065467051528,5.8304841809271,4.309,6.71756431693885,OTHER
2008,Oman,OMN,22007.7338963517,8.95005895005896,12.3754091529912,4.142,4.96024822382651,OTHER
2009,Oman,OMN,22819.1977324647,5.98196694904402,3.46881023754893,3.977,6.07257047519031,OTHER
2010,Oman,OMN,22766.0503620721,2.47199856582773,3.25657959078624,3.911,5.64885516492993,OTHER
2011,Oman,OMN,20993.9079436935,2.89460973541192,4.0421886711639,3.95,6.45275108066004,OTHER
2012,Oman,OMN,19824.1215485946,8.86312225557018,2.94773495257209,3.753,10.5832031528957,OTHER
2013,Oman,OMN,19299.9400516869,5.22770408145942,1.05354820265932,3.553,9.74727260107489,OTHER
2014,Oman,OMN,18726.2026946971,1.29225229411081,1.01401483924156,3.453,8.86041181394662,OTHER
2015,Oman,OMN,18808.3077921839,5.01705799719045,0.0652901330286599,3.403,9.57116730321235,OTHER
2016,Oman,OMN,18830.6057208608,5.04642394571691,1.10920805807027,3.266,10.5631262289399,OTHER
2017,Oman,OMN,18277.945563615,0.304057565922449,1.58909413567799,2.523,8.41324995212154,OTHER
2018,Oman,OMN,18269.6769435562,1.28710391543288,0.889312370970404,1.8,8.26760144238502,OTHER
2019,Oman,OMN,18089.586668488,-1.12863801728058,0.490815362820671,2.045,7.43921190765759,OTHER
2020,Oman,OMN,17743.8858800477,-3.37972052697999,-0.40640291946585,2.94,8.03024250539625,OTHER
2021,Oman,OMN,18291.3387983888,2.5821749892893,1.68221185876085,1.9,6.62317519939364,OTHER
2022,Oman,OMN,18792.4460565306,7.98570728354278,2.5061425061425,3.3,5.2647590817834,OTHER
2023,Oman,OMN,17853.9645119949,1.41401395818599,0.950782997762827,3.176,5.52596096461175,OTHER
2024,Oman,OMN,17347.2911339051,1.63163221127449,0.593589236248469,3.203,5.59419531945284,OTHER
2025,Oman,OMN,,,,3.251,,OTHER
1990,Other small states,OSS,7042.83612884935,5.23617943557475,,,4.70082742133723,OTHER
1991,Other small states,OSS,6866.72002011874,-0.52020552502708,,7.94216805267713,4.6693010606185,OTHER
1992,Other small states,OSS,6601.26235515572,-3.12463963731268,,8.54155735284872,5.18228783123863,OTHER
1993,Other small states,OSS,6591.71281773479,0.372070515482292,,9.40750422047572,2.97696586211077,OTHER
1994,Other small states,OSS,6721.93849712075,2.84752299533648,,9.57430196742702,3.06517580966628,OTHER
1995,Other small states,OSS,6967.75966165475,4.34294507564942,,9.94793817545676,2.67329841574408,OTHER
1996,Other small states,OSS,7116.49968280051,3.25734317727947,,9.99515701713923,3.20619659679827,OTHER
1997,Other small states,OSS,7461.55864154778,6.23694695625603,,10.1294672610186,3.71074858254189,OTHER
1998,Other small states,OSS,7615.61330180384,3.41731507473526,,9.95866567854553,3.23197080229613,OTHER
1999,Other small states,OSS,7803.52657319564,2.59592751290558,,10.6854506886027,2.48962256866198,OTHER
2000,Other small states,OSS,8348.27646209373,7.30660957102901,,11.0177711399269,2.12558888924141,OTHER
2001,Other small states,OSS,8464.54110405474,3.18928851545208,,10.9398104204621,2.13247788113411,OTHER
2002,Other small states,OSS,8609.50564808359,3.49386287726676,,10.2407776645491,1.83803597065688,OTHER
2003,Other small states,OSS,8860.43714498688,4.26926213641663,,10.6409211857421,1.76203119141074,OTHER
2004,Other small states,OSS,9164.67108439275,4.45593697193823,,10.6266524019735,1.63514689131844,OTHER
2005,Other small states,OSS,9487.11347008899,4.60415245323831,,10.5021202220473,1.66891313949759,OTHER
2006,Other small states,OSS,9959.86385190429,6.20030003008425,,9.68343911516973,1.58152078166493,OTHER
2007,Other small states,OSS,10377.4487607855,5.46064815476821,,9.04975553505642,1.54579683977648,OTHER
2008,Other small states,OSS,10343.2053560068,0.898669950888518,,8.87238702238271,1.54161178557987,OTHER
2009,Other small states,OSS,9699.18302744397,-5.13080799644791,,10.7283220301547,1.67844050923176,OTHER
2010,Other small states,OSS,9829.37376191878,2.47562099508463,,11.1281009935269,1.65242130655609,OTHER
2011,Other small states,OSS,10049.9562166758,3.29069314227961,,10.5303011113759,1.5167154309133,OTHER
2012,Other small states,OSS,10063.1293120612,1.20022660464679,,10.5345766634014,1.51438328890226,OTHER
2013,Other small states,OSS,10036.2011169509,0.791667553785189,,10.7696689681663,1.49503903451105,OTHER
2014,Other small states,OSS,10136.6802416118,2.09877810164529,,10.4617084896957,1.59222344665249,OTHER
2015,Other small states,OSS,10359.1182462574,3.3511007552562,,9.99952511697503,1.59577600552815,OTHER
2016,Other small states,OSS,10667.1122642121,4.11091200572844,,9.69565767751643,1.55509005747211,OTHER
2017,Other small states,OSS,11078.5034399888,5.06107673012673,,9.26010688179757,1.46919761397995,OTHER
2018,Other small states,OSS,11422.3381975176,4.35830092725908,,8.78845724438525,1.48238207380507,OTHER
2019,Other small states,OSS,11765.0274554195,4.24479955996004,,8.37803693303246,1.55209780758809,OTHER
2020,Other small states,OSS,10962.0788606767,-5.79748440207983,,9.99575648409841,1.76827062661613,OTHER
2021,Other small states,OSS,11722.030338555,8.00516977657277,,9.49668399234599,1.61395640313658,OTHER
2022,Other small states,OSS,12081.4158837591,4.35703581894087,,9.01147513544492,1.56778889400999,OTHER
2023,Other small states,OSS,12349.4784075444,3.20990960730505,,8.44487902544127,1.82293392477306,OTHER
2024,Other small states,OSS,12597.7224556377,2.8832579743179,,8.48668976701628,1.97112811590868,OTHER
2025,Other small states,OSS,,,,8.59167767443203,,OTHER
1990,Pakistan,PAK,950.884644833285,4.45858681510218,9.05213155279776,,6.52232023523122,B
1991,Pakistan,PAK,966.522495703734,5.06156775897861,11.7912703351416,0.596,6.57095278815428,B
1992,Pakistan,PAK,1011.6250844611,7.70589781716029,9.5090414619015,0.587,6.69818754925138,B
1993,Pakistan,PAK,1001.25854820003,1.7577476978468,9.97366476029209,0.596,6.42731262310377,B
1994,Pakistan,PAK,1009.06429520182,3.73741555767747,12.3681943936948,0.601,5.92354829296761,B
1995,Pakistan,PAK,1028.96592446155,4.96260914623281,12.3435785170513,0.611,5.82022528285793,B
1996,Pakistan,PAK,1047.88663514614,4.84658128681654,10.3738085885002,0.6,6.03716630506556,B
1997,Pakistan,PAK,1028.99804758369,1.01439601077892,11.3754928865122,0.611,5.6212164889017,B
1998,Pakistan,PAK,1026.50033720969,2.55023429817393,6.22800415424543,0.62,5.4150950442544,B
1999,Pakistan,PAK,1035.49888206288,3.66013273943236,4.14263718082171,0.625,5.18989926490607,B
2000,Pakistan,PAK,1049.54229686852,4.2600880111325,4.36666451291681,0.614,4.16872271381496,B
2001,Pakistan,PAK,1057.86767778646,3.65135017083765,3.14826144590618,0.611,3.87893394479455,B
2002,Pakistan,PAK,1059.04171024589,2.59481668445784,3.29034472613153,0.615,4.07377016787657,B
2003,Pakistan,PAK,1090.27523993746,5.40131087314342,2.91413470059479,0.612,4.09142718735613,B
2004,Pakistan,PAK,1146.99632842666,7.83125556961251,7.44462469342739,0.598,3.95603411669147,B
2005,Pakistan,PAK,1201.23359367214,7.2765744364722,9.06332737030417,0.583,3.89701939256291,B
2006,Pakistan,PAK,1243.94142602543,6.05163767569996,7.92108440058789,0.582,3.64525520437771,B
2007,Pakistan,PAK,1265.35567539842,4.4448143398844,7.59868441050774,0.398,3.51198610011098,B
2008,Pakistan,PAK,1258.05188934452,2.1204410433083,20.2861210929554,0.423,3.45937100362745,B
2009,Pakistan,PAK,1269.07432116444,3.47255059567348,13.6477650639761,0.535,3.26522399322955,B
2010,Pakistan,PAK,1256.69482201323,1.50171752152883,12.9388705634889,0.653,3.04189326480607,B
2011,Pakistan,PAK,1261.83161907857,2.68011685421705,11.9160927116277,0.796,2.91924318438144,B
2012,Pakistan,PAK,1275.48806898966,3.02758391088629,9.68235186055684,3.667,3.09577353673779,B
2013,Pakistan,PAK,1309.70080446386,4.36686504978387,7.69215611899565,2.954,3.08802003540329,B
2014,Pakistan,PAK,1343.30778121043,4.11642817161422,7.18938402847028,1.827,3.09657969704779,B
2015,Pakistan,PAK,1380.47020838317,4.21794209572506,2.52932817254229,3.566,3.16298664508296,B
2016,Pakistan,PAK,1452.18658269177,6.57383828511043,3.7651191635658,2.285,3.20377671550622,B
2017,Pakistan,PAK,1495.26187528032,4.43262590683975,4.08537368032608,3.204,3.36444910317801,B
2018,Pakistan,PAK,1561.68169819559,6.15170261099519,5.07805725868917,4.083,3.58696176378502,B
2019,Pakistan,PAK,1573.8330826937,2.49763692943365,10.5780305672025,4.83,3.50584031595126,B
2020,Pakistan,PAK,1526.00597486307,-1.27408744338709,9.74011619320125,5.994,3.48667909020303,B
2021,Pakistan,PAK,1595.02792175422,6.51388575852702,9.49641577285205,6.338,3.38923879613996,B
2022,Pakistan,PAK,1642.28066974826,4.7781068690358,19.8738599646655,5.291,3.17683202352522,B
2023,Pakistan,PAK,1610.33122837537,-0.414935997088406,30.7681280657005,5.237,2.88079974069692,B
2024,Pakistan,PAK,1634.56735260799,3.04898287335465,12.6325318530452,5.492,2.66760037007452,B
2025,Pakistan,PAK,,,,5.42,,B
1990,Panama,PAN,4828.75877741909,8.09899300573224,0.769485354956023,,1.25635913653238,OTHER
1991,Panama,PAN,5172.60690082671,9.41900577743102,1.25626077674688,6.443,1.22854731313889,OTHER
1992,Panama,PAN,5480.88063504292,8.20168016089661,1.82452156989957,6.317,1.08347426748615,OTHER
1993,Panama,PAN,5661.07624865119,5.45574435675844,0.453930078840388,6.374,1.19864522871209,OTHER
1994,Panama,PAN,5703.67337622246,2.85014710063089,1.26843190106196,6.428,1.19255655788032,OTHER
1995,Panama,PAN,5686.40439027097,1.75167879322248,0.994206982933841,6.512,1.11575688974104,OTHER
1996,Panama,PAN,5799.88558414435,4.07970276668888,1.25571661111548,6.728,1.08559230216368,OTHER
1997,Panama,PAN,6122.64663325832,7.70904005690254,1.32435122100608,6.588,1.17017056723522,OTHER
1998,Panama,PAN,6504.97009776294,8.38747203278514,0.559081293442493,6.397,0.951292019208781,OTHER
1999,Panama,PAN,6709.72274201339,5.21164589070221,1.24718256949636,6.168,0.974136501313688,OTHER
2000,Panama,PAN,6856.1491877083,4.2090057360153,1.49896111605777,6.188,,OTHER
2001,Panama,PAN,6787.86265820271,0.949907875683692,0.307062436028722,6.293,,OTHER
2002,Panama,PAN,6825.1774775292,2.50884408826073,1.00583090379039,6.302,,OTHER
2003,Panama,PAN,7037.08164896629,5.09686013628365,0.391666666666657,6.303,,OTHER
2004,Panama,PAN,7468.76593461799,8.1756535098435,0.474723078204336,6.097,,OTHER
2005,Panama,PAN,7935.87134515908,8.27618322400723,2.85588324760959,5.967,,OTHER
2006,Panama,PAN,8557.98017379308,9.8572387394466,2.45789346442096,5.792,,OTHER
2007,Panama,PAN,9507.64640169959,13.1530653136012,4.16863300298887,5.665,,OTHER
2008,Panama,PAN,10288.1549774225,10.197432548532,8.75868317728784,5.639,,OTHER
2009,Panama,PAN,10267.0633132424,1.61186417596689,2.409053040822,5.857,,OTHER
2010,Panama,PAN,10698.0717490512,6.07339340909564,3.491288726188,5.845,,OTHER
2011,Panama,PAN,11761.4988389067,11.9088772241134,5.8758024367877,4.03,,OTHER
2012,Panama,PAN,12668.2945402358,9.62729355007232,5.69819959165992,3.691,,OTHER
2013,Panama,PAN,13236.8306490828,6.32435373509259,4.0271599157106,3.674,,OTHER
2014,Panama,PAN,13611.5490656071,4.62581384604574,2.62652699929151,4.391,,OTHER
2015,Panama,PAN,14082.6548434996,5.26691726402875,0.137492058461504,4.335,,OTHER
2016,Panama,PAN,14474.124340577,4.57196696307969,0.739734025300033,4.717,,OTHER
2017,Panama,PAN,15045.545619615,5.74405946988693,0.875585918759878,5.338,,OTHER
2018,Panama,PAN,15375.6434854475,3.9181980847881,0.761578359399944,5.161,,OTHER
2019,Panama,PAN,15602.5420714581,3.10306793272473,-0.355083821021245,6.256,,OTHER
2020,Panama,PAN,12647.0826553801,-17.8212299459324,-1.5502754080376,14.663,,OTHER
2021,Panama,PAN,14552.9401400295,16.4671248604202,1.63070337301898,10.177,,OTHER
2022,Panama,PAN,15956.0653932059,11.0385475261766,2.85965128834711,8.086,,OTHER
2023,Panama,PAN,16877.1508423953,7.16632946099945,1.48641355277038,6.544,,OTHER
2024,Panama,PAN,17122.720655567,2.74788545546916,0.693225551004538,8.451,,OTHER
2025,Panama,PAN,,,,8.36,,OTHER
1990,Peru,PER,2706.92253156841,-4.98256353646605,7481.66361124526,,2.68237879230488,OTHER
1991,Peru,PER,2709.27754515647,2.2192591027909,409.530166622023,4.926,2.01981593068921,OTHER
1992,Peru,PER,2640.31373880219,-0.540509124723926,73.5282942442641,5.068,2.50703504732668,OTHER
1993,Peru,PER,2723.2842310292,5.24357700773291,48.5799864468885,4.795,2.74610246918215,OTHER
1994,Peru,PER,2998.57693125514,12.3083661848445,23.7369050565046,4.491,2.47419793989292,OTHER
1995,Peru,PER,3158.98338644792,7.41139504735119,11.1287029707089,4.708,2.63532409935627,OTHER
1996,Peru,PER,3186.90077024092,2.79897307912609,11.5379424115177,4.929,2.50202659772583,OTHER
1997,Peru,PER,3331.15151093297,6.47682442079709,8.56218948953653,4.762,1.99676996833552,OTHER
1998,Peru,PER,3258.29746206218,-0.391537555833821,7.24782175213469,5.099,2.01666134194933,OTHER
1999,Peru,PER,3250.37802318947,1.49491064308833,3.46965996293019,5.011,1.93063071870992,OTHER
2000,Peru,PER,3286.27308475523,2.69437139806912,3.75733833344474,4.959,1.78896684869544,OTHER
2001,Peru,PER,3261.6642505136,0.617892325624297,1.97709878502053,5.068,1.75202012964839,OTHER
2002,Peru,PER,3398.74991419297,5.45352893818767,0.193135003853722,4.84,1.54184022087652,OTHER
2003,Peru,PER,3502.79165687646,4.16502313666112,2.25937753363072,4.15,1.5094994978724,OTHER
2004,Peru,PER,3640.60299869744,4.95820320611745,3.66247320092233,4.71,1.38222353551043,OTHER
2005,Peru,PER,3835.13219279722,6.28506032509601,1.61630193862544,4.87,1.58127268565483,OTHER
2006,Peru,PER,4091.36268615581,7.5288990440594,2.00225801248819,4.17,1.45621492625964,OTHER
2007,Peru,PER,4407.79121686416,8.5183877690955,1.77998644680372,4.08,1.30393825370825,OTHER
2008,Peru,PER,4778.52642172313,9.1265683014642,5.78587598206755,4.03,1.24669488192926,OTHER
2009,Peru,PER,4801.17153740507,1.0958236592427,2.936231535967,3.96,1.52962572422539,OTHER
2010,Peru,PER,5167.39259325937,8.33245910749577,1.52832059732901,3.6,1.47697203873093,OTHER
2011,Peru,PER,5453.45718713631,6.32719240161117,3.36931095333853,3.477,1.37118305528699,OTHER
2012,Peru,PER,5740.04346272472,6.13972470560435,3.61121294940163,3.238,1.48351279277452,OTHER
2013,Peru,PER,6021.46142765232,5.85251821084928,2.76789666082002,3.575,1.64306905104789,OTHER
2014,Peru,PER,6103.91864749969,2.38215737180541,3.41194579807465,3.208,1.60248762240244,OTHER
2015,Peru,PER,6231.71150338894,3.25224477218451,3.39809194746308,3.272,1.74508054943009,OTHER
2016,Peru,PER,6392.25474941014,3.95331871520767,3.55717663556279,3.741,1.32190839942957,OTHER
2017,Peru,PER,6457.41940254721,2.51883544233135,2.99490045809443,3.691,1.2652396703256,OTHER
2018,Peru,PER,6593.14437459526,3.969351341365,1.50915423024742,3.492,1.18979117011669,OTHER
2019,Peru,PER,6626.26083494969,2.24063176875049,2.25212191358027,3.379,1.20589146228792,OTHER
2020,Peru,PER,5831.83024758521,-10.9333065010382,2.00241205759292,7.179,1.31677830419866,OTHER
2021,Peru,PER,6547.84718181776,13.3626240903125,4.27166381536798,5.097,1.1644987739258,OTHER
2022,Peru,PER,6667.51695632036,2.8090335533015,8.33370630096231,4.291,1.135133506685,OTHER
2023,Peru,PER,6568.0002779793,-0.403242151494268,6.45561348369586,4.899,1.23585995220031,OTHER
2024,Peru,PER,6711.19403272527,3.30394098171516,2.00770739412712,5.199,0.909288680359786,OTHER
2025,Peru,PER,,,,5.117,,OTHER
1990,Philippines,PHL,1704.07568899121,3.08267252855887,12.1773522064946,,2.14724666740931,OTHER
1991,Philippines,PHL,1656.38349704781,-0.436390080533428,19.2614585266282,3.727,2.01072106794016,OTHER
1992,Philippines,PHL,1624.34939806129,0.417629066097945,8.65100357865265,3.849,2.03646157033354,OTHER
1993,Philippines,PHL,1620.35505833942,2.181889985613,6.71631104109973,3.869,2.15753564016657,OTHER
1994,Philippines,PHL,1654.74613902838,4.37366591819077,10.3864734299517,3.767,2.17244658668699,OTHER
1995,Philippines,PHL,1693.80873081644,4.62522511739661,6.83199610989534,3.68,2.29413153545476,OTHER
1996,Philippines,PHL,1752.23800104559,5.8603478716379,7.4761037778791,3.607,2.2684076761575,OTHER
1997,Philippines,PHL,1800.25913137613,5.18641167406165,5.59025939650601,3.592,1.9144613761672,OTHER
1998,Philippines,PHL,1746.52590513282,-0.514090599541888,9.23493432267121,3.697,1.69729337975318,OTHER
1999,Philippines,PHL,1759.42105225652,3.34645118398267,5.93904901780808,3.751,1.61577584612539,OTHER
2000,Philippines,PHL,1793.34761146436,4.38250500083399,3.9771250324928,3.77,1.60822662086796,OTHER
2001,Philippines,PHL,1807.70892524758,3.04923134463486,5.34550195567142,3.698,1.4713788325538,OTHER
2002,Philippines,PHL,1837.25429286854,3.71625500158383,2.72277227722765,3.616,1.47389018793368,OTHER
2003,Philippines,PHL,1892.82161995051,5.08691113513073,2.28915662650607,3.527,1.55084482917909,OTHER
2004,Philippines,PHL,1978.34489133113,6.56922851180626,4.82921083627795,3.554,1.36062650970663,OTHER
2005,Philippines,PHL,2037.8776605946,4.94250511877678,6.51685393258433,3.795,1.27788393643261,OTHER
2006,Philippines,PHL,2110.42044781284,5.31641682136939,5.4852320675105,4.052,1.2590953916093,OTHER
2007,Philippines,PHL,2209.34651083329,6.51929155018938,2.90000000000003,3.434,1.29142591630931,OTHER
2008,Philippines,PHL,2264.9462907288,4.34448730509183,8.26044703595725,3.72,1.25032908798354,OTHER
2009,Philippines,PHL,2256.72554835463,1.44832306275669,4.21903052064628,3.858,1.2023233937147,OTHER
2010,Philippines,PHL,2373.14312064664,7.33449996034538,3.78983634797591,3.605,1.17013220060251,OTHER
2011,Philippines,PHL,2416.75212064542,3.85823282795663,4.7184170471842,3.592,1.15341455205701,OTHER
2012,Philippines,PHL,2533.74141964959,6.89695171050985,3.02696391124796,3.504,1.10670418975985,OTHER
2013,Philippines,PHL,2654.41506933978,6.75053130142255,2.58268766141795,3.497,1.18950172893764,OTHER
2014,Philippines,PHL,2776.92005909479,6.34798748260867,3.59782343864211,3.6,1.04312706559466,OTHER
2015,Philippines,PHL,2909.85818010301,6.34830971672761,0.674192536845408,3.068,1.08846303958172,OTHER
2016,Philippines,PHL,3076.3374186759,7.14945675000752,1.25369880080982,2.695,1.04558514673889,OTHER
2017,Philippines,PHL,3247.4503878362,6.9309883258402,2.85318772590947,2.552,1.16796083355235,OTHER
2018,Philippines,PHL,3410.93647976109,6.34148557153473,5.30934661627707,2.338,1.18424717696738,OTHER
2019,Philippines,PHL,3575.88170922922,6.11852566221303,2.39206534422404,2.237,1.13133132483668,OTHER
2020,Philippines,PHL,3198.66690008413,-9.51829474045297,2.3931623931624,2.522,1.29724003910725,OTHER
2021,Philippines,PHL,3350.97587587776,5.71473313185116,3.92718022100332,3.398,1.40682254131819,OTHER
2022,Philippines,PHL,3577.70136573244,7.58098212785563,5.82115811213955,2.598,1.31630135538263,OTHER
2023,Philippines,PHL,3744.69763802928,5.51894967862863,5.97802515541409,2.2,1.17630268153778,OTHER
2024,Philippines,PHL,3925.3048697218,5.69201612823412,3.21260487006347,2.202,1.32426895346612,OTHER
2025,Philippines,PHL,,,,2.235,,OTHER
1990,Palau,PLW,14267.2030292809,5.43650669451756,,,,OTHER
1991,Palau,PLW,14626.7506821665,4.90522492306877,,,,OTHER
1992,Palau,PLW,13369.5378843558,-6.40003961286966,,,,OTHER
1993,Palau,PLW,11450.7876932719,-12.3000390835031,,,,OTHER
1994,Palau,PLW,11995.1002591467,7.30003073270198,,,,OTHER
1995,Palau,PLW,12973.7721461444,10.8999886111129,,,,OTHER
1996,Palau,PLW,13950.6540169015,10.4000433504478,,,,OTHER
1997,Palau,PLW,13913.7053142486,2.29999121249378,,,,OTHER
1998,Palau,PLW,13873.2631344013,1.99998529650165,,,,OTHER
1999,Palau,PLW,12862.3318892685,-5.40000842150926,,,,OTHER
2000,Palau,PLW,12346.4680054398,-2.60390246523619,,,,OTHER
2001,Palau,PLW,13134.260646066,7.34589375241519,,,,OTHER
2002,Palau,PLW,13647.052731145,4.71497769088471,-1.30123617436562,,,OTHER
2003,Palau,PLW,13250.6865944432,-2.12776308332282,0.922874093605824,,,OTHER
2004,Palau,PLW,13599.4436174869,3.47251046466637,4.96407576747217,,,OTHER
2005,Palau,PLW,13992.4700518965,2.88482726313062,3.9514623522091,,,OTHER
2006,Palau,PLW,14186.1538388023,0.228095913166968,4.42981143370254,,,OTHER
2007,Palau,PLW,14590.4803753503,1.32259368182741,3.23875035826881,,,OTHER
2008,Palau,PLW,14045.7297946023,-5.19490494373626,11.9655746807329,,,OTHER
2009,Palau,PLW,13338.1300928439,-6.53652076215215,1.43813538308953,,,OTHER
2010,Palau,PLW,13206.5122645,-2.64326159533755,1.44219017355169,,,OTHER
2011,Palau,PLW,14123.1262308557,5.09200624133297,4.6746987951807,,,OTHER
2012,Palau,PLW,14609.8376964301,1.65514876664869,3.61418047882138,,,OTHER
2013,Palau,PLW,14331.3395472642,-2.55228103983089,3.35481004221287,,,OTHER
2014,Palau,PLW,15015.0026129107,5.16816298235885,4.19174548581256,,,OTHER
2015,Palau,PLW,16154.0532152373,7.92010724472276,0.949040643697081,,,OTHER
2016,Palau,PLW,16343.5615050344,1.32685546630708,-1.04230533415074,,,OTHER
2017,Palau,PLW,15841.6183886679,-2.98950254798218,1.4179881966692,,,OTHER
2018,Palau,PLW,15642.8069323229,-1.24390713667657,2.10970464135017,,,OTHER
2019,Palau,PLW,15600.1871093094,-0.362028649856498,0.26737967914444,,,OTHER
2020,Palau,PLW,14532.9898440558,-6.87233152299699,0.218181818181833,,,OTHER
2021,Palau,PLW,12612.2906184953,-13.2600319305925,2.6124818577648,,,OTHER
2022,Palau,PLW,12820.3765209089,1.51267904038146,12.3526638378124,,,OTHER
2023,Palau,PLW,13128.1314312511,2.21599800170485,12.8199748216534,,,OTHER
2024,Palau,PLW,,,2.23172772921704,,,OTHER
1990,Papua New Guinea,PNG,1892.30679279448,-3.01216922181256,6.9533615990307,,1.4191337327407,OTHER
1991,Papua New Guinea,PNG,2008.35151943089,9.54689771039914,6.96568127760753,2.793,0.924685894061952,OTHER
1992,Papua New Guinea,PNG,2206.99633305172,13.8490852689481,4.30961457009748,2.608,0.890351343106268,OTHER
1993,Papua New Guinea,PNG,2515.6383945071,18.2022859527298,4.97411430311646,2.382,0.917458233626881,OTHER
1994,Papua New Guinea,PNG,2570.33691061958,5.94210905967769,2.85272217387134,2.418,1.01320529871609,OTHER
1995,Papua New Guinea,PNG,2397.40045298857,-3.31244877829666,17.280932681459,2.603,0.775516093293818,OTHER
1996,Papua New Guinea,PNG,2492.07962762784,7.73369579796399,11.6241782908448,2.728,1.01731136644028,OTHER
1997,Papua New Guinea,PNG,2310.98773975643,-3.90438965639359,3.96437805228409,2.854,1.0753537542736,OTHER
1998,Papua New Guinea,PNG,2147.04526266919,-3.76911321783457,13.5741917656809,2.86,0.87922032066839,OTHER
1999,Papua New Guinea,PNG,2112.0950973955,1.85555399408817,14.9321817407701,2.939,0.691394522292367,OTHER
2000,Papua New Guinea,PNG,1989.57882204274,-2.49484199260023,15.5958933107535,2.92,0.639107654317662,OTHER
2001,Papua New Guinea,PNG,1920.78003889393,-0.121288605564772,9.29817332783968,2.801,0.547294852305232,OTHER
2002,Papua New Guinea,PNG,1854.41831737462,-0.158900533082658,11.7994470972606,2.756,0.371637931460894,OTHER
2003,Papua New Guinea,PNG,1832.67870314447,2.16410250222083,14.7090779663557,2.628,0.345763181450338,OTHER
2004,Papua New Guinea,PNG,1821.84741071002,2.72117574098235,2.15893131266946,2.526,0.389122470657362,OTHER
2005,Papua New Guinea,PNG,1875.82273480514,6.34479592309654,1.78080439925826,2.385,0.416637769353025,OTHER
2006,Papua New Guinea,PNG,1915.2349405788,5.40994409107307,2.3684623841683,2.285,0.376920047262702,OTHER
2007,Papua New Guinea,PNG,2000.9726186689,7.81518922862388,0.91135045567524,2.169,0.411602600339175,OTHER
2008,Papua New Guinea,PNG,1934.03201558753,-0.296457845880582,10.7614182326827,2.168,0.337014470677837,OTHER
2009,Papua New Guinea,PNG,2003.24109727039,6.80042148322096,6.91832532601224,2.089,0.447943023146847,OTHER
2010,Papua New Guinea,PNG,2140.50939027384,10.1284540720232,6.01360893567856,2.002,0.32514450867052,OTHER
2011,Papua New Guinea,PNG,2102.03192060639,1.10754362619616,4.44083401028971,2.62,0.356925097321889,OTHER
2012,Papua New Guinea,PNG,2139.48096660428,4.65711959686239,4.53720508166972,2.634,0.519471738934463,OTHER
2013,Papua New Guinea,PNG,2162.10592595591,3.82494632800675,4.9603174603175,2.698,0.494549266247379,OTHER
2014,Papua New Guinea,PNG,2391.3578028163,13.5437706216546,5.22211720226841,2.54,0.484413309982487,OTHER
2015,Papua New Guinea,PNG,2484.5963398603,6.57835632304275,5.99595778127107,2.507,0.459900166389351,OTHER
2016,Papua New Guinea,PNG,2557.09463030035,5.48957315278187,6.6737288135593,2.478,0.381076923076923,OTHER
2017,Papua New Guinea,PNG,2584.8883636271,3.53461081750459,5.42204568023834,2.58,0.355034482758621,OTHER
2018,Papua New Guinea,PNG,2518.45899317321,-0.279252284959952,4.37448921453162,2.65,0.330226700251889,OTHER
2019,Papua New Guinea,PNG,2572.56177967896,4.48051456942582,3.92867290939597,2.651,0.362698688154268,OTHER
2020,Papua New Guinea,PNG,2438.61137922293,-3.16743204434815,4.87167398565555,2.903,0.393261831182209,OTHER
2021,Papua New Guinea,PNG,2378.3716816549,-0.511353418578196,4.48359014042398,3.03,0.329678128303653,OTHER
2022,Papua New Guinea,PNG,2467.23488790877,5.70758404238197,5.25323922215241,2.689,0.420977241775767,OTHER
2023,Papua New Guinea,PNG,2515.29070398356,3.81088622906051,2.29869991296791,2.649,0.336863761991679,OTHER
2024,Papua New Guinea,PNG,2564.73748186493,3.79979560086888,0.602403921107917,2.625,0.307995782327758,OTHER
2025,Papua New Guinea,PNG,,,,2.571,,OTHER
1990,Poland,POL,5111.3453296443,,567.878800666191,,2.61248574350627,OTHER
1991,Poland,POL,4735.9276980893,-7.01557879301123,76.7694992087347,13.621,2.25165022520211,OTHER
1992,Poland,POL,4840.16858549117,2.51497861350261,46.0985621037431,13.645,2.23099944320713,OTHER
1993,Poland,POL,5008.34908886395,3.73831029461471,36.9641666120718,14.393,2.46918731544486,OTHER
1994,Poland,POL,5262.31523522496,5.292802066626,32.9912766093523,14.825,2.27323210335054,OTHER
1995,Poland,POL,5671.89573674798,7.92965956313934,27.951388563304,13.695,1.90379957330223,OTHER
1996,Poland,POL,6012.95806433166,6.09387747385628,19.7949669196707,12.684,1.91739242748542,OTHER
1997,Poland,POL,6391.13172823376,6.35890635030509,14.91315861496,10.964,1.99649463419658,OTHER
1998,Poland,POL,6684.11477782234,4.62161133761769,11.5978554257236,9.935,1.9916575833585,OTHER
1999,Poland,POL,6998.79475144289,4.69918479192557,7.15407291179853,12.29,1.89014224685951,OTHER
2000,Poland,POL,7401.57697647848,4.65633252988236,9.90017538843065,14.928,1.81904535107873,OTHER
2001,Poland,POL,7494.96089503246,1.23374464400356,5.4083354556615,18.435,1.89270410859475,OTHER
2002,Poland,POL,7640.99307757777,1.90119437968586,1.90528215048054,20.211,1.89097402916196,OTHER
2003,Poland,POL,7915.55424389704,3.52337117234833,0.682701375787632,19.899,1.89890364834865,OTHER
2004,Poland,POL,8323.38773754587,5.09079546409544,3.38264681884699,18.822,1.86469356337462,OTHER
2005,Poland,POL,8598.57681241557,3.26082274679216,2.18379872390251,17.592,1.92065181170108,OTHER
2006,Poland,POL,9137.65850849801,6.20210710934373,1.28469394366416,13.794,1.9136927914289,OTHER
2007,Poland,POL,9760.7042604352,6.7604478527626,2.4587431238539,9.551,1.99879774345695,OTHER
2008,Poland,POL,10187.2017910883,4.38377069274605,4.16497193524779,7.069,1.74555706324845,OTHER
2009,Poland,POL,10446.5289138524,2.61512859291683,3.79539242483399,8.131,1.79268764302392,OTHER
2010,Poland,POL,10808.3975674238,3.16892748258036,2.58069370250548,9.578,1.83851836437415,OTHER
2011,Poland,POL,11370.313427173,5.25546256612796,4.23940149625932,9.576,1.79131485643585,OTHER
2012,Poland,POL,11542.2353368014,1.51178167644575,3.56037151702793,10.031,1.80404649861118,OTHER
2013,Poland,POL,11628.2286809525,0.684240607051805,0.991982606332335,10.293,1.7900581767381,OTHER
2014,Poland,POL,12093.1622787394,3.92050862390032,0.0538213132399802,8.971,1.90822735552002,OTHER
2015,Poland,POL,12637.5220324406,4.43176700264478,-0.874125874125862,7.475,2.12742384353358,OTHER
2016,Poland,POL,13026.1858988718,3.03117767594847,-0.664767331433962,6.141,1.93589358828699,OTHER
2017,Poland,POL,13695.6452848724,5.15245773325907,2.07593553673859,4.867,1.88828727046187,OTHER
2018,Poland,POL,14551.0850277089,6.2458584723942,1.81295156542689,3.835,2.02472821822818,OTHER
2019,Poland,POL,15221.3090624454,4.58045817256199,2.22747880938291,3.267,1.95338318505019,OTHER
2020,Poland,POL,15090.2228440113,-2.03556882399977,3.37446972618589,3.155,2.26305371895405,OTHER
2021,Poland,POL,16368.6239689025,6.92718266052501,5.05502704719272,3.268,2.21716328801834,OTHER
2022,Poland,POL,17303.64494323,5.25545697386036,14.4294507575758,2.811,2.20458906428882,OTHER
2023,Poland,POL,17410.3830137066,0.249610834017872,11.5289127961105,2.743,3.26980459253118,OTHER
2024,Poland,POL,18000.5034591285,3.02841630700273,3.79060897630197,2.807,4.15439387975356,OTHER
2025,Poland,POL,,,,2.976,,OTHER
1990,Pre-demographic dividend,PRE,1131.41167596611,8.08458466505515,,,,OTHER
1991,Pre-demographic dividend,PRE,1014.22073139011,-8.10012668439036,,5.344915197388,2.53052392321376,OTHER
1992,Pre-demographic dividend,PRE,1007.67526785115,2.17623816071033,,5.38583561212587,1.68848259574869,OTHER
1993,Pre-demographic dividend,PRE,970.271440255528,-0.660065205685456,,5.45719489861945,2.38010614675771,OTHER
1994,Pre-demographic dividend,PRE,939.267326982826,0.0684565087269533,,5.42250534841091,1.47347329397757,OTHER
1995,Pre-demographic dividend,PRE,938.80978473238,3.12767733483194,,5.30300529201383,1.01965881260236,OTHER
1996,Pre-demographic dividend,PRE,965.696602127519,5.64582963951432,,5.18058208461804,0.809825316883295,OTHER
1997,Pre-demographic dividend,PRE,999.639503709475,6.26145426033492,,5.08008777711002,0.875196453451531,OTHER
1998,Pre-demographic dividend,PRE,1039.31309805851,6.93061489777229,,5.05916301228677,0.943958697085414,OTHER
1999,Pre-demographic dividend,PRE,1052.48620756849,4.2095374666719,,5.10236443756839,2.06851152920712,OTHER
2000,Pre-demographic dividend,PRE,1079.42708690405,5.47360975610978,,5.13327710280851,1.4913945263898,OTHER
2001,Pre-demographic dividend,PRE,1094.9717763003,4.35460642584802,,5.12089443897368,1.50891086189354,OTHER
2002,Pre-demographic dividend,PRE,1126.60995934237,6.00623454426392,,5.07187215308205,1.48720659560545,OTHER
2003,Pre-demographic dividend,PRE,1087.09206577047,-0.569017600156357,,5.04526193299681,1.30664515625269,OTHER
2004,Pre-demographic dividend,PRE,1182.63790184807,12.0081975465403,,4.96161227317846,1.45127021609491,OTHER
2005,Pre-demographic dividend,PRE,1216.92124399816,5.96988523180487,,4.93346734324225,1.38878092105963,OTHER
2006,Pre-demographic dividend,PRE,1256.10622810655,6.21660630763007,,4.90961115720825,1.39646716891716,OTHER
2007,Pre-demographic dividend,PRE,1296.53645780715,6.06676996004418,,4.8712810896709,1.49799052477836,OTHER
2008,Pre-demographic dividend,PRE,1340.27787088179,6.38666756485571,,4.86733284827807,1.72750805181108,OTHER
2009,Pre-demographic dividend,PRE,1363.83802147483,4.84415738549554,,4.90006867902661,1.90587454406574,OTHER
2010,Pre-demographic dividend,PRE,1412.49898242198,6.65284211556055,,5.09326441616899,1.58194780612931,OTHER
2011,Pre-demographic dividend,PRE,1431.26652210403,4.36305885974629,,5.14632432089404,1.49967354676696,OTHER
2012,Pre-demographic dividend,PRE,1449.44384186057,4.33404153771681,,5.06267357362057,1.36759290557435,OTHER
2013,Pre-demographic dividend,PRE,1490.0962045902,5.91402782534698,,4.86771037914176,1.72862173372499,OTHER
2014,Pre-demographic dividend,PRE,1522.21824259319,5.17292796500838,,4.85763710814677,1.61200509850106,OTHER
2015,Pre-demographic dividend,PRE,1524.98608713796,3.04222828048582,,4.92689483295687,1.72789795444916,OTHER
2016,Pre-demographic dividend,PRE,1518.36553624341,2.38522657165299,,5.00711519839577,1.43620640470749,OTHER
2017,Pre-demographic dividend,PRE,1501.00472393292,1.65354064330012,,5.26598804411752,1.55477802862405,OTHER
2018,Pre-demographic dividend,PRE,1498.97139237832,2.65776473209331,,5.32779414618264,1.32328746939184,OTHER
2019,Pre-demographic dividend,PRE,1505.95575412271,3.22468072393201,,5.38697693157414,1.243885206238,OTHER
2020,Pre-demographic dividend,PRE,1406.48382617164,-4.07689259671024,,5.88792360175845,1.29403047365035,OTHER
2021,Pre-demographic dividend,PRE,1402.70865652857,2.36174281983838,,5.76542741642859,1.32818933550624,OTHER
2022,Pre-demographic dividend,PRE,1431.65390893488,4.67657631651596,,4.97198453165573,1.14088101813646,OTHER
2023,Pre-demographic dividend,PRE,1429.95200849228,2.44869670150129,,4.64913795185354,1.40588416497779,OTHER
2024,Pre-demographic dividend,PRE,1440.28390969245,3.31272809044805,,4.53457662666582,1.46624173626936,OTHER
2025,Pre-demographic dividend,PRE,,,,4.54137517937725,,OTHER
1990,Puerto Rico (US),PRI,18733.6452536405,-2.84054072711358,,,,OTHER
1991,Puerto Rico (US),PRI,19030.2415359969,2.30439118770069,,16.18,,OTHER
1992,Puerto Rico (US),PRI,19770.7684693589,4.56405181441349,,16.93,,OTHER
1993,Puerto Rico (US),PRI,20515.5207259978,4.64452705678092,,16.91,,OTHER
1994,Puerto Rico (US),PRI,21176.6701749814,4.18595858478139,,14.6,,OTHER
1995,Puerto Rico (US),PRI,21936.4179114827,4.54898802663489,,13.93,,OTHER
1996,Puerto Rico (US),PRI,22193.5791326619,2.31370752929453,,13.64,,OTHER
1997,Puerto Rico (US),PRI,23061.3344942222,4.88008720859467,,13.8,,OTHER
1998,Puerto Rico (US),PRI,24197.3097487888,5.53072563643605,,13.46,,OTHER
1999,Puerto Rico (US),PRI,25374.101701053,5.38969990123002,,11.81,,OTHER
2000,Puerto Rico (US),PRI,26131.9630643584,3.27196451910478,,10.08,,OTHER
2001,Puerto Rico (US),PRI,27722.3671872748,6.31347157694064,,11.4,,OTHER
2002,Puerto Rico (US),PRI,27940.3826219734,0.916459423425337,,11.94,,OTHER
2003,Puerto Rico (US),PRI,27937.8165922567,0.0534198017173964,,11.78,,OTHER
2004,Puerto Rico (US),PRI,30375.7895758237,8.7486769008168,,10.31,,OTHER
2005,Puerto Rico (US),PRI,29815.216422231,-1.98693871772703,,11.35,,OTHER
2006,Puerto Rico (US),PRI,29519.7386759729,-1.40941405684823,,11.01,,OTHER
2007,Puerto Rico (US),PRI,29347.8460041613,-1.16280665573993,,10.93,,OTHER
2008,Puerto Rico (US),PRI,28976.1310520159,-1.84413421831884,,11.48,,OTHER
2009,Puerto Rico (US),PRI,28565.767919549,-1.95242518381124,,15.0,,OTHER
2010,Puerto Rico (US),PRI,28569.5077088001,-0.413254119172365,,16.1,,OTHER
2011,Puerto Rico (US),PRI,28706.0207514856,-0.358510636850312,,15.7,,OTHER
2012,Puerto Rico (US),PRI,28968.6942131352,0.0292751500944064,,14.5,,OTHER
2013,Puerto Rico (US),PRI,29115.3549161996,-0.306826666941774,,14.3,,OTHER
2014,Puerto Rico (US),PRI,29141.2038639816,-1.19036347346942,,13.9,,OTHER
2015,Puerto Rico (US),PRI,29242.041465085,-1.04929003238674,,12.0,,OTHER
2016,Puerto Rico (US),PRI,29326.5748761873,-1.26369434781117,,11.8,,OTHER
2017,Puerto Rico (US),PRI,29061.5563802711,-2.88521838398481,,10.8,,OTHER
2018,Puerto Rico (US),PRI,28808.8518638025,-4.36142703162535,,9.2,,OTHER
2019,Puerto Rico (US),PRI,29185.0969964707,1.67546379498209,,8.3,,OTHER
2020,Puerto Rico (US),PRI,28144.7223184239,-4.1808743093346,,8.89,,OTHER
2021,Puerto Rico (US),PRI,28416.6231262223,0.385222719529239,,7.9,,OTHER
2022,Puerto Rico (US),PRI,29643.7408907829,2.95709565499587,,6.0,,OTHER
2023,Puerto Rico (US),PRI,30012.9242468103,0.731492105366186,,5.725,,OTHER
2024,Puerto Rico (US),PRI,30971.2620550191,3.17707554784896,,5.639,,OTHER
2025,Puerto Rico (US),PRI,,,,5.991,,OTHER
1991,"Korea, Dem. People's Rep.",PRK,,,,2.845,,OTHER
1992,"Korea, Dem. People's Rep.",PRK,,,,2.875,,OTHER
1993,"Korea, Dem. People's Rep.",PRK,,,,2.98,,OTHER
1994,"Korea, Dem. People's Rep.",PRK,,,,3.092,,OTHER
1995,"Korea, Dem. People's Rep.",PRK,,,,3.114,,OTHER
1996,"Korea, Dem. People's Rep.",PRK,,,,3.153,,OTHER
1997,"Korea, Dem. People's Rep.",PRK,,,,3.253,,OTHER
1998,"Korea, Dem. People's Rep.",PRK,,,,3.461,,OTHER
1999,"Korea, Dem. People's Rep.",PRK,,,,3.67,,OTHER
2000,"Korea, Dem. People's Rep.",PRK,,,,3.653,,OTHER
2001,"Korea, Dem. People's Rep.",PRK,,,,3.676,,OTHER
2002,"Korea, Dem. People's Rep.",PRK,,,,3.644,,OTHER
2003,"Korea, Dem. People's Rep.",PRK,,,,3.668,,OTHER
2004,"Korea, Dem. People's Rep.",PRK,,,,3.62,,OTHER
2005,"Korea, Dem. People's Rep.",PRK,,,,3.576,,OTHER
2006,"Korea, Dem. People's Rep.",PRK,,,,3.55,,OTHER
2007,"Korea, Dem. People's Rep.",PRK,,,,3.547,,OTHER
2008,"Korea, Dem. People's Rep.",PRK,,,,3.48,,OTHER
2009,"Korea, Dem. People's Rep.",PRK,,,,3.48,,OTHER
2010,"Korea, Dem. People's Rep.",PRK,,,,3.419,,OTHER
2011,"Korea, Dem. People's Rep.",PRK,,,,3.516,,OTHER
2012,"Korea, Dem. People's Rep.",PRK,,,,3.542,,OTHER
2013,"Korea, Dem. People's Rep.",PRK,,,,3.567,,OTHER
2014,"Korea, Dem. People's Rep.",PRK,,,,3.509,,OTHER
2015,"Korea, Dem. People's Rep.",PRK,,,,3.523,,OTHER
2016,"Korea, Dem. People's Rep.",PRK,,,,3.574,,OTHER
2017,"Korea, Dem. People's Rep.",PRK,,,,3.498,,OTHER
2018,"Korea, Dem. People's Rep.",PRK,,,,3.409,,OTHER
2019,"Korea, Dem. People's Rep.",PRK,,,,3.439,,OTHER
2020,"Korea, Dem. People's Rep.",PRK,,,,3.624,,OTHER
2021,"Korea, Dem. People's Rep.",PRK,,,,3.692,,OTHER
2022,"Korea, Dem. People's Rep.",PRK,,,,3.457,,OTHER
2023,"Korea, Dem. People's Rep.",PRK,,,,3.463,,OTHER
2024,"Korea, Dem. People's Rep.",PRK,,,,3.539,,OTHER
2025,"Korea, Dem. People's Rep.",PRK,,,,3.545,,OTHER
1990,Portugal,PRT,14593.2706053569,3.95052317228428,13.6305705693074,,1.840828125429,C
1991,Portugal,PRT,15265.8793018366,4.36820616663232,11.8494841773675,3.919,1.82995478165992,C
1992,Portugal,PRT,15444.2006161246,1.08947689832507,9.55926033177508,3.985,1.80524410002279,C
1993,Portugal,PRT,15110.1392558339,-2.04327729359404,6.78377994665407,5.301,1.78650706580181,C
1994,Portugal,PRT,15214.9307536408,0.964838285067799,5.42044019241626,6.709,1.68121275838708,C
1995,Portugal,PRT,15811.7171369279,4.28278017236022,4.22281614099486,7.064,1.70715787362033,C
1996,Portugal,PRT,16304.3794463959,3.50424653058748,3.06897732509789,7.298,1.60164031322082,C
1997,Portugal,PRT,16946.086865108,4.40086766458026,2.33686298314116,6.571,1.54154760574092,C
1998,Portugal,PRT,17671.3135082912,4.80796318953165,2.5727522590913,4.64,1.42301869395635,C
1999,Portugal,PRT,18258.0911720943,3.90657779623113,2.34009490312169,4.579,1.42626993965458,C
2000,Portugal,PRT,18822.0933092937,3.81617714108242,2.85303039287157,3.806,1.4070359633161,C
2001,Portugal,PRT,19053.089945659,1.94367213427915,4.36990330551793,3.829,1.44506185476172,C
2002,Portugal,PRT,19095.1102477398,0.770924781247714,3.60034658290914,4.497,1.4648125666589,C
2003,Portugal,PRT,18846.5411893632,-0.930521045062918,3.21899090682895,6.132,1.43358027472409,C
2004,Portugal,PRT,19137.8370898949,1.78873552917291,2.36536204097302,6.319,1.50609147993081,C
2005,Portugal,PRT,19251.71450683,0.781847569123585,2.27716394887834,7.582,1.59379180313443,C
2006,Portugal,PRT,19529.3122100477,1.62503532956156,3.1076654587105,7.649,1.51208523296058,C
2007,Portugal,PRT,19979.5706280792,2.50657937751231,2.45396528138743,7.965,1.37790810197484,C
2008,Portugal,PRT,20014.4749330004,0.319247344434558,2.58850657657959,7.553,1.41594674624287,C
2009,Portugal,PRT,19371.1318876855,-3.12207827545093,-0.835530021504157,9.432,1.53406376621365,C
2010,Portugal,PRT,19698.6836791397,1.73762453640036,1.40257289895369,10.771,1.48615299877848,C
2011,Portugal,PRT,19389.6395896162,-1.71352745905065,3.65301100430724,12.715,1.48992161044294,C
2012,Portugal,PRT,18679.7626789594,-4.05090267621935,2.77333854051586,15.509,1.40383146309083,C
2013,Portugal,PRT,18597.7214623964,-0.984106574148328,0.274416666666663,16.237,1.43957267155316,C
2014,Portugal,PRT,18836.8967978906,0.741391420706506,-0.278153367467428,13.88,1.30668261277534,C
2015,Portugal,PRT,19215.7813014347,1.58979803702681,0.48793862390472,12.405,1.32892803352448,C
2016,Portugal,PRT,19662.82312462,2.00414129666575,0.607397074641719,11.058,1.54200474856982,C
2017,Portugal,PRT,20364.1962735946,3.31472008175986,1.36861411643472,8.878,1.23983975869036,C
2018,Portugal,PRT,20997.7745987013,2.94628343449202,0.993715683468326,6.966,1.34147881873726,C
2019,Portugal,PRT,21569.1874752919,2.74568432648596,0.338178410046034,6.422,1.37395750042211,C
2020,Portugal,PRT,19778.7139525722,-8.20463159324387,-0.0124383299575305,6.85,1.42613611053982,C
2021,Portugal,PRT,20747.6990734163,5.55875672070374,1.26565719069044,6.712,1.51644104082545,C
2022,Portugal,PRT,22042.8680283647,6.98584137580278,7.83269124233323,6.138,1.38999857860246,C
2023,Portugal,PRT,22417.1615864385,3.09997909018263,4.31128191898672,6.498,1.46642848168082,C
2024,Portugal,PRT,22647.3791895579,2.13967177177636,2.41613187791884,6.5,1.53226822745255,C
2025,Portugal,PRT,,,,6.164,,C
1990,Paraguay,PRY,4059.77343113365,4.12328287941739,37.2599561799201,,2.13187585625298,OTHER
1991,Paraguay,PRY,4091.49044786505,3.49365015491472,24.2253521126763,5.1,2.8293270046069,OTHER
1992,Paraguay,PRY,4054.04426060898,1.69642801124701,15.192743764172,4.98,2.36888997739081,OTHER
1993,Paraguay,PRY,4147.78440621619,4.93635941475281,18.2086614173228,5.06,2.17854766482964,OTHER
1994,Paraguay,PRY,4262.14495791768,5.31791766023942,20.5661948376355,4.41,2.04676637090921,OTHER
1995,Paraguay,PRY,4445.18978188973,6.82281030358578,13.4254143646407,3.4,2.2834245690128,OTHER
1996,Paraguay,PRY,4411.3728007829,1.57378513175006,9.79968339016083,8.15,2.06378993670781,OTHER
1997,Paraguay,PRY,4496.02336469197,4.24251610269859,6.94956608534118,5.36,1.68568030658609,OTHER
1998,Paraguay,PRY,4402.11110078307,0.0680377558080636,11.5532684355839,4.417,1.54315371528311,OTHER
1999,Paraguay,PRY,4252.49065726724,-1.36607971240079,6.75226586102725,5.343,1.38876785203796,OTHER
2000,Paraguay,PRY,4074.48953320457,-2.31414056819045,8.98215976750022,7.61,1.24493945384649,OTHER
2001,Paraguay,PRY,3972.88427866739,-0.834054716746095,7.26806028584825,6.206,1.07463481723327,OTHER
2002,Paraguay,PRY,3916.44022308731,-0.0214043949985694,10.5102420856612,9.393,0.97123693298858,OTHER
2003,Paraguay,PRY,4035.71833919936,4.32074548551591,14.2367970499143,6.814,0.825755371784335,OTHER
2004,Paraguay,PRY,4151.34584799423,4.05741836363771,4.32326492967491,6.513,0.877630063887399,OTHER
2005,Paraguay,PRY,4193.28086525675,2.13349066459601,6.80738203116377,4.825,0.721480399782029,OTHER
2006,Paraguay,PRY,4349.31197066239,4.80711719268376,9.58934941129229,5.277,0.793455134933818,OTHER
2007,Paraguay,PRY,4540.38235899258,5.42162287218235,8.13047417698577,4.713,0.741436848396038,OTHER
2008,Paraguay,PRY,4788.66318778074,6.49629211973152,10.1547846489023,4.415,0.683124275184385,OTHER
2009,Paraguay,PRY,4727.59685811389,-0.261137328115808,2.59194673430567,5.46,0.753483712105124,OTHER
2010,Paraguay,PRY,5191.05014254362,11.0952312685449,4.65116279069765,4.569,0.750544858772042,OTHER
2011,Paraguay,PRY,5342.19015717538,4.28637120706239,8.2539682539683,4.67,0.844603850849582,OTHER
2012,Paraguay,PRY,5230.26244858989,-0.708043112304196,3.67591897974496,4.085,0.964506788033691,OTHER
2013,Paraguay,PRY,5583.12274473566,8.29307648937821,2.68385738718582,4.385,0.964167260244977,OTHER
2014,Paraguay,PRY,5794.47644689985,5.30123864475758,5.02882767456766,5.034,0.986605391734507,OTHER
2015,Paraguay,PRY,5879.33792308762,2.95715168364671,3.12900274473925,4.556,1.06744934908852,OTHER
2016,Paraguay,PRY,6041.95879367349,4.26802583314358,4.08682280577241,5.255,0.950953301628568,OTHER
2017,Paraguay,PRY,6243.1336313903,4.81007885552178,3.60247741348943,6.138,0.892663231219253,OTHER
2018,Paraguay,PRY,6354.2392005316,3.20425034080199,3.97561015740694,6.217,0.961156152749535,OTHER
2019,Paraguay,PRY,6243.53620897823,-0.401855100701937,2.75709727562775,6.595,0.973840384070445,OTHER
2020,Paraguay,PRY,6109.19608100826,-0.819785390945569,1.76751592356698,7.548,1.02757342677333,OTHER
2021,Paraguay,PRY,6278.11006663809,4.01673731776404,4.787983101236,7.311,0.91821461942659,OTHER
2022,Paraguay,PRY,6218.19790694162,0.176038366149214,9.76556667164402,6.755,0.871127145265658,OTHER
2023,Paraguay,PRY,6449.23028812969,4.9992279112746,4.63202285403356,5.794,0.922071975751778,OTHER
2024,Paraguay,PRY,6640.83816613117,4.24996010464072,3.83540271728533,5.686,0.933106143624753,OTHER
2025,Paraguay,PRY,,,,4.803,,OTHER
1991,West Bank and Gaza,PSE,,,,10.666,,OTHER
1992,West Bank and Gaza,PSE,,,,10.692,,OTHER
1993,West Bank and Gaza,PSE,,,,10.705,,OTHER
1994,West Bank and Gaza,PSE,2137.38928909208,,,10.778,,OTHER
1995,West Bank and Gaza,PSE,2189.26513719427,7.11785989679103,,10.714,,OTHER
1996,West Bank and Gaza,PSE,2118.82007591199,1.21453753437805,,10.726,,OTHER
1997,West Bank and Gaza,PSE,2323.20642242172,14.6676392814808,7.08700591205709,10.522,,OTHER
1998,West Bank and Gaza,PSE,2589.20364997364,14.3341073189351,5.57964505838268,10.451,,OTHER
1999,West Bank and Gaza,PSE,2732.87293952355,8.28059145094657,5.54439180368747,10.382,,OTHER
2000,West Bank and Gaza,PSE,2436.01207739636,-8.5555726838292,2.79819892435758,10.625,,OTHER
2001,West Bank and Gaza,PSE,2153.45735383203,-9.31108114182962,1.22278475878898,21.493,,OTHER
2002,West Bank and Gaza,PSE,1836.98042481351,-12.4883821798129,5.70951585976626,27.465,,OTHER
2003,West Bank and Gaza,PSE,2041.60484619659,14.0156476793996,4.40303221730888,23.004,,OTHER
2004,West Bank and Gaza,PSE,2426.41565630382,21.9244861205987,3.00417498638593,23.215,,OTHER
2005,West Bank and Gaza,PSE,2632.24627423958,11.2906511829271,4.10725070715931,20.016,,OTHER
2006,West Bank and Gaza,PSE,2540.26763083127,-0.996556103477076,3.84234125624782,19.014,,OTHER
2007,West Bank and Gaza,PSE,2569.98434108953,3.78828152085981,1.85974379351111,18.282,,OTHER
2008,West Bank and Gaza,PSE,2685.98601828464,7.42918225547835,9.88999788691849,22.913,,OTHER
2009,West Bank and Gaza,PSE,2840.01594969395,8.59349087893864,2.75393485083151,20.452,,OTHER
2010,West Bank and Gaza,PSE,2927.08101953403,5.77736205629419,3.74915727597096,21.416,,OTHER
2011,West Bank and Gaza,PSE,3128.10811061384,9.60080848913594,2.8772435849594,17.597,,OTHER
2012,West Bank and Gaza,PSE,3237.91619995789,6.09645656326154,2.77908768282492,19.202,,OTHER
2013,West Bank and Gaza,PSE,3309.63120243098,4.69856986552234,1.72439933626931,19.894,,OTHER
2014,West Bank and Gaza,PSE,3227.84934482645,-0.157866650855297,1.73298510037447,20.526,,OTHER
2015,West Bank and Gaza,PSE,3272.15432360708,3.72129967114788,1.43161145810476,23.005,,OTHER
2016,West Bank and Gaza,PSE,3483.09903532972,8.86461881995935,-0.219106604907316,23.939,,OTHER
2017,West Bank and Gaza,PSE,3462.97986107136,1.41936756294787,0.212570934228881,25.677,,OTHER
2018,West Bank and Gaza,PSE,3417.79440837962,1.22707737782703,-0.195107773730735,26.256,,OTHER
2019,West Bank and Gaza,PSE,3378.4346209191,1.36268746558062,1.58018333639455,25.34,,OTHER
2020,West Bank and Gaza,PSE,2922.46801084844,-11.3184661065134,-0.735332001092191,25.895,,OTHER
2021,West Bank and Gaza,PSE,3051.48607007995,7.01198227592003,1.23748102831369,26.39,,OTHER
2022,West Bank and Gaza,PSE,3099.9609010368,4.08276027347105,3.74122391852077,24.42,,OTHER
2023,West Bank and Gaza,PSE,2888.76306072177,-4.55580428525744,5.87110177678988,,,OTHER
2024,West Bank and Gaza,PSE,2072.09019517685,-26.5575264529877,53.6691458303782,,,OTHER
1990,Pacific island small states,PSS,2973.33795418657,3.65338693750323,,,,OTHER
1991,Pacific island small states,PSS,2914.94936915506,-0.532401572391493,,3.87708909176688,,OTHER
1992,Pacific island small states,PSS,3011.22664180879,4.78596591141927,,3.87633861318752,,OTHER
1993,Pacific island small states,PSS,3024.62935848317,1.86063801104072,,3.93673769020559,,OTHER
1994,Pacific island small states,PSS,3126.96323996545,4.77018576181962,,3.90359689716017,,OTHER
1995,Pacific island small states,PSS,3223.63421748481,4.39663661243877,,3.98085442407908,,OTHER
1996,Pacific island small states,PSS,3277.14122282617,2.97269069436861,,4.01560097752488,,OTHER
1997,Pacific island small states,PSS,3188.25024295569,-1.28319810365346,,4.1590180797063,,OTHER
1998,Pacific island small states,PSS,3184.32318841258,1.42083282680395,,4.26267963599519,,OTHER
1999,Pacific island small states,PSS,3270.75169914392,4.23715668535054,,4.30498832186484,,OTHER
2000,Pacific island small states,PSS,3176.39794860245,-1.53552751551484,,4.40485764939109,,OTHER
2001,Pacific island small states,PSS,3163.33571644076,0.89676005438109,,4.51782547170457,,OTHER
2002,Pacific island small states,PSS,3186.14737789638,1.99534265545913,,4.61174676237171,,OTHER
2003,Pacific island small states,PSS,3207.73542916581,1.89413394955369,,4.51420593104194,,OTHER
2004,Pacific island small states,PSS,3296.44443252474,3.97277389868076,,4.3406725276094,,OTHER
2005,Pacific island small states,PSS,3338.28075619483,2.42668245238926,,3.8404573462192,,OTHER
2006,Pacific island small states,PSS,3378.98652339856,2.3498331137086,,3.81456389998427,,OTHER
2007,Pacific island small states,PSS,3346.74967940648,0.127706732509765,,3.76264674833736,,OTHER
2008,Pacific island small states,PSS,3378.06429573943,1.95989498739424,,3.66517406587763,,OTHER
2009,Pacific island small states,PSS,3326.82305751956,-0.562393943880551,,3.60850865304197,,OTHER
2010,Pacific island small states,PSS,3408.1961416575,3.66597211061234,,3.50675202326758,,OTHER
2011,Pacific island small states,PSS,3492.05482608666,3.87026168877591,,3.44436830760268,,OTHER
2012,Pacific island small states,PSS,3481.4413131175,1.02877043788416,,3.54707816512722,,OTHER
2013,Pacific island small states,PSS,3547.56315600397,3.24267307557558,,3.42532155080918,,OTHER
2014,Pacific island small states,PSS,3626.36793557544,3.56865422427055,,3.39737128470569,,OTHER
2015,Pacific island small states,PSS,3722.7745565917,4.00430128788743,,3.37020462675283,,OTHER
2016,Pacific island small states,PSS,3811.55677547702,3.71614197204156,,3.36311039358415,,OTHER
2017,Pacific island small states,PSS,3909.88377121052,3.9129814304377,,3.40034043733734,,OTHER
2018,Pacific island small states,PSS,3965.69591895216,2.72096683103047,,3.35231302156857,,OTHER
2019,Pacific island small states,PSS,3969.06712487372,1.13416567850717,,3.32798136589447,,OTHER
2020,Pacific island small states,PSS,3525.38600970306,-10.2494743524661,,3.30655660526839,,OTHER
2021,Pacific island small states,PSS,3390.86854398028,-2.70502133423179,,3.35468526106548,,OTHER
2022,Pacific island small states,PSS,3635.62681471762,8.46598449677872,,3.60681620269367,,OTHER
2023,Pacific island small states,PSS,3839.58128039956,6.92898966603425,,3.52057525691559,,OTHER
2024,Pacific island small states,PSS,3921.37323131971,3.39271983855302,,3.52751412823486,,OTHER
2025,Pacific island small states,PSS,,,,3.51831083728422,,OTHER
1990,Post-demographic dividend,PST,27762.1503328116,2.7178829051844,,,3.28229370883871,OTHER
1991,Post-demographic dividend,PST,27851.4177694903,1.04144682441003,,6.30420825660087,2.94214461321441,OTHER
1992,Post-demographic dividend,PST,28201.8495081394,1.96670506740666,,6.91243365569708,2.90137059470736,OTHER
1993,Post-demographic dividend,PST,28366.3671453443,1.23227845627432,,7.5103906033007,2.73554814092765,OTHER
1994,Post-demographic dividend,PST,29116.6543633578,3.23211088160973,,7.50942275337142,2.54965192512224,OTHER
1995,Post-demographic dividend,PST,29766.5612982135,2.7803687057675,,7.38445233898678,2.31719332616591,OTHER
1996,Post-demographic dividend,PST,30473.1548890436,2.93929556194688,,7.55967472307922,2.25289197973472,OTHER
1997,Post-demographic dividend,PST,31355.7657540324,3.43768489590106,,7.36478723006136,2.24843966287759,OTHER
1998,Post-demographic dividend,PST,32079.5958780579,2.81525543903327,,7.39692261448223,2.20063049327134,OTHER
1999,Post-demographic dividend,PST,33056.3569092696,3.54460179984616,,7.1145514900882,2.13886066185226,OTHER
2000,Post-demographic dividend,PST,34226.7039362383,4.06636781218128,,6.53699120304108,2.13873126128782,OTHER
2001,Post-demographic dividend,PST,34578.9972958524,1.51955590345085,,6.38359327702813,2.17391977179064,OTHER
2002,Post-demographic dividend,PST,34929.6840503579,1.52574271749954,,6.77664467622594,2.31265633910891,OTHER
2003,Post-demographic dividend,PST,35459.8626169439,2.02933067185307,,6.86199228387437,2.41115838870546,OTHER
2004,Post-demographic dividend,PST,36405.756283014,3.20160679513235,,6.67204910657906,2.43466787574079,OTHER
2005,Post-demographic dividend,PST,37234.4196491304,2.79148565676522,,6.4091008362879,2.46233274101045,OTHER
2006,Post-demographic dividend,PST,38117.823061561,2.93236522679638,,5.994063325313,2.43861753265094,OTHER
2007,Post-demographic dividend,PST,38864.7512997089,2.56777189180531,,5.57196004328002,2.40731565606008,OTHER
2008,Post-demographic dividend,PST,38770.2271281115,0.364889853578248,,5.90228542517582,2.51043031797003,OTHER
2009,Post-demographic dividend,PST,37270.4347171871,-3.37093667981931,,8.07274225977277,2.74655797947863,OTHER
2010,Post-demographic dividend,PST,38170.9680272624,2.90294693219326,,8.34726962592943,2.70718283101249,OTHER
2011,Post-demographic dividend,PST,38689.210554622,1.66465923463286,,8.06019449389029,2.60947123809565,OTHER
2012,Post-demographic dividend,PST,38998.3256159869,1.24020368594316,,8.11703125262048,2.52386930606668,OTHER
2013,Post-demographic dividend,PST,39436.9871067886,1.51944470661012,,8.01055114325588,2.37456118324335,OTHER
2014,Post-demographic dividend,PST,40062.2985082838,2.0150490019607,,7.46206103870454,2.26403378534382,OTHER
2015,Post-demographic dividend,PST,40775.9479386213,2.23434134376603,,6.88380070613878,2.26256149907668,OTHER
2016,Post-demographic dividend,PST,41324.4948284306,1.81390436287271,,6.41054450626655,2.23252703372268,OTHER
2017,Post-demographic dividend,PST,42190.9858310755,2.48507639025186,,5.85021228229905,2.1923718056202,OTHER
2018,Post-demographic dividend,PST,42982.1948272898,2.26322982357576,,5.29449359834603,2.20195742216217,OTHER
2019,Post-demographic dividend,PST,43623.7992070046,1.81429619722211,,4.93863446884342,2.29118743190749,OTHER
2020,Post-demographic dividend,PST,41771.300719227,-4.06542885568155,,6.72547708283435,2.46825691608305,OTHER
2021,Post-demographic dividend,PST,44164.1627392462,5.68828382614926,,5.80601878307517,2.34481937835613,OTHER
2022,Post-demographic dividend,PST,45364.5649508054,2.79274034092423,,4.52601118181449,2.42003977149798,OTHER
2023,Post-demographic dividend,PST,46034.0212973547,1.83179267822689,,4.469610886267,2.51253482727721,OTHER
2024,Post-demographic dividend,PST,46567.2575677716,1.79546895973735,,4.61212469541954,2.6563078823812,OTHER
2025,Post-demographic dividend,PST,,,,4.69671542934052,,OTHER
1990,French Polynesia,PYF,25307.7045477138,0.129883207294256,,,,OTHER
1991,French Polynesia,PYF,25731.776022059,3.65552681908341,,11.591,,OTHER
1992,French Polynesia,PYF,24899.5108111715,-1.45738829064787,,11.724,,OTHER
1993,French Polynesia,PYF,24158.449666239,-1.29768260234859,,11.778,,OTHER
1994,French Polynesia,PYF,23373.7127446694,-1.66632516413321,,11.98,,OTHER
1995,French Polynesia,PYF,22928.4986555237,-0.388969416903137,,11.941,,OTHER
1996,French Polynesia,PYF,22434.729936296,-0.668536562658289,,11.92,,OTHER
1997,French Polynesia,PYF,22051.9807859615,-0.122814651501315,,11.866,,OTHER
1998,French Polynesia,PYF,22071.0627604129,1.73337439996173,,11.791,,OTHER
1999,French Polynesia,PYF,22136.2587286349,1.89053278745592,,11.701,,OTHER
2000,French Polynesia,PYF,22498.8285530328,3.24541101308193,,11.583,,OTHER
2001,French Polynesia,PYF,22076.5919162624,-0.341595578089056,,11.665,,OTHER
2002,French Polynesia,PYF,21932.9195333418,0.846181482808589,,11.71,,OTHER
2003,French Polynesia,PYF,22055.6419702196,2.1269288487261,,11.751,,OTHER
2004,French Polynesia,PYF,21919.9410589378,0.971259129987544,,11.702,,OTHER
2005,French Polynesia,PYF,21661.4244664054,0.309973476180005,,11.722,,OTHER
2006,French Polynesia,PYF,21545.5997136473,0.889584117597607,,11.768,,OTHER
2007,French Polynesia,PYF,21648.532237682,1.70497563803002,,11.74,,OTHER
2008,French Polynesia,PYF,21493.4178311249,0.00676755066312751,,11.76,,OTHER
2009,French Polynesia,PYF,20499.7723032831,-4.23139183069446,,11.963,,OTHER
2010,French Polynesia,PYF,19913.0252687915,-2.4660641898174,,12.133,,OTHER
2011,French Polynesia,PYF,19241.6437951625,-2.96195745427229,,12.257,,OTHER
2012,French Polynesia,PYF,18968.4422157904,-0.927537712532072,,12.134,,OTHER
2013,French Polynesia,PYF,18930.1268887012,0.398801414346934,,12.027,,OTHER
2014,French Polynesia,PYF,18928.1858620128,0.593554452942286,,11.894,,OTHER
2015,French Polynesia,PYF,19166.9594761931,1.80334081452726,,11.794,,OTHER
2016,French Polynesia,PYF,19516.0718353276,2.30219823670438,,11.727,,OTHER
2017,French Polynesia,PYF,20287.7685831663,4.29263363103487,,11.595,,OTHER
2018,French Polynesia,PYF,20674.4206829029,1.80687498305207,,11.599,,OTHER
2019,French Polynesia,PYF,21289.8751241139,2.68946658143334,,11.591,,OTHER
2020,French Polynesia,PYF,19026.790444196,-10.5738138632489,,12.963,,OTHER
2021,French Polynesia,PYF,19626.2332540206,3.36590242421546,,12.558,,OTHER
2022,French Polynesia,PYF,20160.4994298379,2.9373470716322,,11.793,,OTHER
2023,French Polynesia,PYF,20664.9770259225,2.77284077155413,,11.613,,OTHER
2024,French Polynesia,PYF,20846.6514059991,1.12638897730247,,11.613,,OTHER
2025,French Polynesia,PYF,,,,11.662,,OTHER
1990,Qatar,QAT,40125.3967011798,3.41446208226637,3.0009680542111,,10.743878769782,OTHER
1991,Qatar,QAT,38185.1053391115,-1.66223252157937,4.41729323308255,0.87,13.011254789272,OTHER
1992,Qatar,QAT,41171.6739154722,11.3305277115916,3.06030603060311,0.87,,OTHER
1993,Qatar,QAT,39377.8267305005,-1.32513610817219,-0.8733624454148,0.87,,OTHER
1994,Qatar,QAT,38743.9675482679,1.41870841852997,1.32158590308376,0.87,,OTHER
1995,Qatar,QAT,38526.8070714743,2.39923621838123,2.9565217391303,0.87,,OTHER
1996,Qatar,QAT,39095.0108603448,4.37391057029394,4.90453460620532,0.87,,OTHER
1997,Qatar,QAT,48844.8586607766,30.012039826432,4.83448981913322,0.87,,OTHER
1998,Qatar,QAT,51513.5714535796,11.2186524439444,2.9513888888889,0.87,,OTHER
1999,Qatar,QAT,50917.3350804671,4.28406439626644,2.18170320404723,0.87,,OTHER
2000,Qatar,QAT,52234.3615212341,8.02812545191884,1.65033522434232,0.87,,OTHER
2001,Qatar,QAT,51633.898491151,3.89818666233907,1.47133434804683,0.87,,OTHER
2002,Qatar,QAT,52752.6445826427,7.18215168021513,0.239999999999952,0.87,3.92996992225186,OTHER
2003,Qatar,QAT,52255.320560255,3.71995867654906,2.26456504389469,0.87,3.33399484024608,OTHER
2004,Qatar,QAT,59990.23422872,19.2189153397893,6.79933665008279,0.87,2.43385968557379,OTHER
2005,Qatar,QAT,60416.7101500199,7.49275848279068,8.81439532334683,0.87,1.99301626863922,OTHER
2006,Qatar,QAT,64676.3189868053,26.1702456703032,11.8358096197431,0.87,1.75050764857182,OTHER
2007,Qatar,QAT,61423.0131050382,17.9856568160263,13.7581625759964,0.52,1.95984159971877,OTHER
2008,Qatar,QAT,61213.7206556875,17.6635563626089,15.0501451570333,0.31,2.01050092711317,OTHER
2009,Qatar,QAT,60781.8017337781,11.9565611289086,-4.86327801622565,0.31,1.99221317692269,OTHER
2010,Qatar,QAT,72333.8027430124,19.5921744776308,-2.42525675161714,0.45,1.47390908321736,OTHER
2011,Qatar,QAT,81608.4080652473,13.3752345495477,1.13836623529202,0.56,,OTHER
2012,Qatar,QAT,80621.7554942834,4.73008513739958,2.31534853431661,0.48,,OTHER
2013,Qatar,QAT,76486.9151226864,5.55610364218512,3.22197756829293,0.28,,OTHER
2014,Qatar,QAT,71756.0265797248,5.33434159770252,3.34972085659523,0.2,,OTHER
2015,Qatar,QAT,68985.2433380102,4.75332372902957,1.8140772393776,0.17,,OTHER
2016,Qatar,QAT,67294.3517688172,3.06410503214877,2.6765917009819,0.15,,OTHER
2017,Qatar,QAT,64497.6242543737,-1.49756209084892,0.394878914083005,0.14,,OTHER
2018,Qatar,QAT,64410.7171628721,1.23483197031548,0.255815382724408,0.11,,OTHER
2019,Qatar,QAT,63430.3717285437,0.688255893930972,-0.666641124861147,0.1,,OTHER
2020,Qatar,QAT,57769.5836053284,-3.55750284254954,-2.5403150300476,0.14,,OTHER
2021,Qatar,QAT,65488.5460040395,1.62693587314129,2.30446565742003,0.14,6.4523551123317,OTHER
2022,Qatar,QAT,64315.6355652952,4.18497018544697,4.99527553740761,0.13,6.50020565272303,OTHER
2023,Qatar,QAT,65337.9507645329,1.53979117720789,3.02764899198902,0.13,,OTHER
2024,Qatar,QAT,62157.3751791848,2.35970586926597,1.26734310292375,0.13,,OTHER
2025,Qatar,QAT,,,,0.13,,OTHER
1990,Romania,ROU,5019.43702748333,,,,4.54741504925103,OTHER
1991,Romania,ROU,4409.1517208357,-12.9182107298211,230.622494900178,8.23,4.77333466430117,OTHER
1992,Romania,ROU,4059.09860455382,-8.7672284522824,211.205587610082,8.26,4.24768251683067,OTHER
1993,Romania,ROU,4126.76859277572,1.52883449664077,255.166861826698,8.251,2.74060801469377,OTHER
1994,Romania,ROU,4295.27065788629,3.93194272962506,136.759392815441,8.17,3.11472840805896,OTHER
1995,Romania,ROU,4572.25803354276,6.23351148371351,32.2424847257597,8.01,2.61344768528808,OTHER
1996,Romania,ROU,4764.63682106299,3.90770208816159,38.8293013382852,6.74,2.36907292563377,OTHER
1997,Romania,ROU,4546.66753054721,-4.8490627379703,154.763480436309,5.515,3.01764996200519,OTHER
1998,Romania,ROU,4463.60791806212,-2.02981290571721,59.0965827541167,5.63,3.00417486391887,OTHER
1999,Romania,ROU,4453.78126046181,-0.376660705758994,45.8037811326363,6.239,2.64025926740376,OTHER
2000,Romania,ROU,4569.31124324524,2.4612634592269,45.6665940440238,6.969,2.49891418426016,OTHER
2001,Romania,ROU,4875.30310600635,5.21813625673708,34.4770123493527,6.561,2.4207451879196,OTHER
2002,Romania,ROU,5248.54994632668,5.70299165043771,22.5398862605386,8.112,2.28729607547664,OTHER
2003,Romania,ROU,5410.30835796252,2.34114732919521,15.2734889936255,6.95,2.08848713354877,OTHER
2004,Romania,ROU,6008.64048461485,10.4281130180976,11.8743635936399,7.719,2.00765756131918,OTHER
2005,Romania,ROU,6328.09022324183,4.6681480508487,9.01491283343835,7.174,2.00699360911993,OTHER
2006,Romania,ROU,6876.77841417966,8.02881107599163,6.55851412276983,7.27,1.84512546001227,OTHER
2007,Romania,ROU,7483.97375820611,7.23380774362805,4.83732928313989,6.413,1.49361825981328,OTHER
2008,Romania,ROU,8318.00342795388,9.30746717077338,7.85080255714482,5.787,1.39998436558161,OTHER
2009,Romania,ROU,7924.87058070212,-5.51670615843011,5.58742004264393,6.859,1.27806961233722,OTHER
2010,Romania,ROU,7660.70667630517,-3.90581157302972,6.09141668601891,6.959,1.22697660697606,OTHER
2011,Romania,ROU,8044.57194920892,4.49558909946313,5.7892532881588,7.177,1.23556866931776,OTHER
2012,Romania,ROU,8234.28553425194,1.90361696799603,3.33492267693442,6.794,1.17392522752233,OTHER
2013,Romania,ROU,8287.95844089676,0.278771877470234,3.9847123554813,7.096,1.29223076714816,OTHER
2014,Romania,ROU,8661.47397274241,4.11600109267832,1.06830987684298,6.802,1.3476637836228,OTHER
2015,Romania,ROU,8977.01748158196,3.1570360543854,-0.594156437495203,6.812,1.45071824376782,OTHER
2016,Romania,ROU,9286.87678236598,2.85993252302089,-1.54479666813897,5.901,1.42770454147789,OTHER
2017,Romania,ROU,10106.2269557253,8.19547826641261,1.3390212110439,4.927,1.73375510218939,OTHER
2018,Romania,ROU,10714.1701157127,5.39452228185675,4.62548443137779,4.187,1.79144423500295,OTHER
2019,Romania,ROU,11197.3162915853,3.96028958497598,3.82785432599438,3.912,1.83079024096076,OTHER
2020,Romania,ROU,10854.049431887,-3.59802546034757,2.63107311184743,5.035,2.00415209230412,OTHER
2021,Romania,ROU,11546.3224998072,5.58735072538869,5.05232876096582,5.59,1.84762902286434,OTHER
2022,Romania,ROU,12076.3033811896,4.18771305104109,13.7954887432521,5.614,1.75011695275109,OTHER
2023,Romania,ROU,12340.8170509969,2.25773416555121,10.3971874764996,5.589,1.60357956167259,OTHER
2024,Romania,ROU,12459.9112061891,0.916003764382594,5.72140574354439,5.4,2.29815245791591,OTHER
2025,Romania,ROU,,,,5.992,,OTHER
1990,Russian Federation,RUS,7849.51904296875,-2.99999564243126,,,,OTHER
1991,Russian Federation,RUS,7432.021484375,-5.04693945142463,,5.11,,OTHER
1992,Russian Federation,RUS,6345.912109375,-14.5310737729264,,5.181,4.42703232125367,OTHER
1993,Russian Federation,RUS,5798.91455078125,-8.66854034260423,874.245720380188,5.883,4.18132464712269,OTHER
1994,Russian Federation,RUS,5071.74267578125,-12.5697559802151,307.722635553193,8.131,4.5237006553879,OTHER
1995,Russian Federation,RUS,4862.646484375,-4.1435284052602,197.414268084251,9.449,3.78442996742671,OTHER
1996,Russian Federation,RUS,4686.86279296875,-3.7550694383594,47.7520122009939,9.665,3.75655882080282,OTHER
1997,Russian Federation,RUS,4760.33935546875,1.3999158052963,14.761329268806,11.813,4.03980929678188,OTHER
1998,Russian Federation,RUS,4515.50927734375,-5.2999616266239,27.6856798076742,13.261,2.73264908865687,OTHER
1999,Russian Federation,RUS,4819.38037109375,6.39991469144101,85.7464940960636,13.036,3.07328792235108,OTHER
2000,Russian Federation,RUS,5323.66650390625,10.0000668136515,20.7987606558704,10.581,3.30702983667541,OTHER
2001,Russian Federation,RUS,5618.95556640625,5.10005122572568,21.4770072117159,8.978,3.54631922908818,OTHER
2002,Russian Federation,RUS,5910.171875,4.69999190914258,15.7887307914463,7.875,3.75627739108018,OTHER
2003,Russian Federation,RUS,6370.45361328125,7.29995234528189,13.6632930228666,8.21,3.67083808960104,OTHER
2004,Russian Federation,RUS,6856.67822265625,7.19994786954857,10.8886157326216,7.763,3.30035364660483,OTHER
2005,Russian Federation,RUS,7323.38525390625,6.39996544799469,12.6853039507349,7.124,3.33123723441659,OTHER
2006,Russian Federation,RUS,7949.89697265625,8.20006825456321,9.66865454789265,7.055,3.24635723405838,OTHER
2007,Russian Federation,RUS,8640.40625,8.49997776916511,9.00729868861079,6.002,3.1185420747754,OTHER
2008,Russian Federation,RUS,9093.7001953125,5.19996926404957,14.1107677840442,6.205,3.14948602002222,OTHER
2009,Russian Federation,RUS,8381.8681640625,-7.79999391271275,11.6473295764118,8.301,3.92406340302834,OTHER
2010,Russian Federation,RUS,8755.1201171875,4.49999999920672,6.84939230255025,7.407,3.58508572012112,OTHER
2011,Russian Federation,RUS,9120.8203125,4.30002918567749,8.4404648593257,6.571,3.43304383760131,OTHER
2012,Russian Federation,RUS,9464.0107421875,4.02408615746921,5.07474300799149,5.484,3.68924043459907,OTHER
2013,Russian Federation,RUS,9601.537109375,1.75542214874298,6.75466833903486,5.513,3.85404258314373,OTHER
2014,Russian Federation,RUS,9493.8125,0.736267221765672,7.82016970013845,5.212,4.11299297822323,OTHER
2015,Russian Federation,RUS,9277.7138671875,-1.97271922580408,15.5343959935701,5.615,4.87151474680202,OTHER
2016,Russian Federation,RUS,9269.3193359375,0.193690071260534,7.04243725413707,5.591,5.42514770504505,OTHER
2017,Russian Federation,RUS,9418.9140625,1.82579006401834,3.68333072334495,5.238,4.24899605173948,OTHER
2018,Russian Federation,RUS,9674.787109375,2.80724541059601,2.87831382614981,4.871,3.71982243956434,OTHER
2019,Russian Federation,RUS,9882.0244140625,2.19807571335009,4.47202631837903,4.513,3.86033750437073,OTHER
2020,Russian Federation,RUS,9632.3251953125,-2.65365450102773,3.38219796948068,5.62,4.14471713241985,OTHER
2021,Russian Federation,RUS,10231.318359375,5.86649177292595,6.69445891957612,4.749,3.57591678846302,OTHER
2022,Russian Federation,RUS,10119.0625,-1.43588213859842,13.7436797398232,3.867,4.60728884010235,OTHER
2023,Russian Federation,RUS,10562.0263671875,4.08252481259281,5.86571931748967,3.076,5.40231844120686,OTHER
2024,Russian Federation,RUS,11043.259765625,4.34437475491529,8.43486410496723,2.43,7.05233864500366,OTHER
2025,Russian Federation,RUS,,,,2.133,,OTHER
1990,Rwanda,RWA,368.219602425258,-2.39929109760386,4.18576372649948,,3.72916598371212,OTHER
1991,Rwanda,RWA,351.728542825213,-2.5143796537652,19.6371658148373,12.335,5.50917220341816,OTHER
1992,Rwanda,RWA,364.8092069198,5.87272524148186,9.56041187600816,12.114,4.29060212378114,OTHER
1993,Rwanda,RWA,322.716818710568,-8.1086918809961,12.3543887630448,12.155,4.53637540088899,OTHER
1994,Rwanda,RWA,188.658278473302,-50.2480671038988,,12.236,3.437876960193,OTHER
1995,Rwanda,RWA,305.387824462464,35.2240783089712,,11.938,0.607802874743326,OTHER
1996,Rwanda,RWA,291.210840482528,12.7456957645316,7.41137173526642,11.507,5.32855611635214,OTHER
1997,Rwanda,RWA,286.805194458463,13.8497524857822,12.0154225195686,11.087,4.17352561260538,OTHER
1998,Rwanda,RWA,299.601139695983,8.85866949392693,6.2100670945581,11.255,4.37764728159408,OTHER
1999,Rwanda,RWA,310.098130200543,4.35188831936337,-2.40593209742259,11.569,4.44810543657331,OTHER
2000,Rwanda,RWA,333.355090143084,8.37089593548548,3.89952980284712,11.699,3.53550295857988,OTHER
2001,Rwanda,RWA,358.446058691452,8.4845603416011,3.34285506749409,11.732,3.39622641509434,OTHER
2002,Rwanda,RWA,400.270421264911,13.1920736254262,1.99258542453993,11.432,3.04893350062735,OTHER
2003,Rwanda,RWA,400.191620648726,2.20238751139603,7.44970014007366,11.658,2.44712990936556,OTHER
2004,Rwanda,RWA,418.780997277457,7.44766737034072,12.2507102894391,11.699,1.97346600331675,OTHER
2005,Rwanda,RWA,446.029809636404,9.3778991673686,9.01408918092339,11.842,1.74305555555556,OTHER
2006,Rwanda,RWA,474.364599463307,9.22707576798881,8.88282654777923,11.586,1.64391043145822,OTHER
2007,Rwanda,RWA,497.171622130545,7.63329819125276,9.08072205873158,11.58,1.36567834681042,OTHER
2008,Rwanda,RWA,538.325372065592,11.1612473247323,15.4382138709255,11.517,1.30649717514124,OTHER
2009,Rwanda,RWA,557.397804859216,6.24825750620508,12.9443978401712,11.625,1.32690239867659,OTHER
2010,Rwanda,RWA,583.371416419483,7.33465645006753,-0.246128693436934,11.637,1.21679268178848,OTHER
2011,Rwanda,RWA,614.539650123021,7.95838869847094,3.0801706924026,11.756,1.09493104282603,OTHER
2012,Rwanda,RWA,651.852818665834,8.64150815836322,10.2710182318876,11.671,1.04224962789709,OTHER
2013,Rwanda,RWA,666.408788783175,4.71984856978263,5.92426867984854,11.768,1.05488528481013,OTHER
2014,Rwanda,RWA,690.610394944356,6.16716615166932,2.35449052820358,11.837,1.10273875155611,OTHER
2015,Rwanda,RWA,733.998629882494,8.8568555974538,2.52850284192421,11.831,1.21369473342003,OTHER
2016,Rwanda,RWA,759.606288155109,5.97074525431094,7.17434301982009,11.788,1.24050679129546,OTHER
2017,Rwanda,RWA,771.069237513582,3.91817093628465,8.27953672260832,11.875,1.24889524304653,OTHER
2018,Rwanda,RWA,817.578437300032,8.51646722592409,-0.311210160390699,10.759,1.23514702337913,OTHER
2019,Rwanda,RWA,874.639658935978,9.44738518613097,3.34787655037648,11.236,1.19793121977431,OTHER
2020,Rwanda,RWA,826.391307701022,-3.37368746369782,9.85039902274207,11.829,1.47371574450349,OTHER
2021,Rwanda,RWA,896.271033574985,10.8584320184896,-0.391346748300791,15.775,1.5121767339852,OTHER
2022,Rwanda,RWA,948.413686948024,8.16120720872912,17.6892095588153,15.084,1.33346574344023,OTHER
2023,Rwanda,RWA,1004.33216650024,8.24990302014558,19.789546746467,12.352,1.25231620743593,OTHER
2024,Rwanda,RWA,1070.45003770926,8.89065529573114,1.77029240198635,11.331,1.24772078121775,OTHER
2025,Rwanda,RWA,,,,11.363,,OTHER
1990,South Asia,SAS,543.339636536863,5.58717150098668,,,2.93875987525966,OTHER
1991,South Asia,SAS,539.975756404474,1.51514935543473,,7.24315545951345,2.7222410783387,OTHER
1992,South Asia,SAS,557.346083149869,5.412367669308,,7.23871666924301,2.57727860017884,OTHER
1993,South Asia,SAS,572.217189205099,4.82260448502312,,7.24980061619164,2.67887393839626,OTHER
1994,South Asia,SAS,596.466356492419,6.36732623927425,,7.18007906379825,2.57581009569653,OTHER
1995,South Asia,SAS,626.75795957348,7.19762953036722,,7.15013674904188,2.56985372226769,OTHER
1996,South Asia,SAS,657.930640267577,7.07430603995918,,7.11279594729808,2.45338003009497,OTHER
1997,South Asia,SAS,672.358162148714,4.21061775740803,,7.15153632180334,2.58270284980827,OTHER
1998,South Asia,SAS,698.977290636221,5.98554453382025,,7.16874708180548,2.65139548204536,OTHER
1999,South Asia,SAS,742.115275348887,8.20855528342406,,7.17195172652658,2.83568362037794,OTHER
2000,South Asia,SAS,758.133172484319,4.08685651051928,,7.17647475389305,2.8344732860487,OTHER
2001,South Asia,SAS,778.357238713854,4.57324198890292,,7.23245898235974,2.7842572751437,OTHER
2002,South Asia,SAS,793.58779205405,3.77199800153592,,7.34580672778149,2.66098917993132,OTHER
2003,South Asia,SAS,838.605352931883,7.46572456545647,,7.33330344756806,2.52584423377006,OTHER
2004,South Asia,SAS,887.193101602536,7.54604881614362,,7.30632128284372,2.67315035895055,OTHER
2005,South Asia,SAS,940.169909002488,7.64449221776582,,7.24801932806737,2.74667948171676,OTHER
2006,South Asia,SAS,999.335555409877,7.89518422976431,,7.16089355787342,2.55799293731504,OTHER
2007,South Asia,SAS,1059.31634791841,7.53428173032866,,7.2019977638481,2.40041340225536,OTHER
2008,South Asia,SAS,1081.2982713599,3.48063577458643,,7.29504082041586,2.52303927382388,OTHER
2009,South Asia,SAS,1145.46231062146,7.38981184100092,,7.3628078548039,2.9722424122005,OTHER
2010,South Asia,SAS,1222.51823014544,8.19440351757765,,7.16328861819797,2.76511797272295,OTHER
2011,South Asia,SAS,1272.07513809819,5.45109403202389,,7.17458097714582,2.59584817725165,OTHER
2012,South Asia,SAS,1326.51107396561,5.64515915604163,,7.23720359721905,2.49442739368752,OTHER
2013,South Asia,SAS,1392.20217841536,6.23326513040877,,7.31372620028363,2.41945944596064,OTHER
2014,South Asia,SAS,1475.2167650201,7.24547986692529,,7.29419854752289,2.42340013243015,OTHER
2015,South Asia,SAS,1570.54142462917,7.68973935167961,,7.27349261228767,2.34379494219297,OTHER
2016,South Asia,SAS,1676.35409782334,7.96912333627881,,7.25080318686175,2.38400929696935,OTHER
2017,South Asia,SAS,1770.26291324586,6.78411966003432,,7.24969569674111,2.3701857855588,OTHER
2018,South Asia,SAS,1863.72112646654,6.3936663253368,,7.28140399591901,2.26281147855359,OTHER
2019,South Asia,SAS,1920.39706317474,4.09454306508007,,6.30644937347767,2.37297678089599,OTHER
2020,South Asia,SAS,1806.99045389559,-4.98750173651176,,7.62561175204578,2.57554594627238,OTHER
2021,South Asia,SAS,1957.51785309013,9.24659959728567,,6.33048938390488,2.29231286232281,OTHER
2022,South Asia,SAS,2079.70096055151,7.10115392630797,,4.86631704704624,2.18722626721354,OTHER
2023,South Asia,SAS,2236.80860471582,8.50528885307943,,4.16220090187648,2.1802822946504,OTHER
2024,South Asia,SAS,2355.24832417956,6.23259967615652,,4.19214668978211,2.10732883422627,OTHER
2025,South Asia,SAS,,,,4.24316978447462,,OTHER
1990,Saudi Arabia,SAU,25918.9650837526,9.4260985412794,2.07715133531156,,14.0242926458954,OTHER
1991,Saudi Arabia,SAU,26742.682261559,8.22077074524385,4.86111111111137,7.316,12.4698079910217,OTHER
1992,Saudi Arabia,SAU,26709.0328186878,4.58058206179402,-0.0770060064690921,7.2,11.2841579833052,OTHER
1993,Saudi Arabia,SAU,25649.064468644,0.379835927354492,1.05579531442695,7.002,12.4653722820651,OTHER
1994,Saudi Arabia,SAU,24808.6528928409,0.952965973086691,0.564325478533149,6.733,10.644781673538,OTHER
1995,Saudi Arabia,SAU,23876.246129794,0.311708028499027,4.86843103056033,6.365,9.27846839011516,OTHER
1996,Saudi Arabia,SAU,23699.1352161738,3.30468254228352,1.22206054877756,5.804,8.46807775904447,OTHER
1997,Saudi Arabia,SAU,23406.0346643453,2.64731939948642,0.0571506050626489,5.283,11.0009354234167,OTHER
1998,Saudi Arabia,SAU,23179.8581162861,2.80381183998992,-0.37126675171199,4.752,14.3110374500593,OTHER
1999,Saudi Arabia,SAU,22214.4256445476,-0.633393640920247,-1.33375489653896,4.346,11.3819360225849,OTHER
2000,Saudi Arabia,SAU,22247.8566987439,4.71813422138024,-1.12499838517645,4.57,10.5344033130193,OTHER
2001,Saudi Arabia,SAU,21193.0922894351,0.344593196175438,-1.12094804896791,4.618,11.4190048869926,OTHER
2002,Saudi Arabia,SAU,20025.4319998275,-0.688390130317757,0.247186492339686,5.265,9.75806380053797,OTHER
2003,Saudi Arabia,SAU,20765.9387688082,8.76873381743964,0.612195358172966,5.563,8.68711846455737,OTHER
2004,Saudi Arabia,SAU,21545.894988606,8.63100545880309,0.5155078977673,5.822,8.08155565898243,OTHER
2005,Saudi Arabia,SAU,21838.1915349374,5.94489623934835,0.479231671630955,6.051,7.73059887481948,OTHER
2006,Saudi Arabia,SAU,21616.3355772516,3.31348473625901,2.20902314069647,6.254,7.84836521143522,OTHER
2007,Saudi Arabia,SAU,21196.7926036633,2.21365396372528,4.16782358431579,5.734,8.52704997826892,OTHER
2008,Saudi Arabia,SAU,21629.8405734551,6.2379875365458,9.87024816760266,5.085,7.35343646797829,OTHER
2009,Saudi Arabia,SAU,20577.5453445336,-1.06671711240203,5.0572227614833,5.377,9.61719999229391,OTHER
2010,Saudi Arabia,SAU,21830.1424272816,5.0395150823517,5.33941733020905,5.55,8.56567729417753,OTHER
2011,Saudi Arabia,SAU,23314.5576023168,11.758820686671,5.8262163739404,5.77,7.17239914861776,OTHER
2012,Saudi Arabia,SAU,23643.0358324647,5.76157382270968,2.86627029905053,5.622,7.61580760228465,OTHER
2013,Saudi Arabia,SAU,23057.3494468535,2.94563789152025,3.51104209799866,5.6,8.89019141193183,OTHER
2014,Saudi Arabia,SAU,23404.7306039825,4.02467158380668,2.24185348779063,5.877,10.5350604637453,OTHER
2015,Saudi Arabia,SAU,23256.1549553531,4.65512316652699,1.22269318552328,5.6,13.022838193007,OTHER
2016,Saudi Arabia,SAU,22783.0328538685,1.70404739202878,2.05347076823965,5.6,9.56048239449097,OTHER
2017,Saudi Arabia,SAU,23035.1199977707,1.18210705878283,-0.834845735027162,5.89,9.84622692397792,OTHER
2018,Saudi Arabia,SAU,24393.5188306638,3.2269508901591,2.46594308994843,6.029,8.81333517624339,OTHER
2019,Saudi Arabia,SAU,24905.6697428558,1.65158925617395,-1.19298644533328,5.636,7.79458844216861,OTHER
2020,Saudi Arabia,SAU,22827.671935548,-3.80478901996312,3.37234961012303,7.66,8.7921741101353,OTHER
2021,Saudi Arabia,SAU,24922.6716948944,6.51959698325419,3.06328988941548,6.621,7.22921983667662,OTHER
2022,Saudi Arabia,SAU,26706.917926066,12.0005874752929,2.47407371925372,5.589,6.39742215278993,OTHER
2023,Saudi Arabia,SAU,25634.8237547841,0.542592439393161,2.32708518362706,4.008,7.28424248969983,OTHER
2024,Saudi Arabia,SAU,24963.3322139095,1.99650173436159,1.68792112375809,3.518,7.2981029390103,OTHER
2025,Saudi Arabia,SAU,,,,3.038,,OTHER
1990,Sudan,SDN,764.450439453125,-5.47005377383857,65.1580979966203,,4.81332473594827,B
1991,Sudan,SDN,805.367309570313,7.51091035393294,123.578126902936,15.619,4.99230134581934,B
1992,Sudan,SDN,842.008605957031,6.57786138499603,117.624468896394,15.668,4.38936351776834,B
1993,Sudan,SDN,862.978149414063,4.56874918954713,101.380423763812,15.51,4.92111842294319,B
1994,Sudan,SDN,850.299438476563,1.00622924788334,115.398144292738,15.617,3.89783506504326,B
1995,Sudan,SDN,877.693298339844,5.99709226051246,68.3751929485422,15.627,2.07304526748971,B
1996,Sudan,SDN,908.66015625,5.9191237633176,132.823777374139,15.605,1.26932620729147,B
1997,Sudan,SDN,1050.31994628906,18.3126571850273,47.1685369647197,15.324,0.954328561690525,B
1998,Sudan,SDN,1069.27197265625,4.30850425525036,24.6218785461586,15.352,2.37964989059081,B
1999,Sudan,SDN,1074.88098144531,3.10409561549652,17.1664454201761,15.399,4.00975645811006,B
2000,Sudan,SDN,1111.11865234375,6.34586743997545,7.12125897172291,15.595,4.47129193686891,B
2001,Sudan,SDN,1150.17626953125,6.50036053396883,1.93529572095333,15.56,2.46931798617772,B
2002,Sudan,SDN,1185.21533203125,6.0064715363132,22.2247241495905,15.514,2.67191557081833,B
2003,Sudan,SDN,1226.42077636719,6.28880816146516,6.48943208673338,15.515,1.86421215057236,B
2004,Sudan,SDN,1255.67114257813,5.14088851762675,9.65754628605945,15.538,4.65650965498174,B
2005,Sudan,SDN,1290.24438476563,5.64351551343631,8.50585075933117,15.545,3.31128145892401,B
2006,Sudan,SDN,1336.1240234375,6.5314117467792,7.19912990114709,15.542,3.64051219402659,B
2007,Sudan,SDN,1372.10961914063,5.73527423664484,14.7542770780084,15.534,4.0832306034626,B
2008,Sudan,SDN,1381.62561035156,3.84674473121058,14.2971224481434,15.566,4.97892177814511,B
2009,Sudan,SDN,1301.34729003906,-2.76770436599138,11.256758706301,13.0,5.45391875825013,B
2010,Sudan,SDN,1311.22314453125,3.85824195230107,12.9776663898014,15.168,,B
2011,Sudan,SDN,1388.21813964844,-3.21353209253371,18.0966171221351,17.44,,B
2012,Sudan,SDN,1288.25854492188,-17.0046884048945,35.5590574147024,16.973,,B
2013,Sudan,SDN,1283.45922851563,1.95514463302422,36.5223449139154,16.273,,B
2014,Sudan,SDN,1307.3896484375,4.66137954229873,36.9066427863595,15.41,,B
2015,Sudan,SDN,1292.37963867188,1.91017689052751,16.9095706050977,14.39,2.71294023315842,B
2016,Sudan,SDN,1297.15454101563,3.46764218409288,17.750253831196,13.656,2.27850721551928,B
2017,Sudan,SDN,1261.87353515625,0.70925628476644,32.3516260968437,13.0,3.28580390103889,B
2018,Sudan,SDN,1185.94445800781,-2.6809305497999,63.2925073455888,12.347,1.77892402693237,B
2019,Sudan,SDN,1126.55297851563,-2.17825104530091,50.9940515002965,11.697,1.62906799271331,B
2020,Sudan,SDN,1056.86474609375,-3.62980082410752,163.257782355458,11.995,0.975842222955387,B
2021,Sudan,SDN,1009.54888916016,-1.8685204827207,359.093040778999,11.087,0.925377247984565,B
2022,Sudan,SDN,973.225280761719,-0.957816591119183,138.80846024176,7.53,,B
2023,Sudan,SDN,677.723205566406,-29.4332718325149,,,,B
2024,Sudan,SDN,578.38916015625,-13.9643375197179,,,,B
1990,Senegal,SEN,990.777522619822,-0.746282224252312,0.325098630183258,,1.63346898573868,OTHER
1991,Senegal,SEN,988.63221583773,2.65996265739379,-1.75355690199309,2.861,1.54705556651557,OTHER
1992,Senegal,SEN,974.054860027128,1.32023303661357,-0.109942967085665,2.928,1.4439999325024,OTHER
1993,Senegal,SEN,960.506561720788,1.36021300651346,-0.586434615120184,2.878,1.66830404428701,OTHER
1994,Senegal,SEN,934.692068072302,-0.0475209486617416,32.2936668569552,2.947,1.34761973804184,OTHER
1995,Senegal,SEN,960.84709282163,5.46858485819628,7.8640078457011,2.846,1.31009911066192,OTHER
1996,Senegal,SEN,956.588791201654,2.01997720854131,2.75430663482407,2.831,1.24391793737025,OTHER
1997,Senegal,SEN,962.736689457399,3.04560103485423,1.75316478097236,2.759,1.1969122297618,OTHER
1998,Senegal,SEN,995.979085689636,5.89847931769205,1.15678070391341,2.751,1.17914185452607,OTHER
1999,Senegal,SEN,1033.76396461633,6.28330825030987,0.827250608272497,2.655,1.20212680514523,OTHER
2000,Senegal,SEN,1048.37474052363,3.88721095816793,0.731981981981597,2.638,1.04836027705155,OTHER
2001,Senegal,SEN,1067.36886550595,4.31085146618369,2.97450083919566,2.674,1.11566749250516,OTHER
2002,Senegal,SEN,1042.25509944289,0.0686965747419066,2.33730187454299,2.82,1.10124043617179,OTHER
2003,Senegal,SEN,1074.38578467686,5.59395094456143,-0.0519970242714495,2.781,1.11544277826225,OTHER
2004,Senegal,SEN,1098.20064546027,4.64329393683312,0.514781781023016,2.775,1.05782487014373,OTHER
2005,Senegal,SEN,1119.0505307548,4.31023852639633,1.71133325855502,2.679,1.13046452910055,OTHER
2006,Senegal,SEN,1118.7830430051,2.33077098330239,2.11228583877117,2.755,1.27105687032274,OTHER
2007,Senegal,SEN,1123.99862153285,2.82711920133374,5.85330428467681,2.8,1.3795917338401,OTHER
2008,Senegal,SEN,1138.66883930214,3.70316906391386,7.34720236578406,2.816,1.29196686871926,OTHER
2009,Senegal,SEN,1142.65317233964,2.75210448455053,-2.2480214785534,2.807,1.33587587609685,OTHER
2010,Senegal,SEN,1153.53431121583,3.39088925336209,1.22868119673344,2.795,1.2153093310459,OTHER
2011,Senegal,SEN,1139.74447892639,1.33409107961258,3.40322829786971,2.853,1.29386015954483,OTHER
2012,Senegal,SEN,1154.05677992367,4.00299555090457,1.41822871177854,3.896,1.11347959476351,OTHER
2013,Senegal,SEN,1147.3859217191,2.41238527605579,0.710245486695176,5.012,1.25170125603319,OTHER
2014,Senegal,SEN,1180.7987108505,6.22407443790986,-1.09025507446895,5.849,1.21336600293871,OTHER
2015,Senegal,SEN,1218.00613555438,6.36704365066983,0.135211933635165,6.757,1.2090991706832,OTHER
2016,Senegal,SEN,1257.40906915928,6.35606857181878,0.837284942557434,4.455,1.60209745363896,OTHER
2017,Senegal,SEN,1312.10932776049,7.4074861863013,1.31815314847789,4.078,1.47106251742975,OTHER
2018,Senegal,SEN,1355.09610863712,6.20924103389086,0.460985642464188,3.453,1.66692756826471,OTHER
2019,Senegal,SEN,1379.60875249861,4.61362809749708,1.76011151192939,2.863,1.52473710605653,OTHER
2020,Senegal,SEN,1361.79143748646,1.3420737726679,2.54314685681662,3.432,1.40872642077366,OTHER
2021,Senegal,SEN,1414.5395109385,6.54400109964304,2.18032278088147,3.436,1.75617528439428,OTHER
2022,Senegal,SEN,1433.1991875241,3.85043193735768,9.69681899081073,2.837,1.52411336065101,OTHER
2023,Senegal,SEN,1458.96642332589,4.2574308328029,5.93947798773215,2.784,1.47655823980403,OTHER
2024,Senegal,SEN,1511.89280670234,6.06055141198976,0.804503298792438,2.788,1.56647768181405,OTHER
2025,Senegal,SEN,,,,2.735,,OTHER
1990,Singapore,SGP,23272.7000932159,9.82089955731777,3.46075338652824,,4.63214447298365,OTHER
1991,Singapore,SGP,24132.7153290621,6.68839753958379,3.42570173078643,2.18,4.44835667304419,OTHER
1992,Singapore,SGP,24973.4311358112,6.63980556949564,2.26307118702851,3.09,4.47136864604274,OTHER
1993,Singapore,SGP,27139.9524278985,11.459650875246,2.28929964388641,3.07,4.09176493399803,OTHER
1994,Singapore,SGP,29220.2727915476,11.0956893100227,3.10013262599502,3.03,3.79143512807907,OTHER
1995,Singapore,SGP,30379.8991144598,7.17540112091071,1.72053384788524,3.3,4.18255823202502,OTHER
1996,Singapore,SGP,31349.3171805131,7.47139086002002,1.38318052481876,3.57,4.25807867594854,OTHER
1997,Singapore,SGP,32835.2518506082,8.31620911124497,2.00358618538962,2.5,4.45180554322353,OTHER
1998,Singapore,SGP,31043.108180076,-2.19101500611274,-0.267502292876153,3.41,5.20979627795524,OTHER
1999,Singapore,SGP,32557.0469904063,5.71837175710837,0.0167098337370727,4.85,5.2072614143348,OTHER
2000,Singapore,SGP,34890.0811365168,9.03831632555163,1.36162392448456,3.7,4.50757218998215,OTHER
2001,Singapore,SGP,33597.8690808226,-1.07086275100448,0.997197956155943,3.76,4.79890680085725,OTHER
2002,Singapore,SGP,34598.8267483781,3.92336076702013,-0.391676866585049,5.65,4.89323655491523,OTHER
2003,Singapore,SGP,36709.7965038255,4.54825542643229,0.507905300237551,5.93,4.83752738541917,OTHER
2004,Singapore,SGP,39856.6356222613,9.93998268434957,1.66272719863072,5.84,4.38428661801237,OTHER
2005,Singapore,SGP,41798.4880834671,7.36632239250758,0.425106276569107,5.59,4.27504313120819,OTHER
2006,Singapore,SGP,44159.4101820552,9.00676607871758,0.965657519018511,4.48,3.92291119365444,OTHER
2007,Singapore,SGP,46178.8139470199,9.02151951268893,2.10980166714574,3.9,3.602552791077,OTHER
2008,Singapore,SGP,44601.5799302699,1.86348345462035,6.63544058395309,3.96,3.85002679403201,OTHER
2009,Singapore,SGP,43331.8746638962,0.127953382778088,0.589142019610516,5.86,3.88242334748021,OTHER
2010,Singapore,SGP,48752.0515441859,14.5197497108994,2.82884527612958,4.12,3.38139843984389,OTHER
2011,Singapore,SGP,50713.5326393594,6.21493416858989,5.25115624639373,3.89,3.19387456850782,OTHER
2012,Singapore,SGP,51679.352717333,4.43549759378537,4.58084479423094,3.72,3.10816619008299,OTHER
2013,Singapore,SGP,53298.9728558286,4.81763099120676,2.36439793742726,3.86,3.03849114883637,OTHER
2014,Singapore,SGP,54681.9336458253,3.93554027709007,1.03316955857629,3.74,3.04786038477706,OTHER
2015,Singapore,SGP,55645.6068614606,2.97679931634806,-0.521975611895763,3.79,3.04671265935693,OTHER
2016,Singapore,SGP,56986.7853102911,3.74757848792792,-0.529809760375464,4.08,3.09531096262441,OTHER
2017,Singapore,SGP,59485.3015873921,4.47689915845876,0.576763191179996,4.2,2.97201085878766,OTHER
2018,Singapore,SGP,61250.3476672302,3.4519759658687,0.438784215129623,3.613,2.80776039122786,OTHER
2019,Singapore,SGP,61345.5291820062,1.30804118153127,0.567829988405447,3.1,2.75970653894344,OTHER
2020,Singapore,SGP,59189.70385743,-3.81470885510713,-0.172111865925382,4.1,2.80306272990798,OTHER
2021,Singapore,SGP,67731.2610711717,9.7568044629903,2.31610315765146,4.64,2.53704638803611,OTHER
2022,Singapore,SGP,68218.805333562,4.10800021897151,6.13095418919732,3.591,2.40634363671921,OTHER
2023,Singapore,SGP,66167.3596303607,1.82140694115385,4.83372362825798,3.444,2.83014132029943,OTHER
2024,Singapore,SGP,67706.8336149739,4.38802362461865,2.38951123595017,2.737,2.8417655746547,OTHER
2025,Singapore,SGP,,,,2.818,,OTHER
1990,Solomon Islands,SLB,1805.73206812837,2.19999999881691,8.73759261848181,,,OTHER
1991,Solomon Islands,SLB,1856.36887262922,6.00000155634048,15.050130775937,1.967,,OTHER
1992,Solomon Islands,SLB,2029.95281576767,12.6999982482398,10.7511603675285,1.851,,OTHER
1993,Solomon Islands,SLB,2049.27780478658,3.9999995348559,9.16866233321985,1.829,,OTHER
1994,Solomon Islands,SLB,2151.02993026269,8.10000122622149,13.2560325916638,1.804,,OTHER
1995,Solomon Islands,SLB,2299.97686265365,10.0886153892407,9.62921970116226,1.841,,OTHER
1996,Solomon Islands,SLB,2270.46026896394,1.60990763464251,11.7743563856637,1.875,,OTHER
1997,Solomon Islands,SLB,2186.40704720284,-0.914077188158032,8.08400135486043,2.009,,OTHER
1998,Solomon Islands,SLB,2153.3586427286,1.29151224937236,12.3995038128069,2.155,,OTHER
1999,Solomon Islands,SLB,2086.00900424701,-0.485730727999837,8.02036839296841,2.194,,OTHER
2000,Solomon Islands,SLB,1747.71796168688,-14.2769995911797,7.88956186986721,2.446,,OTHER
2001,Solomon Islands,SLB,1577.65519452251,-7.95660610016238,6.92583732057426,2.642,,OTHER
2002,Solomon Islands,SLB,1504.8467296693,-2.79998288464981,10.9296341872692,2.698,,OTHER
2003,Solomon Islands,SLB,1573.84348435767,6.52346685055134,8.26946349334406,2.286,,OTHER
2004,Solomon Islands,SLB,1664.57315979072,7.68364102152745,6.98584202682567,2.026,,OTHER
2005,Solomon Islands,SLB,1755.74082446273,7.35907917681935,7.33066341633299,1.879,,OTHER
2006,Solomon Islands,SLB,1796.71439810674,4.13726239664898,11.2199870214146,1.916,,OTHER
2007,Solomon Islands,SLB,1830.23321405807,3.63973499569106,7.66602013484806,1.978,,OTHER
2008,Solomon Islands,SLB,1911.18969015528,6.22590636247851,17.3200651968774,1.998,,OTHER
2009,Solomon Islands,SLB,1930.46287614922,2.86486309630651,7.09271716876286,2.02,,OTHER
2010,Solomon Islands,SLB,2058.95691648883,9.70817235491481,1.05148163321038,1.617,,OTHER
2011,Solomon Islands,SLB,2132.02844199392,7.43023752099302,7.34270706018,1.292,,OTHER
2012,Solomon Islands,SLB,2105.91423758379,2.46591837712438,5.91200602491155,0.984,,OTHER
2013,Solomon Islands,SLB,2136.72116177034,5.23744704670068,5.3913638858756,0.694,,OTHER
2014,Solomon Islands,SLB,2085.16067273086,1.18945509547778,5.16590237925171,0.73,,OTHER
2015,Solomon Islands,SLB,2045.47721526649,1.67578612030815,-0.57446928635949,0.736,,OTHER
2016,Solomon Islands,SLB,2084.24845745225,5.55494348257992,0.512485626268792,0.736,,OTHER
2017,Solomon Islands,SLB,2075.36705302305,3.07546176144591,0.488686760261083,0.727,,OTHER
2018,Solomon Islands,SLB,2061.8996970669,2.74585244829055,3.46147484973729,0.722,,OTHER
2019,Solomon Islands,SLB,2043.09139778307,1.74925244485951,1.63485544012247,0.746,,OTHER
2020,Solomon Islands,SLB,1930.65510307199,-3.38125925839405,2.96354992076065,0.868,,OTHER
2021,Solomon Islands,SLB,1880.5519827183,-0.227975292792024,-0.115437894412839,0.879,,OTHER
2022,Solomon Islands,SLB,1788.61727922057,-2.58448361755723,5.51812928576938,1.475,,OTHER
2023,Solomon Islands,SLB,1795.88798697142,2.84111851154807,5.88585897042164,1.443,,OTHER
2024,Solomon Islands,SLB,1806.38367324387,2.99755987604104,4.32183948388033,1.444,,OTHER
2025,Solomon Islands,SLB,,,,1.431,,OTHER
1990,Sierra Leone,SLE,992.259351903398,3.34999799346166,,,0.820769493275465,OTHER
1991,Sierra Leone,SLE,1003.77238191056,2.35196132919053,,4.135,1.27920056504565,OTHER
1992,Sierra Leone,SLE,828.516034463031,-19.012909778472,,4.376,1.68778296601619,OTHER
1993,Sierra Leone,SLE,841.770438078312,1.37454997423123,,4.401,1.30662854515732,OTHER
1994,Sierra Leone,SLE,822.218309819245,-1.9473850336049,,4.457,1.25075325983502,OTHER
1995,Sierra Leone,SLE,755.343467472038,-7.99975272721831,,4.317,1.23701082989956,OTHER
1996,Sierra Leone,SLE,764.924518087367,1.75382062624389,,4.313,0.849855684883699,OTHER
1997,Sierra Leone,SLE,710.743788352538,-5.87708084575527,,4.363,0.48048255613625,OTHER
1998,Sierra Leone,SLE,716.346032939256,1.78501237019348,,4.242,0.643666734495763,OTHER
1999,Sierra Leone,SLE,698.548063578049,-1.97928670052485,,4.288,1.09319455027975,OTHER
2000,Sierra Leone,SLE,727.240914632596,6.65273028404766,,4.137,1.57801055285861,OTHER
2001,Sierra Leone,SLE,642.036645844304,-6.34545563328469,,4.235,1.72271852453079,OTHER
2002,Sierra Leone,SLE,766.788693742901,26.5241350674409,,3.909,1.35970475391743,OTHER
2003,Sierra Leone,SLE,806.066489012144,9.48363126885343,,3.879,1.27788496760216,OTHER
2004,Sierra Leone,SLE,829.759768928304,6.47884588417347,,3.42,0.974909894000986,OTHER
2005,Sierra Leone,SLE,842.906030904902,4.3534998069981,,3.734,0.859492175206273,OTHER
2006,Sierra Leone,SLE,859.824260714965,4.28311062264335,,3.89,0.890937353042299,OTHER
2007,Sierra Leone,SLE,872.68836234614,3.74975804751641,11.6499744518106,4.022,0.842695620186599,OTHER
2008,Sierra Leone,SLE,882.54147817868,3.68605969932123,8.21112432289608,4.132,0.603658478631646,OTHER
2009,Sierra Leone,SLE,872.23959352481,1.53080323958716,7.46901898540982,4.268,0.695771445150757,OTHER
2010,Sierra Leone,SLE,902.769891411394,6.35566595800495,7.18566275668163,4.34,0.600434938929684,OTHER
2011,Sierra Leone,SLE,950.760763054593,8.10065518714917,6.79138291952621,4.388,0.530893039714345,OTHER
2012,Sierra Leone,SLE,1025.04366004502,10.578331663387,6.58776239392585,4.378,0.517911005474655,OTHER
2013,Sierra Leone,SLE,1146.81973456475,14.6633238075229,5.52412877994266,4.376,0.469957196664839,OTHER
2014,Sierra Leone,SLE,1032.23789355905,-7.81501512457241,4.63931171409667,4.678,0.747309962312162,OTHER
2015,Sierra Leone,SLE,964.575980888989,-4.36333262093788,6.68943562498681,4.483,0.581670050305266,OTHER
2016,Sierra Leone,SLE,1002.77862282013,6.43743652764257,10.8860609413903,4.182,0.714168280060902,OTHER
2017,Sierra Leone,SLE,1010.54694071207,3.20786087715987,18.2215094003386,3.656,0.676969771194224,OTHER
2018,Sierra Leone,SLE,1015.6678297205,2.8938564123677,16.0295447693699,3.192,0.465679597167025,OTHER
2019,Sierra Leone,SLE,1046.96778078594,5.50270937378153,14.8049990906021,3.204,0.37632567182809,OTHER
2020,Sierra Leone,SLE,1010.25294614757,-1.2533490322766,13.4468711101052,3.509,0.486095493916065,OTHER
2021,Sierra Leone,SLE,1045.7661615758,5.8968527047094,11.8739588840234,3.551,0.600261617809604,OTHER
2022,Sierra Leone,SLE,1077.08884538507,5.3135546141915,27.2082883814653,3.137,0.582258374348818,OTHER
2023,Sierra Leone,SLE,1113.86837500697,5.7100218981806,47.6428733253179,3.092,0.603276275520294,OTHER
2024,Sierra Leone,SLE,1137.29005673054,4.29322336690163,28.6337500014115,3.103,0.462539633893509,OTHER
2025,Sierra Leone,SLE,,,,3.15,,OTHER
1990,El Salvador,SLV,2348.20460167761,4.83290057793786,23.9991651130861,,3.41366598744942,OTHER
1991,El Salvador,SLV,2341.93382299132,1.49408756791307,14.4026748806266,7.53,2.73257745456787,OTHER
1992,El Salvador,SLV,2465.75989060719,7.02196331575217,11.2144813801987,7.88,2.25357678228633,OTHER
1993,El Salvador,SLV,2574.95134564317,5.81831555719015,18.5066883302714,9.94,1.67872879014223,OTHER
1994,El Salvador,SLV,2670.21278543567,4.6920617266787,10.5858066526451,7.68,1.35222117942445,OTHER
1995,El Salvador,SLV,2773.32529027549,4.73408140229732,10.0296564501018,7.65,1.17505832785871,OTHER
1996,El Salvador,SLV,2775.04629038695,0.811461899328009,9.78892040179966,7.68,1.07440915279515,OTHER
1997,El Salvador,SLV,2842.88487409077,3.13797006665828,4.49013627855204,7.98,1.00776620629422,OTHER
1998,El Salvador,SLV,2900.32064261101,2.65227730016461,2.54705977554151,7.1,0.922942907935975,OTHER
1999,El Salvador,SLV,2946.4330235012,2.16203373722973,0.514827130192979,7.3,0.920549239593538,OTHER
2000,El Salvador,SLV,2964.89346881406,1.12790697674419,2.27128756828723,6.96,0.840331038102095,OTHER
2001,El Salvador,SLV,2978.59734844669,0.879613659882722,3.7508205747202,6.96,1.09067003863398,OTHER
2002,El Salvador,SLV,3016.06307728602,1.57291844759789,1.86552503610077,6.2,1.13023872990524,OTHER
2003,El Salvador,SLV,3057.16467629097,1.56539303147618,2.1203909173333,6.9,0.841381284888912,OTHER
2004,El Salvador,SLV,3081.23629665234,0.889404485692197,4.45194392395045,6.8,0.810214431044768,OTHER
2005,El Salvador,SLV,3163.36118376833,2.68083009363194,4.69094870903769,7.22,0.90420465369438,OTHER
2006,El Salvador,SLV,3302.34817354347,4.3369986028604,4.03712359429612,6.57,0.888131105901353,OTHER
2007,El Salvador,SLV,3359.1623024135,1.84760220587859,4.57808572377153,6.41,0.973444824900437,OTHER
2008,El Salvador,SLV,3420.44927357444,2.15440298282768,6.70792293515939,5.88,0.961811831487238,OTHER
2009,El Salvador,SLV,3337.81150878211,-2.10876837627522,1.05595029731201,7.33,1.07887821146881,OTHER
2010,El Salvador,SLV,3398.49346060363,2.15419536693635,1.17933576873673,4.893,1.08955372746629,OTHER
2011,El Salvador,SLV,3514.069144355,3.77358499834686,5.1289237668161,4.297,1.08806149544119,OTHER
2012,El Salvador,SLV,3601.44222914588,2.88770010188691,1.72973481581383,3.843,1.04880962679117,OTHER
2013,El Salvador,SLV,3665.1547327058,2.18295232499635,0.757669184522973,3.693,1.07998923193894,OTHER
2014,El Salvador,SLV,3713.94992016222,1.7293998423459,1.14134467538233,4.154,1.03525487674093,OTHER
2015,El Salvador,SLV,3790.34089108162,2.40000008852115,-0.731384487387957,3.998,1.05682005889035,OTHER
2016,El Salvador,SLV,3875.84691357954,2.53906241135864,0.60404908699661,4.418,1.02350295230491,OTHER
2017,El Salvador,SLV,3954.84014277572,2.24761908134138,1.0123540331558,4.385,1.04446940079198,OTHER
2018,El Salvador,SLV,4046.16291720583,2.4124442237792,1.09033000581892,4.006,1.13220727885334,OTHER
2019,El Salvador,SLV,4143.11437097867,2.43747159065784,0.0753241350024612,4.17,1.18000962074512,OTHER
2020,El Salvador,SLV,3808.53195436409,-7.893101359867,-0.371590212324095,5.008,1.37995002386364,OTHER
2021,El Salvador,SLV,4247.54750394978,11.9047617015957,3.46692585313082,4.327,1.21053697201576,OTHER
2022,El Salvador,SLV,4355.96083888359,2.95461516549889,7.19861615609867,2.999,1.43329011743175,OTHER
2023,El Salvador,SLV,4489.17787712717,3.5391566928735,4.04554694222477,2.992,1.33693500391086,OTHER
2024,El Salvador,SLV,4585.22599757795,2.60202016121069,0.853782292567288,3.261,1.18611916982816,OTHER
2025,El Salvador,SLV,,,,3.303,,OTHER
1997,San Marino,SMR,48409.5476837524,,,,,OTHER
1998,San Marino,SMR,51376.4362163713,7.4656188605108,,,,OTHER
1999,San Marino,SMR,55318.4458342113,9.04936014625228,,,,OTHER
2000,San Marino,SMR,55806.9219720449,2.17937971500419,,,,OTHER
2001,San Marino,SMR,58173.2936031775,5.57834290401968,,,,OTHER
2002,San Marino,SMR,57615.4100635074,0.310800310800303,,,,OTHER
2003,San Marino,SMR,59090.2331058555,3.87296669248644,,,,OTHER
2004,San Marino,SMR,58393.2236678918,4.5488441461596,1.43083868527343,,,OTHER
2005,San Marino,SMR,59049.5774485922,2.42510699001426,1.68548890528347,,,OTHER
2006,San Marino,SMR,60604.3508911242,3.83008356545962,2.09525935611432,,,OTHER
2007,San Marino,SMR,62776.9461598748,7.10932260228034,2.49894575725803,,,OTHER
2008,San Marino,SMR,61572.7435735639,-0.500939261114581,4.29320249287704,,,OTHER
2009,San Marino,SMR,52873.2681862909,-10.3209565764632,2.19959237046011,,,OTHER
2010,San Marino,SMR,49672.6977770842,-5.47368421052632,2.58541815582587,,,OTHER
2011,San Marino,SMR,46450.0251706982,-8.3147735708983,2.89979584300123,,,OTHER
2012,San Marino,SMR,42082.5554467713,-7.04453441295546,2.8273322422258,,,OTHER
2013,San Marino,SMR,42293.4870685544,-0.78397212543554,1.60439298078082,,,OTHER
2014,San Marino,SMR,42492.8509160139,-0.702370500438988,1.11296303373851,,,OTHER
2015,San Marino,SMR,43146.8240435428,2.29150556129265,0.145686073241066,,,OTHER
2016,San Marino,SMR,43886.2146896896,2.34440586055426,0.644075340346552,,,OTHER
2017,San Marino,SMR,43057.7784775102,0.258265466328027,1.01413313194508,,,OTHER
2018,San Marino,SMR,42818.6962696679,1.49390531817373,1.16333522293158,,,OTHER
2019,San Marino,SMR,43525.4225717352,2.06568514732739,0.472651967352852,,,OTHER
2020,San Marino,SMR,40506.8521137898,-6.64791081780605,-0.133368898372915,,,OTHER
2021,San Marino,SMR,46834.1395065822,13.8977895076234,1.61551411551421,,,OTHER
2022,San Marino,SMR,51277.3460993917,7.89844145767604,5.32545321311365,,,OTHER
2023,San Marino,SMR,51323.7972635865,0.401934896977224,5.93190858629403,,,OTHER
2024,San Marino,SMR,,,1.24216507945569,,,OTHER
1990,"Somalia, Fed. Rep.",SOM,259.400021870078,2.32693048576063,,,,A
1991,"Somalia, Fed. Rep.",SOM,277.598802350408,2.95057084434627,,19.003,,A
1992,"Somalia, Fed. Rep.",SOM,266.498410042902,-8.48832348124807,,19.377,,A
1993,"Somalia, Fed. Rep.",SOM,269.406204622588,3.99059641887422,,19.331,,A
1994,"Somalia, Fed. Rep.",SOM,210.446194601775,-17.8469894884473,,19.971,,A
1995,"Somalia, Fed. Rep.",SOM,211.087530841637,3.99059641876714,,19.585,,A
1996,"Somalia, Fed. Rep.",SOM,219.936381873579,8.04601505007427,,19.463,,A
1997,"Somalia, Fed. Rep.",SOM,214.852351289061,1.18049184636855,,18.899,,A
1998,"Somalia, Fed. Rep.",SOM,219.712160749346,6.58649325359919,,18.825,,A
1999,"Somalia, Fed. Rep.",SOM,226.444111028735,7.3182955039069,,18.847,,A
2000,"Somalia, Fed. Rep.",SOM,233.032393086265,7.11031431133226,,18.678,,A
2001,"Somalia, Fed. Rep.",SOM,239.83907408804,7.1103143114281,,18.665,,A
2002,"Somalia, Fed. Rep.",SOM,248.636454000766,7.63026729326369,,18.658,,A
2003,"Somalia, Fed. Rep.",SOM,257.910337235986,7.63026729340694,,18.648,,A
2004,"Somalia, Fed. Rep.",SOM,266.257271856641,7.11031431127853,,18.653,,A
2005,"Somalia, Fed. Rep.",SOM,275.457040798093,7.11031431132103,,18.671,,A
2006,"Somalia, Fed. Rep.",SOM,284.470789865234,6.48637073266447,,18.705,,A
2007,"Somalia, Fed. Rep.",SOM,294.210404466634,6.69435192557005,,18.687,,A
2008,"Somalia, Fed. Rep.",SOM,304.741448811117,6.69435192576573,,18.714,,A
2009,"Somalia, Fed. Rep.",SOM,317.03818481457,6.69435192557317,,18.724,,A
2010,"Somalia, Fed. Rep.",SOM,329.970504936941,6.69435192555878,,18.741,,A
2011,"Somalia, Fed. Rep.",SOM,349.577449077722,6.69435192565855,,18.761,,A
2012,"Somalia, Fed. Rep.",SOM,369.617204753385,6.69435192553358,,18.771,,A
2013,"Somalia, Fed. Rep.",SOM,397.108796344858,10.9592986164747,,18.655,0.443857556653604,A
2014,"Somalia, Fed. Rep.",SOM,417.516796906395,8.97800590573206,,18.595,0.935247555486575,A
2015,"Somalia, Fed. Rep.",SOM,445.583080073396,10.4621881235166,,18.495,0.681391609413828,A
2016,"Somalia, Fed. Rep.",SOM,458.921476824605,7.03487260042048,,18.611,0.6454606954404,A
2017,"Somalia, Fed. Rep.",SOM,506.501098879459,14.7357956045282,,18.455,0.749066892874455,A
2018,"Somalia, Fed. Rep.",SOM,498.981065013872,2.05431507259452,,18.7,0.972462847707354,A
2019,"Somalia, Fed. Rep.",SOM,494.444039712339,2.80033312513012,,18.828,0.828653957250144,A
2020,"Somalia, Fed. Rep.",SOM,462.867053737236,-2.76455696202532,,19.414,1.1376518312471,A
2021,"Somalia, Fed. Rep.",SOM,461.627830725978,3.44719850031242,,19.662,1.17069801771404,A
2022,"Somalia, Fed. Rep.",SOM,460.046226685196,2.71821202053759,,19.112,1.16300107811428,A
2023,"Somalia, Fed. Rep.",SOM,464.721069525567,4.17524257571303,,18.96,1.28520375603975,A
2024,"Somalia, Fed. Rep.",SOM,467.269910194415,4.11139335779471,,18.949,1.58578050121769,A
2025,"Somalia, Fed. Rep.",SOM,,,,18.948,,A
1991,Serbia,SRB,,,,13.371,,OTHER
1992,Serbia,SRB,,,,13.397,,OTHER
1993,Serbia,SRB,,,,13.416,,OTHER
1994,Serbia,SRB,,,,13.405,,OTHER
1995,Serbia,SRB,3012.49816736822,,82.6605151864663,13.4,,OTHER
1996,Serbia,SRB,3200.76825835814,6.16496253825672,95.6009261208171,13.2,3.16000596260261,OTHER
1997,Serbia,SRB,3497.55048957119,8.93321347004755,23.307866135801,13.8,3.36740339732567,OTHER
1998,Serbia,SRB,3699.40380796484,5.34263970320437,30.1596997992844,13.7,3.05713147460424,OTHER
1999,Serbia,SRB,3329.4517344386,-10.3255055897713,42.4539054642972,13.7,3.53216202139944,OTHER
2000,Serbia,SRB,3542.35365914848,6.0550897288645,71.1206287946541,12.6,4.60092009205706,OTHER
2001,Serbia,SRB,3788.98233947399,6.77852279368084,95.0052258100006,12.8,3.6330301730712,OTHER
2002,Serbia,SRB,4038.65251197442,6.54104600309256,19.4908321579689,13.8,3.7841026418813,OTHER
2003,Serbia,SRB,4233.77644906089,4.55968997935088,9.87617889729578,15.2,3.09653595251624,OTHER
2004,Serbia,SRB,4527.43498659451,6.68686836863701,11.0263627183464,18.5,2.75341642219387,OTHER
2005,Serbia,SRB,4809.1384076488,5.90349622935489,16.1199806482826,20.85,2.22169563091897,OTHER
2006,Serbia,SRB,5016.41289322251,3.90066644620993,11.7240229980834,20.85,2.11742898352372,OTHER
2007,Serbia,SRB,5431.27887426624,7.83207023027602,6.39170644391413,18.06,2.16443130635595,OTHER
2008,Serbia,SRB,5735.94772695749,5.16089327231823,12.410986775178,13.67,2.05019989253683,OTHER
2009,Serbia,SRB,5578.0119741931,-3.14261075416574,8.11695092238082,16.116,2.07489736839956,OTHER
2010,Serbia,SRB,5690.70327182682,1.61097281449412,6.14255360247248,19.204,2.00369125521031,OTHER
2011,Serbia,SRB,5737.00120175811,0.0542724836581954,11.1373976342129,22.959,1.92573079525961,OTHER
2012,Serbia,SRB,5739.3075023532,-0.443956070983248,7.33038589596646,24.0,1.91798161392813,OTHER
2013,Serbia,SRB,5793.33614525565,0.451578805330726,7.69426362896655,22.154,1.84757469294627,OTHER
2014,Serbia,SRB,5716.54047153506,-1.80427041681132,2.08244793880154,19.223,1.8702430512257,OTHER
2015,Serbia,SRB,5820.3215576888,1.2957386351958,1.39235822000187,17.66,1.69548003219134,OTHER
2016,Serbia,SRB,6024.95754653784,2.97519807160826,1.12231397417769,15.257,1.85741974312422,OTHER
2017,Serbia,SRB,6200.26118592152,2.3634031250553,3.13106248590115,13.477,1.75424084910469,OTHER
2018,Serbia,SRB,6524.08029755191,4.64935035491007,1.95984076293801,12.733,2.01722347053086,OTHER
2019,Serbia,SRB,6870.75810896296,4.75020793899014,1.84922984511086,10.395,2.18222737795041,OTHER
2020,Serbia,SRB,6850.96742168834,-0.950023991851594,1.57553290083415,9.011,2.29536613396667,OTHER
2021,Serbia,SRB,7465.67601077148,7.94905650472278,4.08510285335102,9.843,2.72904089938996,OTHER
2022,Serbia,SRB,7862.95387364846,2.70347705543654,11.9815117344703,8.439,2.17267406821898,OTHER
2023,Serbia,SRB,8208.4786891507,3.74793303561771,12.3719043552519,8.268,2.20807318692135,OTHER
2024,Serbia,SRB,8580.26105823259,3.94992622592932,4.6705297488997,7.24,2.59513983105714,OTHER
2025,Serbia,SRB,,,,7.123,,OTHER
1990,Sub-Saharan Africa (excluding high income),SSA,1379.94647152079,2.24695245611632,,,3.42680398285738,OTHER
1991,Sub-Saharan Africa (excluding high income),SSA,1352.48733646404,0.53440243296032,,6.79669036513229,2.83227472249196,OTHER
1992,Sub-Saharan Africa (excluding high income),SSA,1313.89978151627,-0.35048519884873,,6.8923886430784,2.28323646788767,OTHER
1993,Sub-Saharan Africa (excluding high income),SSA,1262.91610161063,-1.2880668125174,,6.96303245428916,2.43285089438913,OTHER
1994,Sub-Saharan Africa (excluding high income),SSA,1243.0418078759,0.989254219734676,,6.90238281783516,1.99549230345912,OTHER
1995,Sub-Saharan Africa (excluding high income),SSA,1251.22612793745,3.27560408105137,,6.75253628250272,1.51560363129627,OTHER
1996,Sub-Saharan Africa (excluding high income),SSA,1279.86275432393,4.99229396671139,,6.64686445371628,1.18940819459144,OTHER
1997,Sub-Saharan Africa (excluding high income),SSA,1298.38239574631,4.08164965457097,,6.59151019312812,1.1703517802669,OTHER
1998,Sub-Saharan Africa (excluding high income),SSA,1298.43585050869,2.64610114784172,,6.5899532501301,1.11804016045308,OTHER
1999,Sub-Saharan Africa (excluding high income),SSA,1291.70166331503,2.11906396796803,,6.67921055559192,1.71525123992788,OTHER
2000,Sub-Saharan Africa (excluding high income),SSA,1300.93157211291,3.38154606851553,,6.68468915771202,1.5032716089927,OTHER
2001,Sub-Saharan Africa (excluding high income),SSA,1319.48327204805,4.1346279514957,,6.62013398054274,1.5483923783858,OTHER
2002,Sub-Saharan Africa (excluding high income),SSA,1368.58329835986,6.50726475566923,,6.51804018847795,1.60048254828564,OTHER
2003,Sub-Saharan Africa (excluding high income),SSA,1389.4430156761,4.2638163879945,,6.45196283840583,1.40784532356497,OTHER
2004,Sub-Saharan Africa (excluding high income),SSA,1441.30774878104,6.55759369766128,,6.31841198764216,1.42030146525687,OTHER
2005,Sub-Saharan Africa (excluding high income),SSA,1485.37551435245,5.8844310980915,,6.24398512478568,1.28162415053917,OTHER
2006,Sub-Saharan Africa (excluding high income),SSA,1531.52480384502,5.9398636735919,,6.1642911884134,1.27051195037193,OTHER
2007,Sub-Saharan Africa (excluding high income),SSA,1580.27755740837,6.03258300993619,,6.12183243649404,1.27182675511762,OTHER
2008,Sub-Saharan Africa (excluding high income),SSA,1615.34587802112,5.07008601288257,,6.12296934031664,1.44990507269375,OTHER
2009,Sub-Saharan Africa (excluding high income),SSA,1618.80132357247,3.00902297912158,,6.18870705590335,1.54278441012649,OTHER
2010,Sub-Saharan Africa (excluding high income),SSA,1667.51820351409,5.87829228672744,,6.39448531562492,1.26192296346547,OTHER
2011,Sub-Saharan Africa (excluding high income),SSA,1691.66660971882,4.25581560877085,,6.37320573386418,1.22971551934043,OTHER
2012,Sub-Saharan Africa (excluding high income),SSA,1698.5158646606,3.17446516095194,,6.25627093750895,1.20488634520345,OTHER
2013,Sub-Saharan Africa (excluding high income),SSA,1734.35144843299,4.95044884584948,,6.00060257679016,1.30367810975254,OTHER
2014,Sub-Saharan Africa (excluding high income),SSA,1764.52518975731,4.54350142914694,,6.04685802721244,1.29360909143436,OTHER
2015,Sub-Saharan Africa (excluding high income),SSA,1763.27463036367,2.66333358756611,,6.20980970225917,1.16404335116325,OTHER
2016,Sub-Saharan Africa (excluding high income),SSA,1732.90964850105,0.914986377157007,,6.28002125710955,1.08417401924825,OTHER
2017,Sub-Saharan Africa (excluding high income),SSA,1725.248614336,2.20658288443371,,6.40750708327807,1.10916327729378,OTHER
2018,Sub-Saharan Africa (excluding high income),SSA,1724.10846517385,2.61514307100069,,6.42638289617654,1.01797359648205,OTHER
2019,Sub-Saharan Africa (excluding high income),SSA,1719.05269893256,2.33076955183513,,6.57180226215195,0.915105719781887,OTHER
2020,Sub-Saharan Africa (excluding high income),SSA,1613.92902099825,-3.68262496685317,,6.96662786306036,1.03172503026012,OTHER
2021,Sub-Saharan Africa (excluding high income),SSA,1629.64361201344,3.54849305203757,,7.18509355059853,1.11230652279068,OTHER
2022,Sub-Saharan Africa (excluding high income),SSA,1653.21688946605,3.98372703715637,,6.39359936161309,0.996927806592503,OTHER
2023,Sub-Saharan Africa (excluding high income),SSA,1653.54090063039,2.50028576028933,,6.04215756672425,1.09875899532573,OTHER
2024,Sub-Saharan Africa (excluding high income),SSA,1668.197792687,3.36470475625489,,5.94641772545801,1.0838878732042,OTHER
2025,Sub-Saharan Africa (excluding high income),SSA,,,,5.93967607931729,,OTHER
1991,South Sudan,SSD,,,,12.334,,A
1992,South Sudan,SSD,,,,12.374,,A
1993,South Sudan,SSD,,,,12.233,,A
1994,South Sudan,SSD,,,,12.326,,A
1995,South Sudan,SSD,,,,12.334,,A
1996,South Sudan,SSD,,,,12.314,,A
1997,South Sudan,SSD,,,,12.068,,A
1998,South Sudan,SSD,,,,12.095,,A
1999,South Sudan,SSD,,,,12.138,,A
2000,South Sudan,SSD,,,,12.309,,A
2001,South Sudan,SSD,,,,12.278,,A
2002,South Sudan,SSD,,,,12.235,,A
2003,South Sudan,SSD,,,,12.234,,A
2004,South Sudan,SSD,,,,12.256,,A
2005,South Sudan,SSD,,,,12.266,,A
2006,South Sudan,SSD,,,,12.268,,A
2007,South Sudan,SSD,,,,12.266,,A
2008,South Sudan,SSD,2289.18415375563,,,12.298,5.76128903307145,A
2009,South Sudan,SSD,2293.80166888543,5.04164187983342,5.00627361534047,12.438,4.96846263299849,A
2010,South Sudan,SSD,2295.07026096006,5.49341639529945,1.16962180301108,12.473,4.14063254299941,A
2011,South Sudan,SSD,2073.23981819145,-4.64031673600859,46.8521757193597,12.585,6.09441532228387,A
2012,South Sudan,SSD,1069.19619080938,-46.0821223743007,45.5258978371706,12.803,8.77114861951039,A
2013,South Sudan,SSD,1165.16202707495,13.1297311406943,-0.0580909784225664,12.665,6.56986369718549,A
2014,South Sudan,SSD,1197.09491969479,3.37364847715736,1.6742990629552,12.561,8.57452320335879,A
2015,South Sudan,SSD,1080.14718624765,-10.7933646271143,52.7663304192143,12.464,8.60365296803653,A
2016,South Sudan,SSD,,,379.999585624026,12.854,4.84674935905441,A
2017,South Sudan,SSD,,,187.851630279442,12.983,3.9933777725745,A
2018,South Sudan,SSD,,,83.5015294922,12.853,4.7742494592124,A
2019,South Sudan,SSD,,,87.2413641500032,12.656,3.80125272262975,A
2020,South Sudan,SSD,,,29.6758435538572,14.246,1.86635872996114,A
2021,South Sudan,SSD,,,10.5167158294358,13.95,1.51129459315632,A
2022,South Sudan,SSD,,,-6.68732094212668,12.475,1.57467379753671,A
2023,South Sudan,SSD,,,2.38280434813754,12.374,2.09613379474333,A
2024,South Sudan,SSD,,,91.4408220769046,,1.9617070809135,A
1990,Sub-Saharan Africa,SSF,1279.1858177569,2.2608356701252,,,3.65518406767179,OTHER
1991,Sub-Saharan Africa,SSF,1249.84262063026,0.387549376944008,,6.43805502816505,2.9409007648579,OTHER
1992,Sub-Saharan Africa,SSF,1210.56787858028,-0.492747648583475,,6.53330879376537,2.3235806686638,OTHER
1993,Sub-Saharan Africa,SSF,1165.55517149669,-1.04184369649663,,6.57864448347074,2.44967666431124,OTHER
1994,Sub-Saharan Africa,SSF,1146.64381638802,1.02684072771046,,6.50793947568754,2.01342301837115,OTHER
1995,Sub-Saharan Africa,SSF,1153.84472060807,3.32740083029321,,6.36295420429711,1.52915100857433,OTHER
1996,Sub-Saharan Africa,SSF,1181.17189719564,5.14421622377822,,6.27896875583569,1.20628070247374,OTHER
1997,Sub-Saharan Africa,SSF,1197.38953600487,4.0705133429437,,6.23960940520436,1.20654931777587,OTHER
1998,Sub-Saharan Africa,SSF,1195.32469000613,2.5182500945072,,6.26493513613641,1.21470525555013,OTHER
1999,Sub-Saharan Africa,SSF,1189.22684518165,2.17869506836672,,6.36947715632251,1.88346848822307,OTHER
2000,Sub-Saharan Africa,SSF,1197.83286103765,3.43711873083772,,6.35178469623133,1.63372064983043,OTHER
2001,Sub-Saharan Africa,SSF,1215.36013800713,4.2136459881775,,6.25801553911127,1.61209831965782,OTHER
2002,Sub-Saharan Africa,SSF,1258.74653507283,6.39356457830496,,6.1544562626131,1.6423560187703,OTHER
2003,Sub-Saharan Africa,SSF,1275.72710309586,4.12069952524882,,6.08906292747373,1.43801289959263,OTHER
2004,Sub-Saharan Africa,SSF,1324.51853793772,6.68446006184378,,5.94349195717333,1.44624607472546,OTHER
2005,Sub-Saharan Africa,SSF,1366.27424482585,6.00947416911313,,5.84542677033048,1.30548794689666,OTHER
2006,Sub-Saharan Africa,SSF,1409.85883394612,6.04939293975077,,5.75470274955599,1.28741603309927,OTHER
2007,Sub-Saharan Africa,SSF,1456.1661697907,6.15845441455014,,5.71366247607083,1.28343998870432,OTHER
2008,Sub-Saharan Africa,SSF,1490.09370157274,5.19915700484026,,5.70991877342324,1.45108419993393,OTHER
2009,Sub-Saharan Africa,SSF,1495.15888390986,3.147548671021,,5.7640684373361,1.53316308722523,OTHER
2010,Sub-Saharan Africa,SSF,1542.53215408965,6.05119087977117,,5.9384663035217,1.25917489309791,OTHER
2011,Sub-Saharan Africa,SSF,1567.63762624075,4.45162930662153,,5.91357874156347,1.226542687761,OTHER
2012,Sub-Saharan Africa,SSF,1576.31411158834,3.335663082165,,5.80072495990126,1.19567144685138,OTHER
2013,Sub-Saharan Africa,SSF,1612.24237571721,5.12180100852353,,5.57284215444355,1.28998394808844,OTHER
2014,Sub-Saharan Africa,SSF,1643.26781016129,4.72930309699868,,5.62776331426723,1.27851684882415,OTHER
2015,Sub-Saharan Africa,SSF,1646.44941139316,2.93349224419013,,5.78525200580782,1.14698458999347,OTHER
2016,Sub-Saharan Africa,SSF,1623.17708645872,1.23789307986233,,5.86436518410548,1.06648224265743,OTHER
2017,Sub-Saharan Africa,SSF,1620.53648783766,2.50364867338813,,5.99278380853675,1.08945976706618,OTHER
2018,Sub-Saharan Africa,SSF,1622.24137160361,2.7959996083264,,6.03077037529887,1.0008474674381,OTHER
2019,Sub-Saharan Africa,SSF,1621.5953888781,2.60045190740459,,6.17859261789174,0.900219649664342,OTHER
2020,Sub-Saharan Africa,SSF,1529.24894566347,-3.23642852363861,,6.64963226537121,1.01888915334813,OTHER
2021,Sub-Saharan Africa,SSF,1545.45220046021,3.65270461847629,,6.84417115636911,1.13867552934234,OTHER
2022,Sub-Saharan Africa,SSF,1568.7119148255,4.0614075605038,,6.07875092921414,1.02515354194036,OTHER
2023,Sub-Saharan Africa,SSF,1572.0784357913,2.71598839668874,,5.75821420848371,1.08493949854205,OTHER
2024,Sub-Saharan Africa,SSF,1589.32982537075,3.59733324708962,,5.66785964521359,1.05010353801541,OTHER
2025,Sub-Saharan Africa,SSF,,,,5.65798225644767,,OTHER
1990,Small states,SST,6835.19924685937,2.93236489933702,,,,OTHER
1991,Small states,SST,6702.36423171004,-0.371468482966407,,9.56063404717749,,OTHER
1992,Small states,SST,6578.13758753286,-1.01360861411737,,10.138175676572,,OTHER
1993,Small states,SST,6564.98098729148,0.490834368428381,,10.6575821130902,,OTHER
1994,Small states,SST,6710.22429371509,3.1257986741148,,10.5872265992528,,OTHER
1995,Small states,SST,6919.39954384211,3.92742433979005,,10.4710896476613,,OTHER
1996,Small states,SST,7105.54926936908,3.78633863501878,,10.3911667521844,,OTHER
1997,Small states,SST,7387.31270675559,5.23682795981111,,10.3378370859039,,OTHER
1998,Small states,SST,7574.02521248924,3.78700097779266,,10.0913118732191,,OTHER
1999,Small states,SST,7801.15876938973,3.48193241471542,,10.4073769208229,,OTHER
2000,Small states,SST,8220.23901042675,5.96743846270114,,10.4220070497304,,OTHER
2001,Small states,SST,8322.09933023977,2.72130799687469,,10.2393243248864,,OTHER
2002,Small states,SST,8496.59454518116,3.5776885484245,,9.84688576834024,,OTHER
2003,Small states,SST,8796.42233141664,4.74523814635417,,10.1507838382451,,OTHER
2004,Small states,SST,9105.86748386888,4.50003274385628,,9.79947038236949,,OTHER
2005,Small states,SST,9451.28413237528,4.43251873243702,,9.58922696945574,,OTHER
2006,Small states,SST,9969.96579894484,6.55679901193153,,8.74041678886564,1.37122199195129,OTHER
2007,Small states,SST,10327.7328570127,4.68708395112772,,8.20829015972595,1.35896258825751,OTHER
2008,Small states,SST,10342.7108313065,1.20769210137048,,8.00243712798649,1.3082537063627,OTHER
2009,Small states,SST,9794.86691738103,-4.3592576809236,,9.49383006346728,1.48843897512388,OTHER
2010,Small states,SST,9921.82379714538,2.3224440729519,,9.64092506344516,1.43239249682137,OTHER
2011,Small states,SST,10072.3942172806,2.51696311981264,,9.25275015749216,1.31961679869255,OTHER
2012,Small states,SST,10183.7115546246,2.12048993083549,,9.31406963085983,1.31293521843319,OTHER
2013,Small states,SST,10192.7078437938,1.09752286924851,,9.42789036106017,1.31826433022793,OTHER
2014,Small states,SST,10324.6794019847,2.32902577526973,,9.17019543151895,1.37499223622087,OTHER
2015,Small states,SST,10446.850341907,2.23701449577469,,8.78391504425951,1.36898572896938,OTHER
2016,Small states,SST,10523.7082779478,1.76290719160697,,8.66740053405156,,OTHER
2017,Small states,SST,10750.0323524971,3.21452136710909,,8.32778127632622,,OTHER
2018,Small states,SST,10981.9220128952,3.34531380330631,,8.10689854999494,1.34616051826109,OTHER
2019,Small states,SST,11201.6035626777,3.11613693497476,,7.75168865751208,1.40784715903092,OTHER
2020,Small states,SST,10330.2244204664,-6.92604543465639,,9.20499420465331,1.60406836936801,OTHER
2021,Small states,SST,10966.3507528896,7.10866076587618,,8.82676059647369,1.46704502953588,OTHER
2022,Small states,SST,11659.6483007671,7.43586182979632,,8.21647080688741,1.35607920103345,OTHER
2023,Small states,SST,12136.5395036554,5.02809903604997,,7.66141080204045,1.58617391403913,OTHER
2024,Small states,SST,12776.0630940034,6.12150935431907,,7.68067610421584,1.68569637974686,OTHER
2025,Small states,SST,,,,7.75664307665696,,OTHER
1990,Sao Tome and Principe,STP,967.490807502814,-2.1526457716534,,,,OTHER
1991,Sao Tome and Principe,STP,957.946483063679,1.2010046399312,,14.493,,OTHER
1992,Sao Tome and Principe,STP,946.482495103288,0.699996987364386,,14.65,,OTHER
1993,Sao Tome and Principe,STP,939.606669438019,1.09999859547847,,14.46,,OTHER
1994,Sao Tome and Principe,STP,943.891404294867,2.20000158236296,,14.41,,OTHER
1995,Sao Tome and Principe,STP,947.331538535199,2.00000170678776,,14.342,,OTHER
1996,Sao Tome and Principe,STP,947.030151309961,1.50000107570656,,14.33,,OTHER
1997,Sao Tome and Principe,STP,942.971185295678,0.996320930540918,35.81717824448,14.414,,OTHER
1998,Sao Tome and Principe,STP,953.9855008639,2.49998790327494,50.4931357486254,14.398,,OTHER
1999,Sao Tome and Principe,STP,966.2268289095,2.50000625631461,12.7251770130085,14.352,,OTHER
2000,Sao Tome and Principe,STP,959.938180991352,0.448368261692949,12.2089456308977,14.4,,OTHER
2001,Sao Tome and Principe,STP,973.424252100436,3.06448295788719,9.22203707560889,15.73,,OTHER
2002,Sao Tome and Principe,STP,982.32906557627,3.360188168222,10.128724672229,17.63,,OTHER
2003,Sao Tome and Principe,STP,1036.86196260207,8.29151946119818,9.79241974934509,16.36,,OTHER
2004,Sao Tome and Principe,STP,1047.05796134884,3.5379059435684,13.2858860871796,16.12,,OTHER
2005,Sao Tome and Principe,STP,1089.14778798762,6.61462475033599,17.1522049354354,16.47,,OTHER
2006,Sao Tome and Principe,STP,1157.0861446542,8.86610935944026,23.0770373451381,16.65,,OTHER
2007,Sao Tome and Principe,STP,1170.51612474435,3.64147185166024,18.5485136325779,16.021,,OTHER
2008,Sao Tome and Principe,STP,1214.14114724792,6.2287850696102,31.9901039492573,15.421,,OTHER
2009,Sao Tome and Principe,STP,1225.60541902997,3.30239966645061,16.9574758025945,15.136,,OTHER
2010,Sao Tome and Principe,STP,1216.3502521663,1.44845522890635,13.34005235378,14.628,,OTHER
2011,Sao Tome and Principe,STP,1214.96130276731,1.99943210333259,14.3271667616801,14.229,,OTHER
2012,Sao Tome and Principe,STP,1225.6945255615,2.94294277416023,10.6379353431628,13.59,,OTHER
2013,Sao Tome and Principe,STP,1263.70423995281,5.11967735428513,8.10583270875476,12.476,,OTHER
2014,Sao Tome and Principe,STP,1301.32146445028,4.90621048664867,6.99849943966421,11.428,,OTHER
2015,Sao Tome and Principe,STP,1298.10946596396,1.5397042826735,5.24587835022454,10.591,,OTHER
2016,Sao Tome and Principe,STP,1342.533807689,5.17682468684113,5.43051966119156,9.684,,OTHER
2017,Sao Tome and Principe,STP,1375.59403284199,4.11297966281954,5.6902961992902,8.808,,OTHER
2018,Sao Tome and Principe,STP,1413.84348618541,4.37812808264972,7.86859628873909,8.712,,OTHER
2019,Sao Tome and Principe,STP,1420.66008316091,2.01431672129407,7.72024525213248,8.835,,OTHER
2020,Sao Tome and Principe,STP,1430.84119299096,2.62485949543812,9.81932791540146,9.679,,OTHER
2021,Sao Tome and Principe,STP,1428.28676097975,1.89929891337832,8.13777038378732,9.563,,OTHER
2022,Sao Tome and Principe,STP,1403.23356704678,0.168698492216564,18.0056351122841,8.964,,OTHER
2023,Sao Tome and Principe,STP,1380.60169416257,0.372252775001456,21.2589138473,9.032,,OTHER
2024,Sao Tome and Principe,STP,1368.14347554019,1.09999940100751,14.3519273571008,9.057,,OTHER
2025,Sao Tome and Principe,STP,,,,9.132,,OTHER
1990,Suriname,SUR,6474.95571162121,-4.49999999759301,21.7399443397526,,,OTHER
1991,Suriname,SUR,6609.4013410012,2.69999913539954,25.9674625060223,17.189,,OTHER
1992,Suriname,SUR,6594.9041494915,0.400000008536168,43.6661783854171,17.28,,OTHER
1993,Suriname,SUR,6127.17764098658,-6.6999981497152,143.51155848349,15.64,,OTHER
1994,Suriname,SUR,6290.15749631679,3.39999889736058,368.478068706267,12.7,,OTHER
1995,Suriname,SUR,6184.2834422862,0.0,235.558815073605,8.39,,OTHER
1996,Suriname,SUR,6114.83571706509,1.00000122281456,-0.701887251452818,10.88,,OTHER
1997,Suriname,SUR,6330.13718248353,5.6999976832949,7.14511160883929,10.56,,OTHER
1998,Suriname,SUR,6343.51344766536,2.30000165105389,18.9753691994478,10.63,,OTHER
1999,Suriname,SUR,6127.31035739875,-1.4000004700581,98.7730914112164,13.6,,OTHER
2000,Suriname,SUR,6128.31602380553,2.09999886750489,59.401686545079,12.873,,OTHER
2001,Suriname,SUR,6255.55274185687,4.20000042083539,38.5862878872611,12.047,,OTHER
2002,Suriname,SUR,6301.31731043167,2.80000068850687,15.5273989185702,11.187,,OTHER
2003,Suriname,SUR,6567.84309876847,6.29999943314137,23.0022321778219,10.336,,OTHER
2004,Suriname,SUR,7021.98919924338,8.50000018479413,9.98632511974878,9.49,,OTHER
2005,Suriname,SUR,7261.8171350196,4.50000021086888,9.89800489561465,9.302,,OTHER
2006,Suriname,SUR,7599.35696921481,5.79354358463304,11.2813043273975,9.142,,OTHER
2007,Suriname,SUR,7897.25648915828,5.11148777773458,6.42627934470524,9.017,,OTHER
2008,Suriname,SUR,8129.11464659446,4.14340681165626,14.6671427437912,8.854,,OTHER
2009,Suriname,SUR,8276.69079768793,3.01369898266211,-0.133636646714877,8.72,,OTHER
2010,Suriname,SUR,8603.90786745855,5.16882515225814,6.94108221639996,7.15,,OTHER
2011,Suriname,SUR,9003.28597674886,5.84936767173009,17.7117796414558,7.54,,OTHER
2012,Suriname,SUR,9140.92898611536,2.69034974668847,5.00686319367273,8.1,,OTHER
2013,Suriname,SUR,9303.46008775809,2.9334416518612,1.92343604108305,6.6,,OTHER
2014,Suriname,SUR,9224.24378410547,0.255503031645475,3.38341272749477,6.94,,OTHER
2015,Suriname,SUR,8813.61705392067,-3.41304268067621,6.89390359168238,7.22,,OTHER
2016,Suriname,SUR,8293.31553031406,-4.91166050905851,55.4123879763196,7.917,,OTHER
2017,Suriname,SUR,8338.69235401862,1.56603782534897,21.9969430173304,7.905,,OTHER
2018,Suriname,SUR,8666.64870697797,4.94827108468886,,7.817,,OTHER
2019,Suriname,SUR,8677.30522021731,1.16758977233877,,7.755,,OTHER
2020,Suriname,SUR,7213.10766669943,-15.9751917148622,34.889784309078,8.973,,OTHER
2021,Suriname,SUR,6973.89941868115,-2.43538583612838,59.1196626251977,8.706,,OTHER
2022,Suriname,SUR,7081.33357325783,2.40622235601218,52.446027276241,7.973,,OTHER
2023,Suriname,SUR,7186.47308739957,2.41659223498058,51.5873159600861,7.699,,OTHER
2024,Suriname,SUR,7246.2576795921,1.72095737011739,16.2296159130279,7.621,,OTHER
2025,Suriname,SUR,,,,7.834,,OTHER
1990,Slovak Republic,SVK,8597.46391527645,,,,,OTHER
1991,Slovak Republic,SVK,7338.79874023232,-14.5738026728363,,12.1,,OTHER
1992,Slovak Republic,SVK,6843.30017436782,-6.72148858941303,9.89350519771167,12.185,,OTHER
1993,Slovak Republic,SVK,6946.84564117976,1.90132875267943,23.287027664545,12.2,1.99636032146556,OTHER
1994,Slovak Republic,SVK,7348.918397432,6.20553051900119,13.4155203422246,13.654,1.93951901446386,OTHER
1995,Slovak Republic,SVK,7755.6233338553,5.8434942995335,9.84109579837748,13.109,3.10070289089865,OTHER
1996,Slovak Republic,SVK,8212.83193942756,6.11957878556568,5.77582786155949,11.341,2.93418881478054,OTHER
1997,Slovak Republic,SVK,8647.39434311517,5.48584018546269,6.14198999595652,11.894,2.26783995445767,OTHER
1998,Slovak Republic,SVK,8966.21926231252,3.82610773560614,6.66565123195824,12.421,1.7353509879857,OTHER
1999,Slovak Republic,SVK,8914.68326467255,-0.473261209621114,10.5704416075225,16.099,1.56985344586326,OTHER
2000,Slovak Republic,SVK,8997.21199594319,0.78922447792516,12.0357805974299,18.546,1.65370432455852,OTHER
2001,Slovak Republic,SVK,9277.35808851002,2.92516077248489,7.3296201911553,19.148,1.84333774482959,OTHER
2002,Slovak Republic,SVK,9690.68468262889,4.41725348271514,3.12714222984608,18.541,1.77638869541757,OTHER
2003,Slovak Republic,SVK,10168.02256533,4.85669851591319,8.55414305406645,17.549,1.84975289310525,OTHER
2004,Slovak Republic,SVK,10718.2101858841,5.38949856996771,7.54850088183423,18.206,1.65576883362586,OTHER
2005,Slovak Republic,SVK,11412.1593630008,6.48493222274386,2.70908494588384,16.276,1.68609625574848,OTHER
2006,Slovak Republic,SVK,12430.2015488557,8.92568704770216,4.48333120449611,13.395,1.594347802785,OTHER
2007,Slovak Republic,SVK,13770.9602691527,10.8186295074904,2.7567237163814,11.16,1.47798320217802,OTHER
2008,Slovak Republic,SVK,14497.1114407172,5.36337721231949,4.59817976325028,9.514,1.46010645649302,OTHER
2009,Slovak Republic,SVK,13680.7537106597,-5.50533790972226,1.61510464058238,12.023,1.51744260464589,OTHER
2010,Slovak Republic,SVK,14596.1477776887,6.79058159142423,0.957018132975143,14.387,1.24987774042242,OTHER
2011,Slovak Republic,SVK,14950.8735178599,2.56242473215553,3.9192859914629,13.634,1.06939130819127,OTHER
2012,Slovak Republic,SVK,15159.6570420004,1.56917104702706,3.6061026352289,13.966,1.0769371641209,OTHER
2013,Slovak Republic,SVK,15249.8824513785,0.703323545247201,1.40047368963025,14.226,0.976653153261356,OTHER
2014,Slovak Republic,SVK,15647.6491763517,2.70795151449488,-0.0761653295419871,11.536,0.982206647396956,OTHER
2015,Slovak Republic,SVK,16442.0760860018,5.17687909722133,-0.325219777427673,11.492,1.10604733307789,OTHER
2016,Slovak Republic,SVK,16740.7413996428,1.94781841524558,-0.520010196278266,9.679,1.11122582751499,OTHER
2017,Slovak Republic,SVK,17195.2888721963,2.87473327453695,1.31194588223228,8.142,1.10051309804795,OTHER
2018,Slovak Republic,SVK,17869.0149173679,4.06211981896483,2.51403712883812,6.544,1.21627211246117,OTHER
2019,Slovak Republic,SVK,18250.9802475637,2.27589910019393,2.66456133425431,5.761,1.702848063096,OTHER
2020,Slovak Republic,SVK,17763.8563847352,-2.58551241733207,1.93694126694223,6.719,1.9041442947824,OTHER
2021,Slovak Republic,SVK,18808.4540496595,5.6558588065555,3.14960629921268,6.894,1.71243604796751,OTHER
2022,Slovak Republic,SVK,18964.8298400624,0.544591632137454,12.7741463637611,6.143,1.80127696639016,OTHER
2023,Slovak Republic,SVK,19383.3732009401,2.11263633214959,10.5319476645211,5.843,1.83861085562872,OTHER
2024,Slovak Republic,SVK,19776.1758069498,1.93867445549446,2.75760909424272,5.3,2.01078152849676,OTHER
2025,Slovak Republic,SVK,,,,5.359,,OTHER
1990,Slovenia,SVN,13615.5858551079,,552.083528914325,,,OTHER
1991,Slovenia,SVN,12395.9177738027,-8.90010793013202,114.832935589747,7.08,,OTHER
1992,Slovenia,SVN,11735.8460839822,-5.46369777775693,209.933731186822,7.83,2.24723333231322,OTHER
1993,Slovenia,SVN,12098.3414794506,2.84341931367295,31.7621306305932,8.51,1.8173013500764,OTHER
1994,Slovenia,SVN,12757.6301865941,5.32748574261758,20.9918180471498,8.24,1.65407466226615,OTHER
1995,Slovenia,SVN,13278.7428559643,4.10715835567808,13.4637296178669,7.15,1.56609458436673,OTHER
1996,Slovenia,SVN,13674.183297426,2.91361775262531,9.86445061546851,6.879,1.53702782548185,OTHER
1997,Slovenia,SVN,14400.670888341,5.17133827310541,8.359679907043,6.648,1.40287074092784,OTHER
1998,Slovenia,SVN,14874.2904782546,3.06382595802013,7.89116682856684,7.39,1.36530877958536,OTHER
1999,Slovenia,SVN,15646.6885879812,5.26800700427259,6.15558754451559,7.324,1.21560860247362,OTHER
2000,Slovenia,SVN,16146.1216848394,3.49791942086068,8.91174418658769,6.918,1.1030903407362,OTHER
2001,Slovenia,SVN,16576.7158840406,2.82868479430465,8.37966587492204,5.682,1.31347656232859,OTHER
2002,Slovenia,SVN,17099.658209132,3.28258371393918,7.48077770703754,5.922,1.4084785163184,OTHER
2003,Slovenia,SVN,17635.3608581831,3.19503117236037,5.54416421752901,6.479,1.41990505481164,OTHER
2004,Slovenia,SVN,18425.2601213581,4.54602214352336,3.59297594249509,6.012,1.44379021070681,OTHER
2005,Slovenia,SVN,19102.2776603905,3.8541277114569,2.45150132316475,6.506,1.43040814614095,OTHER
2006,Slovenia,SVN,20166.5323431214,5.90878130011174,2.45792444195865,5.95,1.55085054600912,OTHER
2007,Slovenia,SVN,21485.780992381,7.1392312914716,3.65749563284099,4.818,1.44855400639896,OTHER
2008,Slovenia,SVN,22175.2369557321,3.37223866114127,5.64742380573935,4.371,1.50018334060673,OTHER
2009,Slovenia,SVN,20307.6188322273,-7.59058614046387,0.839262246793887,5.858,1.60495226217918,OTHER
2010,Slovenia,SVN,20444.1201295876,1.11213719306735,1.80117022137134,7.236,1.61704968465109,OTHER
2011,Slovenia,SVN,20535.4155754108,0.655438128379743,1.8028517194191,8.166,1.30187924610493,OTHER
2012,Slovenia,SVN,19894.8697964548,-2.91553782040462,2.59741386039003,8.841,1.17717193840362,OTHER
2013,Slovenia,SVN,19704.2186005128,-0.823776417691676,1.76920085881907,10.103,1.05894724003693,OTHER
2014,Slovenia,SVN,20228.7081986391,2.76283327639742,0.19934382657075,9.668,0.983232647144707,OTHER
2015,Slovenia,SVN,20697.2748530619,2.39330621338168,-0.525552285820877,8.962,0.938787933833639,OTHER
2016,Slovenia,SVN,21309.7122138949,3.03441486663654,-0.054999541670474,8.0,1.01508115640424,OTHER
2017,Slovenia,SVN,22397.7634988337,5.17440215579958,1.42910743319306,6.564,0.990668071759246,OTHER
2018,Slovenia,SVN,23293.966665323,4.37908347331195,1.7386086198818,5.108,0.986759717956076,OTHER
2019,Slovenia,SVN,23943.1800949889,3.50525332381912,1.63052260754344,4.446,1.06257823971417,OTHER
2020,Slovenia,SVN,22811.8050540778,-4.08500094942896,-0.05485681576061,4.971,1.0654982010929,OTHER
2021,Slovenia,SVN,24665.4410464026,8.41686457725321,1.91706506089259,4.744,1.23984465824347,OTHER
2022,Slovenia,SVN,25275.715967757,2.66850555542486,8.83369886749452,4.011,1.29505522763484,OTHER
2023,Slovenia,SVN,25773.9015835069,2.3758326648385,7.44687717385838,3.652,1.32131919558764,OTHER
2024,Slovenia,SVN,26134.627203987,1.73139722479493,1.96562656432512,3.7,1.31001116486788,OTHER
2025,Slovenia,SVN,,,,3.175,,OTHER
1990,Sweden,SWE,34903.3480401006,0.754674765275468,10.3665533879493,,2.46222087771384,OTHER
1991,Sweden,SWE,34268.9743998346,-1.14597485051154,9.44462732944189,3.243,2.31988463219988,OTHER
1992,Sweden,SWE,33673.8489875564,-1.15859275987265,2.37436725111881,5.722,2.33879088257987,OTHER
1993,Sweden,SWE,32787.2810455518,-2.06561636908388,4.72817304626049,9.33,2.23500815954401,OTHER
1994,Sweden,SWE,33862.4221711967,4.01576585901515,2.15813800724629,9.58,2.10703239487222,OTHER
1995,Sweden,SWE,35064.4138802129,4.09438992772475,2.455148578184,8.897,1.74250521093618,OTHER
1996,Sweden,SWE,35605.4537507466,1.70471985374236,0.533131978766238,9.547,1.47343176529016,OTHER
1997,Sweden,SWE,36675.7506543343,3.06499186399252,0.658410256243526,10.359,1.89568067997443,OTHER
1998,Sweden,SWE,38211.7233090832,4.24583179417877,-0.267132668354971,8.941,1.85898135400003,OTHER
1999,Sweden,SWE,39786.0271902555,4.20111929805536,0.462175756339138,7.607,1.85215824084675,OTHER
2000,Sweden,SWE,41561.7747635857,4.63112136551369,0.899143734041715,5.466,1.81219616487946,OTHER
2001,Sweden,SWE,42014.4022302506,1.36080642694121,2.40595834145436,4.73,1.76644912426107,OTHER
2002,Sweden,SWE,42831.7584103774,2.27772867861897,2.15848213589266,4.965,1.62865223371684,OTHER
2003,Sweden,SWE,43475.3655433221,1.88102769675844,1.92565534892383,5.555,1.58816297928906,OTHER
2004,Sweden,SWE,45114.6701230708,4.17958419343711,0.373659828721824,6.693,1.43407694057924,OTHER
2005,Sweden,SWE,46189.6828420555,2.79313782840156,0.453170852576138,7.81,1.4088832755238,OTHER
2006,Sweden,SWE,48078.3520110084,4.67607488877992,1.36021468627693,7.066,1.31996199535912,OTHER
2007,Sweden,SWE,49262.152916545,3.22486814096095,2.21216883436733,6.161,1.30317126242131,OTHER
2008,Sweden,SWE,48428.6587081751,-0.923113250067971,3.43704910602875,6.235,1.17073406588482,OTHER
2009,Sweden,SWE,45974.3911151254,-4.25561384207619,-0.494460544378051,8.351,1.1657412674695,OTHER
2010,Sweden,SWE,48205.5492512742,5.75076477579255,1.15798802715626,8.61,1.19449893581106,OTHER
2011,Sweden,SWE,49356.5905257047,3.16388567406926,2.9611507382214,7.804,1.10855139297702,OTHER
2012,Sweden,SWE,48789.7906883637,-0.414397702454409,0.888377506923735,7.976,1.13574610579856,OTHER
2013,Sweden,SWE,48928.4994141291,1.13766671801426,-0.044292970148682,8.052,1.11768901606678,OTHER
2014,Sweden,SWE,49557.6183647959,2.29577238758284,-0.179638494114635,7.954,1.1347022453612,OTHER
2015,Sweden,SWE,51188.1652120493,4.38824673608589,-0.0467847449832812,7.432,1.07374144708625,OTHER
2016,Sweden,SWE,51626.3235312369,2.13117914731151,0.984269244577992,6.99,1.05595798245271,OTHER
2017,Sweden,SWE,51894.3748177808,1.88282184966646,1.79449904665599,6.718,1.0325978685581,OTHER
2018,Sweden,SWE,52203.0872589761,1.7702553546772,1.95353530127028,6.365,1.04000297143706,OTHER
2019,Sweden,SWE,53024.4099494317,2.60823012869524,1.78415097403835,6.833,1.09692312001944,OTHER
2020,Sweden,SWE,51624.5811789573,-1.93379704032216,0.497367318853572,8.291,1.15009466283262,OTHER
2021,Sweden,SWE,53997.1337068799,5.2258643028773,2.16319736447143,8.803,1.18992635880485,OTHER
2022,Sweden,SWE,54304.1877501033,1.25543620445816,8.36929098869189,7.417,1.33147661923348,OTHER
2023,Sweden,SWE,53937.7967122429,-0.204061304891439,8.5486248974891,7.611,1.50126036606591,OTHER
2024,Sweden,SWE,54209.9474264877,0.820071806703865,2.83581658224034,8.4,1.99771738810168,OTHER
2025,Sweden,SWE,,,,8.694,,OTHER
1990,Eswatini,SWZ,2027.97481893357,21.0180005361393,13.0922899124981,,1.27597457759347,OTHER
1991,Eswatini,SWZ,1982.41521465314,1.76037668689723,8.93430656934288,20.521,1.38451659383859,OTHER
1992,Eswatini,SWZ,1969.96082543683,3.22620654131664,7.55829536317337,20.947,1.63271154292264,OTHER
1993,Eswatini,SWZ,1972.80340757512,3.10611402629526,12.0234238724148,21.76,1.74804676490152,OTHER
1994,Eswatini,SWZ,2020.384816101,2.40069150379567,13.7693248804359,21.726,1.818089820086,OTHER
1995,Eswatini,SWZ,2119.58163577162,4.82565115428272,12.2885912601426,21.65,1.69333926177873,OTHER
1996,Eswatini,SWZ,2157.86134470358,3.84205386908532,6.42521330315218,22.074,1.65257773101622,OTHER
1997,Eswatini,SWZ,2187.6982967057,3.10280509010417,7.12532722513057,22.5,1.49483917047487,OTHER
1998,Eswatini,SWZ,2216.00896601996,2.60403956156969,8.10996563573863,23.214,1.64720895062658,OTHER
1999,Eswatini,SWZ,2256.76912678764,2.95087531226599,6.08886063431493,23.868,1.68450591336061,OTHER
2000,Eswatini,SWZ,2273.04683761056,1.76017342169806,12.2085358545844,24.547,1.46023215821152,OTHER
2001,Eswatini,SWZ,2283.98316815361,1.41221393287066,5.94210982281648,25.24,1.25574840528112,OTHER
2002,Eswatini,SWZ,2358.56935643468,4.0886479398829,12.0197154699232,25.771,1.39355489870954,OTHER
2003,Eswatini,SWZ,2448.83792077995,4.53865525672528,7.28999999999999,26.259,1.47739784683142,OTHER
2004,Eswatini,SWZ,2522.14342097167,3.61711931922247,3.44533507316614,26.716,1.57952007330623,OTHER
2005,Eswatini,SWZ,2658.75180508187,5.99228289096037,4.77400404553712,27.221,2.03322402021397,OTHER
2006,Eswatini,SWZ,2823.48728215402,6.72880946564094,5.30463946338728,27.693,1.67289344815941,OTHER
2007,Eswatini,SWZ,2928.46845823015,4.31772144872362,8.07608827861589,28.24,1.64441175361171,OTHER
2008,Eswatini,SWZ,2950.67334362132,1.44055358727118,12.6574601863915,27.891,1.99882032667877,OTHER
2009,Eswatini,SWZ,2973.83456912379,1.43311134247756,7.44823423445754,27.488,2.09112187510159,OTHER
2010,Eswatini,SWZ,3069.52175725884,3.82443487429767,4.50923691774369,26.856,2.36677016665611,OTHER
2011,Eswatini,SWZ,3108.70225253092,1.83973625916165,6.10742714590251,26.105,2.21867209215692,OTHER
2012,Eswatini,SWZ,3218.50138205493,4.09048190124592,8.93964682788212,25.226,1.91455696202532,OTHER
2013,Eswatini,SWZ,3332.11983927912,4.09458522119226,5.62130623468948,24.556,1.95189144736842,OTHER
2014,Eswatini,SWZ,3381.79292071291,2.05738179246586,5.68134885776447,23.931,1.82286935337352,OTHER
2015,Eswatini,SWZ,3419.82276559528,1.70425806017289,4.95124493704919,23.431,1.74960240174858,OTHER
2016,Eswatini,SWZ,3500.17688847942,2.94916821059911,7.8472745908568,22.718,2.07382569653681,OTHER
2017,Eswatini,SWZ,3596.23605400492,3.52095345987983,6.22137528933118,24.543,1.92445503522586,OTHER
2018,Eswatini,SWZ,3565.54285067501,0.0653956557843571,4.81506167461513,26.471,2.09604400864986,OTHER
2019,Eswatini,SWZ,3759.67106964666,6.43186888691574,2.59801620311077,28.222,1.89047734248605,OTHER
2020,Eswatini,SWZ,3609.3669136859,-2.95183453409287,,32.978,1.85505471294042,OTHER
2021,Eswatini,SWZ,3719.03838239806,4.23621913615419,,34.153,1.67850436407438,OTHER
2022,Eswatini,SWZ,3695.64957179548,0.386070835562705,,36.472,1.65499533493805,OTHER
2023,Eswatini,SWZ,3790.16576788091,3.53257662836211,,34.61,1.38354667632574,OTHER
2024,Eswatini,SWZ,3864.20550510839,2.97391075973985,,34.643,1.4440675502379,OTHER
2025,Eswatini,SWZ,,,,34.202,,OTHER
2006,Sint Maarten (Dutch part),SXM,,,0.300601202404805,,,OTHER
2007,Sint Maarten (Dutch part),SXM,,,4.43245754245754,,,OTHER
2008,Sint Maarten (Dutch part),SXM,,,-0.417929020080758,,,OTHER
2009,Sint Maarten (Dutch part),SXM,37548.9474627441,,5.95763688760801,,,OTHER
2010,Sint Maarten (Dutch part),SXM,38403.0705201664,3.19999269219366,1.33857621672882,,,OTHER
2011,Sint Maarten (Dutch part),SXM,39615.1371367338,4.60000341415395,4.58475435650401,,,OTHER
2012,Sint Maarten (Dutch part),SXM,39298.9873567827,1.39054456773131,4.01518421081576,,,OTHER
2013,Sint Maarten (Dutch part),SXM,38889.7715088035,1.30673103459678,2.5286478853837,,,OTHER
2014,Sint Maarten (Dutch part),SXM,38623.1999405819,1.58038221539113,1.88675466275266,,,OTHER
2015,Sint Maarten (Dutch part),SXM,37839.6283815163,0.105813149997005,0.330027165141066,,,OTHER
2016,Sint Maarten (Dutch part),SXM,37428.7027557069,0.96775836306881,0.111682655737579,,,OTHER
2017,Sint Maarten (Dutch part),SXM,33945.4185182499,-7.53521399882428,2.19201010962985,,,OTHER
2018,Sint Maarten (Dutch part),SXM,31047.7241050626,-6.85698299227944,,,,OTHER
2019,Sint Maarten (Dutch part),SXM,33877.976645467,10.9650009352392,,,,OTHER
2020,Sint Maarten (Dutch part),SXM,28920.3773007159,-13.3167887221567,,,,OTHER
2021,Sint Maarten (Dutch part),SXM,29834.6350068383,4.57759677933345,,,,OTHER
2022,Sint Maarten (Dutch part),SXM,33523.6038330075,13.9,,,,OTHER
2023,Sint Maarten (Dutch part),SXM,34300.9634216479,3.8,,,,OTHER
2024,Sint Maarten (Dutch part),SXM,34840.1808966872,3.00000000000014,,,,OTHER
1990,Seychelles,SYC,8779.85231337378,7.45476632743622,3.88888888888912,,4.02623150831173,OTHER
1991,Seychelles,SYC,8902.83798776266,2.76042625999891,1.98675496688734,,4.42401898893995,OTHER
1992,Seychelles,SYC,9497.7554107084,7.17304395387974,3.24675324675323,,4.72738733060195,OTHER
1993,Seychelles,SYC,9981.2446035158,7.3033707678707,1.38364779874215,,2.75961340736171,OTHER
1994,Seychelles,SYC,9481.8805265777,-2.43656881060774,1.73697270471464,,2.4436854517362,OTHER
1995,Seychelles,SYC,9388.81967720743,0.485036699253456,-0.243902439024459,,2.28118026283164,OTHER
1996,Seychelles,SYC,10177.0904671696,9.99794595219808,-1.10024449877743,,2.09574851017878,OTHER
1997,Seychelles,SYC,11284.8459766598,12.193641751411,0.618046971569891,,2.02481003710903,OTHER
1998,Seychelles,SYC,11339.3481297046,2.4674409352512,2.57985257985242,,1.73291558768129,OTHER
1999,Seychelles,SYC,11326.9386083063,1.87200510893879,6.34730538922156,,1.78292544212037,OTHER
2000,Seychelles,SYC,11703.7535246117,4.25319834931828,6.26876876876878,,1.67933282099451,OTHER
2001,Seychelles,SYC,11427.9413083015,-2.27116288552982,5.96962204168156,,1.77826552168784,OTHER
2002,Seychelles,SYC,11218.2606464315,1.21283290259314,0.174999999999924,,1.67737547090833,OTHER
2003,Seychelles,SYC,10677.9692081272,-5.88712848764477,3.30255386407089,,1.73431637499016,OTHER
2004,Seychelles,SYC,10412.0868936027,-2.8504539768538,3.85730391367399,,1.89764022742369,OTHER
2005,Seychelles,SYC,11297.3118190493,9.0057617374238,0.907187718073944,,1.60235235107661,OTHER
2006,Seychelles,SYC,12105.4475265558,9.40612855732827,-0.353465498693756,,1.41343002330889,OTHER
2007,Seychelles,SYC,13112.8210098816,8.87606645570879,5.32060027285142,,1.46828358935559,OTHER
2008,Seychelles,SYC,12473.2921769121,-2.72594626154864,36.9647582875289,,1.15019319695979,OTHER
2009,Seychelles,SYC,12116.3783687977,-2.47937594726137,31.7544407744178,,1.02087833561425,OTHER
2010,Seychelles,SYC,12313.5566919249,4.50513204312067,-2.40463875108227,,0.737915363270446,OTHER
2011,Seychelles,SYC,13843.7116081878,9.5097833517957,2.55926772230953,,0.855504063317464,OTHER
2012,Seychelles,SYC,14135.0010570653,3.1106784939243,7.11037062326403,,0.936679584641367,OTHER
2013,Seychelles,SYC,14050.3135581314,1.25373496242949,4.33893848329099,,1.03655893266994,OTHER
2014,Seychelles,SYC,14395.6158118771,4.0636918123521,1.38583454581263,,2.22757343262158,OTHER
2015,Seychelles,SYC,15333.1051727105,8.9140088750469,4.04194410725617,,1.26370471979916,OTHER
2016,Seychelles,SYC,16962.6753972731,12.1175272453913,-1.01548191697626,,1.39771684213413,OTHER
2017,Seychelles,SYC,17921.5731976918,6.95416218794271,2.85679575568437,,1.32734497333997,OTHER
2018,Seychelles,SYC,18628.1862276696,4.93947272254312,3.70291839111568,,1.20539204484215,OTHER
2019,Seychelles,SYC,19481.6461053742,5.5142920737342,1.80709400809982,,1.1603964906236,OTHER
2020,Seychelles,SYC,17048.361729788,-11.7398608281732,1.20266463987123,,1.36712279790406,OTHER
2021,Seychelles,SYC,17005.0422063679,0.552281631207279,9.76909936973542,,2.46023265148376,OTHER
2022,Seychelles,SYC,15869.6738782504,12.7104688902836,2.6260363285129,,1.1392449640985,OTHER
2023,Seychelles,SYC,16242.4365925219,2.25925322283285,-1.03530088431952,,1.4864216122769,OTHER
2024,Seychelles,SYC,16586.4074964781,3.46568066415341,0.311726050919668,,1.17906851761683,OTHER
1990,Syrian Arab Republic,SYR,931.885068358616,3.73955590233751,19.3968672229543,,6.8680868191169,A
1991,Syrian Arab Republic,SYR,972.285831689207,7.66646818712442,9.00000000000003,6.75,10.4257873181754,A
1992,Syrian Arab Republic,SYR,1065.204692606,12.972790068566,11.0091743119265,6.949,8.99066275596696,A
1993,Syrian Arab Republic,SYR,1097.11040673676,6.15089557310075,13.2231404958679,7.4,7.23809984169376,A
1994,Syrian Arab Republic,SYR,1142.06397841767,7.21302920527431,15.3284671532846,7.5,7.36414273040362,A
1995,Syrian Arab Republic,SYR,1188.17539496366,7.02658954303115,7.97995780590686,7.2,6.94969131748325,A
1996,Syrian Arab Republic,SYR,1270.05124654802,9.82556940470964,8.2498900991551,7.221,6.04191605498678,A
1997,Syrian Arab Republic,SYR,1299.29856564941,5.0238045081104,1.88611136179086,7.31,5.88275531842123,A
1998,Syrian Arab Republic,SYR,1352.12789604368,6.78530452433867,-0.797165633303916,7.376,5.80838111238747,A
1999,Syrian Arab Republic,SYR,1271.32227335953,-3.55344987109004,-3.70370370370365,7.6,5.81058049645217,A
2000,Syrian Arab Republic,SYR,1248.38488334216,0.675642589410501,-3.84615384615379,9.587,5.45365642119423,A
2001,Syrian Arab Republic,SYR,1230.87200021533,1.04728710191981,2.99999999999995,11.63,5.48055046775797,A
2002,Syrian Arab Republic,SYR,1249.00621359351,3.95483192702744,-0.130505282417402,10.94,5.41250122273305,A
2003,Syrian Arab Republic,SYR,1307.4814585452,7.20443505274413,5.79682944905841,10.28,6.24832427198928,A
2004,Syrian Arab Republic,SYR,1363.61946683869,6.90295943489203,4.43314136719839,9.513,5.54183867581242,A
2005,Syrian Arab Republic,SYR,1411.63184941498,6.21507783539282,7.24034939348535,8.81,5.02641990387935,A
2006,Syrian Arab Republic,SYR,1420.72293121298,5.04619555585526,10.0241105377571,8.17,4.39444682311126,A
2007,Syrian Arab Republic,SYR,1411.6899137524,5.67459177685805,3.90770950443607,8.42,4.10054365333056,A
2008,Syrian Arab Republic,SYR,1423.59559425951,4.47667273608019,15.7453252219709,10.94,3.5523398057458,A
2009,Syrian Arab Republic,SYR,1484.40523742854,5.91204279337705,2.92089711805367,8.14,4.02770775856936,A
2010,Syrian Arab Republic,SYR,1526.36894402751,5.19190584075331,4.3974138315007,8.61,4.05614173609585,A
2011,Syrian Arab Republic,SYR,1542.71957174916,2.8500028435797,4.7531638888563,8.626,,A
2012,Syrian Arab Republic,SYR,1142.29080150598,-26.3390170772532,36.7022953364139,13.8,,A
2013,Syrian Arab Republic,SYR,884.329813332104,-26.3000876615061,40.0318378290723,14.5,,A
2014,Syrian Arab Republic,SYR,847.659877206276,-10.310339909053,10.9271141804297,14.782,,A
2015,Syrian Arab Republic,SYR,847.731631942565,-4.179791613232,38.4611429599733,14.244,,A
2016,Syrian Arab Republic,SYR,802.969498335502,-6.4055907393619,47.7051615298923,13.798,,A
2017,Syrian Arab Republic,SYR,795.883216970859,-0.723281777470547,18.0752696281771,13.603,,A
2018,Syrian Arab Republic,SYR,792.413811698757,1.39317607830837,0.940983843906769,13.505,,A
2019,Syrian Arab Republic,SYR,771.518695271305,1.22070522070523,13.4175653228571,13.369,,A
2020,Syrian Arab Republic,SYR,740.811397013438,-0.697154504235129,,15.179,,A
2021,Syrian Arab Republic,SYR,734.334236323426,1.85421590064124,,14.887,,A
2022,Syrian Arab Republic,SYR,712.272278200037,0.732781301861365,,13.245,,A
2023,Syrian Arab Republic,SYR,,,,13.27,,A
2024,Syrian Arab Republic,SYR,,,,13.359,,A
2025,Syrian Arab Republic,SYR,,,,13.569,,A
2007,Turks and Caicos Islands,TCA,37466.1822614725,,,,,OTHER
2008,Turks and Caicos Islands,TCA,38854.1075698814,8.27189312486149,,,,OTHER
2009,Turks and Caicos Islands,TCA,29988.5997375172,-19.5502467595022,,,,OTHER
2010,Turks and Caicos Islands,TCA,29111.8729223189,0.984924853810682,,,,OTHER
2011,Turks and Caicos Islands,TCA,29363.9475927366,4.62049892978239,,,,OTHER
2012,Turks and Caicos Islands,TCA,27441.3335987017,-2.66655562053364,,,,OTHER
2013,Turks and Caicos Islands,TCA,26477.5410719582,1.07088049554032,,,,OTHER
2014,Turks and Caicos Islands,TCA,27636.8210228067,8.71129580824217,,,,OTHER
2015,Turks and Caicos Islands,TCA,29457.0140691162,11.3148293929929,,,,OTHER
2016,Turks and Caicos Islands,TCA,30183.0002949881,7.25118627570265,,,,OTHER
2017,Turks and Caicos Islands,TCA,50586.1032335151,74.5879880544188,,,,OTHER
2018,Turks and Caicos Islands,TCA,51863.1830309332,6.75264845178367,,,,OTHER
2019,Turks and Caicos Islands,TCA,52419.8862128617,4.98170549382992,,,,OTHER
2020,Turks and Caicos Islands,TCA,33739.4253991739,-33.8170973434652,,,,OTHER
2021,Turks and Caicos Islands,TCA,42907.7492465912,29.6293781722414,,,,OTHER
2022,Turks and Caicos Islands,TCA,48307.3079245499,14.0871234168153,,,,OTHER
2023,Turks and Caicos Islands,TCA,54523.0330927151,13.7311481139228,,,,OTHER
2024,Turks and Caicos Islands,TCA,57179.29601876,5.63682517443362,,,,OTHER
1990,Chad,TCD,602.670685766624,-4.17847237277633,-0.738282265310918,,1.38028771986802,OTHER
1991,Chad,TCD,630.620682685597,8.53513716408554,3.19387473029496,0.668,,OTHER
1992,Chad,TCD,652.785002163699,8.00144335036164,-3.11303067214949,0.658,1.37465027279824,OTHER
1993,Chad,TCD,537.410535921164,-15.7098370450575,-8.427933486518,0.7,1.74558218311,OTHER
1994,Chad,TCD,578.423503776262,10.1368876316675,41.7248972364414,0.709,1.21772291754531,OTHER
1995,Chad,TCD,560.331446834029,1.23654931823651,9.23032599768656,0.755,0.89855575134087,OTHER
1996,Chad,TCD,547.925799466002,2.21447303231241,11.3308789057282,0.7,1.00166734233204,OTHER
1997,Chad,TCD,559.259855835883,5.65339233100983,5.5722571112533,0.732,0.697722260505036,OTHER
1998,Chad,TCD,577.909573468712,6.95157991199449,4.2588511022514,0.725,0.598524353955962,OTHER
1999,Chad,TCD,554.148900757095,-0.682850218939151,-8.02505962727454,0.753,0.885368766386186,OTHER
2000,Chad,TCD,530.600331270541,-0.879681024403922,3.82260088086306,0.796,0.999606076289673,OTHER
2001,Chad,TCD,572.806706828797,11.6581346546737,12.4312865279941,0.792,0.99371784003006,OTHER
2002,Chad,TCD,600.171451974641,8.49120981920397,5.19181895195446,0.769,1.11881329019114,OTHER
2003,Chad,TCD,661.556916681677,14.7216670128899,-1.75256941248655,0.725,0.97060058970103,OTHER
2004,Chad,TCD,845.518131173419,33.6293718505196,-5.35540028884816,0.672,0.742432609642281,OTHER
2005,Chad,TCD,952.871910097036,17.3325337353466,7.89036567462993,0.663,0.610589376245507,OTHER
2006,Chad,TCD,914.210664598894,-0.542829570704413,8.03628897951331,0.716,2.17784149012173,OTHER
2007,Chad,TCD,920.352815674967,4.20017418206496,-8.9747396200927,0.839,3.24949802660511,OTHER
2008,Chad,TCD,916.087274632505,3.08119033861925,10.2969758221254,0.922,4.27645851757143,OTHER
2009,Chad,TCD,871.485311273077,-1.40828262674047,9.95242290748864,0.943,5.70148439592454,OTHER
2010,Chad,TCD,956.953018715651,13.6738272741836,-2.07786574641866,0.911,4.31747390688638,OTHER
2011,Chad,TCD,965.286963557057,4.49542966941512,2.0292405367826,0.92,3.75931302180558,OTHER
2012,Chad,TCD,1016.42152061894,9.0618039227671,7.51662364663833,0.886,,OTHER
2013,Chad,TCD,1008.61711429294,2.83821524768997,0.222671564624551,0.955,4.29488547231355,OTHER
2014,Chad,TCD,993.321157708395,2.06283074347695,1.6819731392567,0.984,2.15784238896733,OTHER
2015,Chad,TCD,993.990730610869,3.30415979759636,4.37712665065654,1.032,1.52397076587984,OTHER
2016,Chad,TCD,923.56587204799,-4.12250332670322,-0.792440525236102,1.091,2.31170355001725,OTHER
2017,Chad,TCD,879.075895466718,-1.61746922760291,-1.5370996298084,1.132,1.65961164003921,OTHER
2018,Chad,TCD,898.834794007399,5.74111580758154,4.27462198610545,1.135,1.65270267984506,OTHER
2019,Chad,TCD,917.203710065059,5.3828220290379,-0.971939175419401,1.077,1.57360148213511,OTHER
2020,Chad,TCD,884.980541933197,-0.393646583111035,4.46414437232861,1.695,2.21192688117357,OTHER
2021,Chad,TCD,857.527630579087,0.29344264815208,-0.77284437035914,1.53,2.07913556881174,OTHER
2022,Chad,TCD,862.60212817252,4.12969897676332,5.78802687843616,1.081,2.0442448086408,OTHER
2023,Chad,TCD,856.832488745342,3.98004368401293,10.8363568399843,1.059,2.11758982875058,OTHER
2024,Chad,TCD,849.707321000625,4.19925854085865,8.89950732263754,1.053,2.98484990097129,OTHER
2025,Chad,TCD,,,,1.057,,OTHER
1990,East Asia & Pacific (IDA & IBRD countries),TEA,1085.41586339355,5.15305918051195,,,2.3454435137765,OTHER
1991,East Asia & Pacific (IDA & IBRD countries),TEA,1155.36511939567,8.09157546063869,,2.4073196083798,2.27779437678698,OTHER
1992,East Asia & Pacific (IDA & IBRD countries),TEA,1267.09468974314,11.2465846353972,,2.37576826157152,2.32826368126509,OTHER
1993,East Asia & Pacific (IDA & IBRD countries),TEA,1391.24599933001,11.3102833332944,,2.62936653616558,1.98985792929347,OTHER
1994,East Asia & Pacific (IDA & IBRD countries),TEA,1522.95281747929,10.9480058151038,,2.93069940629993,1.87922215036841,OTHER
1995,East Asia & Pacific (IDA & IBRD countries),TEA,1652.44940625024,9.93615839157071,,3.01496053849378,1.81868623546224,OTHER
1996,East Asia & Pacific (IDA & IBRD countries),TEA,1780.00564646602,9.10574324720939,,3.12070620503968,1.75622424701026,OTHER
1997,East Asia & Pacific (IDA & IBRD countries),TEA,1887.80989683245,7.3955982159604,,3.21237864407138,1.71834911557512,OTHER
1998,East Asia & Pacific (IDA & IBRD countries),TEA,1921.46413291729,3.00320539010922,,3.38242232824111,1.63273320958967,OTHER
1999,East Asia & Pacific (IDA & IBRD countries),TEA,2023.30629661588,6.45014299190909,,3.47579200535286,1.75199931414779,OTHER
2000,East Asia & Pacific (IDA & IBRD countries),TEA,2157.91938010453,7.72781464278273,,3.43001128152857,1.67684847375646,OTHER
2001,East Asia & Pacific (IDA & IBRD countries),TEA,2286.769782477,6.98037371250513,,3.85850449672084,1.80108081580566,OTHER
2002,East Asia & Pacific (IDA & IBRD countries),TEA,2451.24530806912,8.15469726244729,,4.17741336740834,1.85532433488518,OTHER
2003,East Asia & Pacific (IDA & IBRD countries),TEA,2649.81645849929,9.02324508755983,,4.428076738741,1.84616283163106,OTHER
2004,East Asia & Pacific (IDA & IBRD countries),TEA,2868.75214281979,9.14870312292673,,4.42310310906886,1.78243736180334,OTHER
2005,East Asia & Pacific (IDA & IBRD countries),TEA,3131.70612955601,10.0489530850295,,4.50383702137591,1.70039603635222,OTHER
2006,East Asia & Pacific (IDA & IBRD countries),TEA,3450.72859160877,11.0697749181108,,4.3960838573092,1.67683620668993,OTHER
2007,East Asia & Pacific (IDA & IBRD countries),TEA,3849.69406453497,12.4510064196282,,4.37680263860099,1.61195855454937,OTHER
2008,East Asia & Pacific (IDA & IBRD countries),TEA,4149.94050469473,8.64836099430295,,4.45880440548548,1.58778575450048,OTHER
2009,East Asia & Pacific (IDA & IBRD countries),TEA,4448.74654682988,8.01546409792515,,4.43923742826889,1.74962312263223,OTHER
2010,East Asia & Pacific (IDA & IBRD countries),TEA,4852.74429762631,9.89753255215437,,4.17487787059342,1.59176109381713,OTHER
2011,East Asia & Pacific (IDA & IBRD countries),TEA,5228.04137782468,8.58476796444967,,4.12377298395066,1.53360540539885,OTHER
2012,East Asia & Pacific (IDA & IBRD countries),TEA,5575.0423073001,7.57909022403879,,4.06044851591873,1.59189601950992,OTHER
2013,East Asia & Pacific (IDA & IBRD countries),TEA,5931.59468379823,7.31729025308712,,4.06245777272466,1.63002766733251,OTHER
2014,East Asia & Pacific (IDA & IBRD countries),TEA,6296.46330191384,7.02298938584751,,4.05853741844698,1.64581629046109,OTHER
2015,East Asia & Pacific (IDA & IBRD countries),TEA,6664.48834577557,6.66143007471555,,4.13377205147226,1.69458639528853,OTHER
2016,East Asia & Pacific (IDA & IBRD countries),TEA,7045.21470188624,6.50996577419185,,4.0503221911626,1.67490913679837,OTHER
2017,East Asia & Pacific (IDA & IBRD countries),TEA,7457.89049178297,6.66644763513349,,3.92821339454137,1.62513132242056,OTHER
2018,East Asia & Pacific (IDA & IBRD countries),TEA,7894.29711578739,6.53695468640674,,3.81860609641702,1.58119135943445,OTHER
2019,East Asia & Pacific (IDA & IBRD countries),TEA,8312.92246043013,5.88576805304417,,3.91155753249547,1.57952923878962,OTHER
2020,East Asia & Pacific (IDA & IBRD countries),TEA,8386.63950211,1.34509522212092,,4.38103635885362,1.67458268126847,OTHER
2021,East Asia & Pacific (IDA & IBRD countries),TEA,9005.72161441987,7.71948799394286,,4.14006542894987,1.54215322765702,OTHER
2022,East Asia & Pacific (IDA & IBRD countries),TEA,9303.52211202572,3.54808390633288,,4.24711639501186,1.55187367961865,OTHER
2023,East Asia & Pacific (IDA & IBRD countries),TEA,9774.45468650513,5.25522126120327,,3.98514803684521,1.57750795899699,OTHER
2024,East Asia & Pacific (IDA & IBRD countries),TEA,10242.3676287334,4.96151507087535,,3.91959262359653,1.62758828321556,OTHER
2025,East Asia & Pacific (IDA & IBRD countries),TEA,,,,3.92368997709517,,OTHER
1990,Europe & Central Asia (IDA & IBRD countries),TEC,5339.13366319484,-1.44705564338777,,,,OTHER
1991,Europe & Central Asia (IDA & IBRD countries),TEC,4999.56071972655,-5.89479436150502,,5.90955131197024,,OTHER
1992,Europe & Central Asia (IDA & IBRD countries),TEC,4505.00162230181,-9.53581041940424,,6.36813427704303,3.9857401396109,OTHER
1993,Europe & Central Asia (IDA & IBRD countries),TEC,4283.02867828748,-4.64133691663537,,7.0346645065866,3.54466585122826,OTHER
1994,Europe & Central Asia (IDA & IBRD countries),TEC,3913.88034267283,-8.41896123499902,,8.4016596302501,3.84574621906485,OTHER
1995,Europe & Central Asia (IDA & IBRD countries),TEC,3906.48645672304,-0.0313962931272869,,9.38897907204676,3.36991228773775,OTHER
1996,Europe & Central Asia (IDA & IBRD countries),TEC,3940.20524788662,0.985118730268852,,9.9834256885538,3.38746564788571,OTHER
1997,Europe & Central Asia (IDA & IBRD countries),TEC,4052.08998015808,2.91288927390821,,10.6542403206707,3.57724142584575,OTHER
1998,Europe & Central Asia (IDA & IBRD countries),TEC,4022.46092755736,-0.70920470569466,,11.4943269237354,2.76245639994858,OTHER
1999,Europe & Central Asia (IDA & IBRD countries),TEC,4123.46037241842,2.49102775109242,,11.9116471065413,2.95784990465088,OTHER
2000,Europe & Central Asia (IDA & IBRD countries),TEC,4430.11168037444,7.38121749341636,,11.0183192610913,2.93373467086514,OTHER
2001,Europe & Central Asia (IDA & IBRD countries),TEC,4551.16276995954,2.6567346768766,,10.7447066639553,2.92792409830619,OTHER
2002,Europe & Central Asia (IDA & IBRD countries),TEC,4781.5832367887,4.99252654355612,,10.5396612637819,3.05966931376981,OTHER
2003,Europe & Central Asia (IDA & IBRD countries),TEC,5076.33254199208,6.1882637280501,,10.3043605492778,2.89760572870287,OTHER
2004,Europe & Central Asia (IDA & IBRD countries),TEC,5473.20161109334,7.87468194158774,,9.96727145258182,2.62272731723,OTHER
2005,Europe & Central Asia (IDA & IBRD countries),TEC,5833.95966556779,6.63931910334223,,9.31364245463686,2.59434152991903,OTHER
2006,Europe & Central Asia (IDA & IBRD countries),TEC,6287.52395891241,7.86827078885722,,8.7030435256555,2.57646675538497,OTHER
2007,Europe & Central Asia (IDA & IBRD countries),TEC,6767.52508494843,7.62582368886329,,7.59407523011705,2.51944722883483,OTHER
2008,Europe & Central Asia (IDA & IBRD countries),TEC,7054.20102951113,4.48613161523512,,7.37988688857846,2.48594460792391,OTHER
2009,Europe & Central Asia (IDA & IBRD countries),TEC,6698.64285633553,-4.70085477425171,,9.09793178837198,2.8038881613849,OTHER
2010,Europe & Central Asia (IDA & IBRD countries),TEC,6986.95355522259,4.68965724549602,,8.67633640799942,2.65296423619053,OTHER
2011,Europe & Central Asia (IDA & IBRD countries),TEC,7364.90946811375,5.86393596651769,,8.10364260938392,2.59223766640248,OTHER
2012,Europe & Central Asia (IDA & IBRD countries),TEC,7583.64863478186,3.45489344885198,,7.63560375277808,2.74966397034135,OTHER
2013,Europe & Central Asia (IDA & IBRD countries),TEC,7799.56084853446,3.35044910694158,,7.69053724382222,2.79977562730323,OTHER
2014,Europe & Central Asia (IDA & IBRD countries),TEC,7935.99050423519,2.27112340142021,,7.62801272694854,2.88176052996711,OTHER
2015,Europe & Central Asia (IDA & IBRD countries),TEC,8009.61874995559,1.42626319605843,,7.60801134268431,3.07062159848516,OTHER
2016,Europe & Central Asia (IDA & IBRD countries),TEC,8118.42014141453,1.86129267860605,,7.43861188713932,3.25377074072304,OTHER
2017,Europe & Central Asia (IDA & IBRD countries),TEC,8434.48840087775,4.37116063202005,,7.09014958895511,2.86940108742656,OTHER
2018,Europe & Central Asia (IDA & IBRD countries),TEC,8718.49343377415,3.80424428454798,,6.64992815855912,2.79033003147213,OTHER
2019,Europe & Central Asia (IDA & IBRD countries),TEC,8925.46203415138,2.81601440145778,,6.70220366105967,2.93776770887104,OTHER
2020,Europe & Central Asia (IDA & IBRD countries),TEC,8778.05956344465,-1.45793346533827,,7.20291679357834,2.97747311479617,OTHER
2021,Europe & Central Asia (IDA & IBRD countries),TEC,9439.04843335798,7.59090393358488,,6.78803635122713,2.66059010126031,OTHER
2022,Europe & Central Asia (IDA & IBRD countries),TEC,9668.43621903069,1.95197902081507,,5.62584537984402,3.80308286803286,OTHER
2023,Europe & Central Asia (IDA & IBRD countries),TEC,10089.5680721267,3.82595823256764,,5.07700038173614,4.52856879792539,OTHER
2024,Europe & Central Asia (IDA & IBRD countries),TEC,10447.7265615175,3.80534822218803,,4.71442788634565,5.18829093894742,OTHER
2025,Europe & Central Asia (IDA & IBRD countries),TEC,,,,4.61967413491655,,OTHER
1990,Togo,TGO,703.623952029279,-0.243656134474705,1.01534150530809,,3.12248587570621,OTHER
1991,Togo,TGO,678.86984140241,-0.699967495023117,0.387081797870757,4.057,2.85935085007728,OTHER
1992,Togo,TGO,633.669030222095,-3.98068681380465,1.39378663675938,4.209,2.93122886133033,OTHER
1993,Togo,TGO,541.357064850428,-15.0958274819575,-1.00688168855034,4.507,4.0306556911723,OTHER
1994,Togo,TGO,620.182624671753,14.9824143442687,39.1627673796795,4.201,2.58431085043988,OTHER
1995,Togo,TGO,640.349913996042,7.84583232329818,16.4335034524163,3.99,1.85752563400778,OTHER
1996,Togo,TGO,671.50427472391,8.83621162979911,4.68749999999996,3.606,,OTHER
1997,Togo,TGO,744.126640948867,14.3773775724317,8.25082508250802,3.618,,OTHER
1998,Togo,TGO,706.689579910124,-2.29987657013699,0.975338381088674,3.78,,OTHER
1999,Togo,TGO,704.043845128067,2.48175143834959,-0.0532136248823534,3.889,,OTHER
2000,Togo,TGO,679.533421599502,-0.783479610048047,1.86260595463067,4.162,,OTHER
2001,Togo,TGO,667.298334712527,0.823438752111855,3.91959133653146,4.108,,OTHER
2002,Togo,TGO,675.440797960321,3.82662257675142,3.05981857535884,4.087,,OTHER
2003,Togo,TGO,702.799255960869,6.72017142336034,-0.930000884072214,3.957,1.36569983895261,OTHER
2004,Togo,TGO,678.28759996017,-0.978665332738743,0.393078681031669,3.992,1.40604809612512,OTHER
2005,Togo,TGO,630.248678309054,-4.66629938413338,6.78292893028314,4.149,1.45744020230587,OTHER
2006,Togo,TGO,629.079905835563,2.65013209943473,2.22897779414027,4.229,,OTHER
2007,Togo,TGO,603.83784338967,-1.1751368996605,0.945673271705214,3.822,,OTHER
2008,Togo,TGO,610.405413708475,4.03561315398862,8.69482814363902,3.279,1.72218624355757,OTHER
2009,Togo,TGO,625.711511370434,5.45381096920332,3.71360592035809,2.847,1.63801256321406,OTHER
2010,Togo,TGO,644.5632812645,5.85433399076879,1.44594517430864,2.379,1.65885798813081,OTHER
2011,Togo,TGO,663.96334052788,5.82325622135289,3.5635147290396,1.982,1.52606374846498,OTHER
2012,Togo,TGO,687.495464571464,6.30271426865185,2.57718174055848,2.029,1.62464311756716,OTHER
2013,Togo,TGO,709.09186114976,5.82425069283059,1.82539475909162,2.084,1.67620536115859,OTHER
2014,Togo,TGO,730.291049611232,5.63323739145223,0.19087507624975,2.141,1.81828886251592,OTHER
2015,Togo,TGO,751.051987587248,5.4680413807304,2.58500390801595,2.204,1.67442289494562,OTHER
2016,Togo,TGO,763.276185353302,4.21490387414525,1.28544847051417,2.968,1.36106759176365,OTHER
2017,Togo,TGO,774.274897347436,4.00791259566937,-0.981889868943119,3.744,1.39797941282441,OTHER
2018,Togo,TGO,791.592405216309,4.79518333086139,0.927755426457183,2.9,1.46839079223187,OTHER
2019,Togo,TGO,810.512262603518,4.92283321360694,0.674652770077525,2.036,2.36248167773665,OTHER
2020,Togo,TGO,808.300697079208,2.16228657424364,1.69928463299399,2.231,2.16399918335325,OTHER
2021,Togo,TGO,829.786700130989,5.12890113701732,4.1862150652352,2.344,2.38551286600829,OTHER
2022,Togo,TGO,861.508010803054,6.29443692019429,7.96757361617945,1.965,4.14153649480957,OTHER
2023,Togo,TGO,893.753030300995,6.19211576941919,5.48928568141131,1.942,3.04669540490778,OTHER
2024,Togo,TGO,931.029965529857,6.53204505563791,2.86262074089801,1.948,1.99877193389434,OTHER
2025,Togo,TGO,,,,1.995,,OTHER
1990,Thailand,THA,2631.51971095863,11.1671634446293,5.86399474375828,,2.59425018891255,OTHER
1991,Thailand,THA,2810.56702001316,8.5582603212423,5.70985259891396,2.63,2.64502481409377,OTHER
1992,Thailand,THA,2989.85385369019,8.08338802345332,4.13914575077056,1.35,2.65742287815579,OTHER
1993,Thailand,THA,3186.99707103229,8.25191591524627,3.31219168428468,1.49,2.52482449877102,OTHER
1994,Thailand,THA,3391.48986604062,7.99702466720433,5.04774897680755,1.347,2.50238335344718,OTHER
1995,Thailand,THA,3614.93244016732,8.12031534625378,5.81818181818192,1.1,2.2737823729037,OTHER
1996,Thailand,THA,3766.86364433088,5.65194446499471,5.80510554737349,1.071,2.15152508135528,OTHER
1997,Thailand,THA,3614.60848543994,-2.75357515314082,5.62579747129104,0.873,2.17392250470724,OTHER
1998,Thailand,THA,3295.36018381294,-7.63403528600102,7.9947287502746,3.404,1.85636828124458,OTHER
1999,Thailand,THA,3403.08737356896,4.57230775115542,0.284726459223034,2.968,1.62379763252113,OTHER
2000,Thailand,THA,3514.71662970608,4.45524704335014,1.59196917460972,2.389,1.48811161651995,OTHER
2001,Thailand,THA,3599.02524877358,3.44424900968372,1.62690887314091,2.6,1.42988520327266,OTHER
2002,Thailand,THA,3783.75422073266,6.14903605210036,0.697308976625449,1.82,1.32827955528117,OTHER
2003,Thailand,THA,4018.15538187068,7.18924330340971,1.80434994635721,1.54,1.23290567713875,OTHER
2004,Thailand,THA,4232.77157261934,6.28934214285795,2.7591492623108,1.51,1.12835658834693,OTHER
2005,Thailand,THA,4372.25730206261,4.18763842884337,4.54036919634535,1.35,0.986191840708362,OTHER
2006,Thailand,THA,4551.5250018314,4.96781089246107,4.63747436011765,1.22,0.950123246459469,OTHER
2007,Thailand,THA,4760.66708464831,5.43515169050809,2.24154095286803,1.18,1.01918920071311,OTHER
2008,Thailand,THA,4805.76393990836,1.72569884866334,5.46848949649845,1.18,1.25266188719419,OTHER
2009,Thailand,THA,4737.45679763314,-0.690618232300579,-0.845716092316721,1.49,1.54034760915174,OTHER
2010,Thailand,THA,5059.35747831657,7.51339053261624,3.24758842443723,0.622,1.5225558657538,OTHER
2011,Thailand,THA,5070.23740191942,0.840132083053334,3.80879058139634,0.66,1.39063450331731,OTHER
2012,Thailand,THA,5403.87846036273,7.24279620249642,3.01489950334985,0.58,1.38988888346862,OTHER
2013,Thailand,THA,5516.61164164135,2.68749556320556,2.18488618530687,0.249,1.34525091985427,OTHER
2014,Thailand,THA,5541.46599361845,0.984468863619426,1.8951418189878,0.576,1.37997604796617,OTHER
2015,Thailand,THA,5688.85335397884,3.13404724911635,-0.900424963291569,0.597,1.33732679725458,OTHER
2016,Thailand,THA,5857.78052935926,3.43515771692182,0.188149704448143,0.688,1.32516695969445,OTHER
2017,Thailand,THA,6076.74307700082,4.1776810321001,0.665631893135106,0.83,1.33627619959584,OTHER
2018,Thailand,THA,6314.19948412043,4.22287028746071,1.06389754183024,0.765,1.32639351547521,OTHER
2019,Thailand,THA,6434.53770518034,2.11455779628278,0.706728601314311,0.716,1.32729814008386,OTHER
2020,Thailand,THA,6035.18627737077,-6.05003846851622,-0.845937147357041,1.099,1.46077928107965,OTHER
2021,Thailand,THA,6121.52696529713,1.55216608426647,1.23039541318384,1.215,1.41836848663438,OTHER
2022,Thailand,THA,6278.7855138276,2.58037874709827,-1.61068030486688,0.94,1.24105269630565,OTHER
2023,Thailand,THA,6408.41432577294,2.01775095328327,8.47805174421543,0.733,1.1309417952786,OTHER
2024,Thailand,THA,6574.46109387985,2.54182067735289,1.36580540798037,0.781,1.07876078016919,OTHER
2025,Thailand,THA,,,,0.781,,OTHER
1990,Tajikistan,TJK,1312.94701318034,-0.59999963133663,,,,OTHER
1991,Tajikistan,TJK,1188.37461269952,-7.09999909622525,,1.823,,OTHER
1992,Tajikistan,TJK,827.586884623268,-29.0000010554471,,1.85,0.000365714285714286,OTHER
1993,Tajikistan,TJK,682.727259317268,-16.3999998448822,,2.65,0.00347685714285714,OTHER
1994,Tajikistan,TJK,528.04821736829,-21.2999980130949,,3.15,0.00171980198019802,OTHER
1995,Tajikistan,TJK,452.904385394465,-12.416322231899,,3.45,1.09861325115562,OTHER
1996,Tajikistan,TJK,369.934883507426,-16.6999984353389,,4.05,1.28914100486224,OTHER
1997,Tajikistan,TJK,371.661243144454,1.68067413588066,,4.15,1.69509493670886,OTHER
1998,Tajikistan,TJK,389.089746664022,5.31286765940042,,4.65,1.71303160358954,OTHER
1999,Tajikistan,TJK,401.406381787908,3.69955071665851,,4.45,1.39204460966543,OTHER
2000,Tajikistan,TJK,429.537300984643,8.32432449473859,,4.15,0.598174532502226,OTHER
2001,Tajikistan,TJK,461.681195760256,9.58083617842951,38.59188944886,3.75,0.580783882496171,OTHER
2002,Tajikistan,TJK,501.80856647117,10.8000037591665,12.2499847845885,3.95,1.04883693330169,OTHER
2003,Tajikistan,TJK,546.391479808684,10.9999990780572,16.3034912049491,3.85,1.11879149508362,OTHER
2004,Tajikistan,TJK,590.957111385699,10.2999989410117,7.14196508692253,3.45,1.13133632771605,OTHER
2005,Tajikistan,TJK,618.333702588577,6.69999851655409,7.09193244083773,3.45,,OTHER
2006,Tajikistan,TJK,649.163328755334,7.00000321108996,10.0108651886461,3.65,,OTHER
2007,Tajikistan,TJK,686.48090192413,7.80000011872161,13.1491247062982,2.874,,OTHER
2008,Tajikistan,TJK,726.185491338269,7.89999827154939,20.4705219109964,4.942,1.02218713975002,OTHER
2009,Tajikistan,TJK,739.212878526331,3.90000114826496,6.44823481066697,7.028,0.954768508640922,OTHER
2010,Tajikistan,TJK,770.604105393791,6.49999908585235,6.44531440780658,7.037,0.95285512473335,OTHER
2011,Tajikistan,TJK,809.368229154093,7.40000059956709,12.4315490430406,7.04,1.09380663999495,OTHER
2012,Tajikistan,TJK,849.519080831738,7.49999946321525,5.83116601031462,7.022,0.999142722822931,OTHER
2013,Tajikistan,TJK,889.882383099979,7.39999974700379,5.00964645344951,7.019,,OTHER
2014,Tajikistan,TJK,925.970961482804,6.70000069016253,6.10442765129667,7.024,1.1283850454994,OTHER
2015,Tajikistan,TJK,956.916310930656,6.01930331771186,5.7145594964971,7.033,1.28197181934631,OTHER
2016,Tajikistan,TJK,997.352614556708,6.89999999999999,6.00458082322139,7.036,1.20806716554116,OTHER
2017,Tajikistan,TJK,1042.26391757642,7.10000041864309,,7.035,1.03718533693392,OTHER
2018,Tajikistan,TJK,1094.8002018221,7.5999988895536,,7.028,1.04856527674186,OTHER
2019,Tajikistan,TJK,1148.34676712493,7.40000016310556,,7.026,0.996966249525976,OTHER
2020,Tajikistan,TJK,1171.90127480359,4.40000111553493,,7.576,0.947973986993497,OTHER
2021,Tajikistan,TJK,1254.06999592306,9.39999955037523,,7.687,1.00261189599905,OTHER
2022,Tajikistan,TJK,1325.75545290849,8.00000033846364,,7.051,1.93089624067946,OTHER
2023,Tajikistan,TJK,1407.1075436221,8.29999921651935,,7.037,2.39642126155182,OTHER
2024,Tajikistan,TJK,1496.33813395037,8.39999980983981,,7.041,1.84774975839365,OTHER
2025,Tajikistan,TJK,,,,6.931,,OTHER
1990,Turkmenistan,TKM,3495.74838854006,35.3845581084463,,,,OTHER
1991,Turkmenistan,TKM,3252.31233981197,-4.60526321358375,,1.4,,OTHER
1992,Turkmenistan,TKM,2703.31865628693,-14.965986595768,,1.5,,OTHER
1993,Turkmenistan,TKM,2684.18035580245,1.50000017391807,,1.5,,OTHER
1994,Turkmenistan,TKM,2174.38821394629,-17.2998604721341,,4.7,1.79764705882353,OTHER
1995,Turkmenistan,TKM,1981.94402262254,-7.2000409344549,,8.3,2.31584615384615,OTHER
1996,Turkmenistan,TKM,2078.71862628194,6.69999216064754,,10.3,2.04174435876061,OTHER
1997,Turkmenistan,TKM,1810.78048140778,-11.4000002276613,,11.0,3.96227021447804,OTHER
1998,Turkmenistan,TKM,1906.90538588317,7.10000034386493,,12.2,3.11402734984911,OTHER
1999,Turkmenistan,TKM,2181.15938103368,16.4999994972271,,12.7,2.90187475069805,OTHER
2000,Turkmenistan,TKM,2255.01496788934,5.46906413252854,,11.73,,OTHER
2001,Turkmenistan,TKM,2306.30057631688,4.34384571432727,,10.898,,OTHER
2002,Turkmenistan,TKM,2266.6336625636,0.257179925006284,,10.141,,OTHER
2003,Turkmenistan,TKM,2295.29620574541,3.26882855955344,,9.289,,OTHER
2004,Turkmenistan,TKM,2364.26725156856,5.00040743766748,,8.419,,OTHER
2005,Turkmenistan,TKM,2622.61796328876,13.034034870022,,7.495,,OTHER
2006,Turkmenistan,TKM,2856.77457038028,10.9733083254017,,6.601,,OTHER
2007,Turkmenistan,TKM,3114.06330033038,11.05929947045,,5.719,,OTHER
2008,Turkmenistan,TKM,3504.34843278483,14.7,,4.852,,OTHER
2009,Turkmenistan,TKM,3645.43522420841,6.10000011485643,,4.0,,OTHER
2010,Turkmenistan,TKM,3900.14237925855,9.19999998805483,,4.0,,OTHER
2011,Turkmenistan,TKM,4379.74943394339,14.6999999278723,,4.003,,OTHER
2012,Turkmenistan,TKM,4761.0792759807,11.0999999615545,,3.994,,OTHER
2013,Turkmenistan,TKM,5131.16736462999,10.200000101399,,3.993,,OTHER
2014,Turkmenistan,TKM,5533.03528846527,10.2999999705459,,4.005,,OTHER
2015,Turkmenistan,TKM,5759.497903834,6.49999990951666,,4.016,,OTHER
2016,Turkmenistan,TKM,5977.83828113854,6.1999999664301,,4.026,,OTHER
2017,Turkmenistan,TKM,6222.55590558882,6.50000004682975,,4.035,,OTHER
2018,Turkmenistan,TKM,6460.94356849428,6.19999994137119,,4.036,,OTHER
2019,Turkmenistan,TKM,6718.16608056274,6.30000004226711,,4.035,,OTHER
2020,Turkmenistan,TKM,6965.11226889286,5.900000048526,,4.489,,OTHER
2021,Turkmenistan,TKM,7248.70763225719,6.20000001747076,,4.458,,OTHER
2022,Turkmenistan,TKM,7551.03650143157,6.19999993621698,,4.017,,OTHER
2023,Turkmenistan,TKM,7880.44528570939,6.30015758549871,,4.007,,OTHER
2024,Turkmenistan,TKM,8231.49544263659,6.2994265836889,,4.02,,OTHER
2025,Turkmenistan,TKM,,,,4.267,,OTHER
1990,Latin America & the Caribbean (IDA & IBRD countries),TLA,5654.11683546752,-0.0402632950472537,,,1.68535486772356,OTHER
1991,Latin America & the Caribbean (IDA & IBRD countries),TLA,5745.34279683716,3.53251605299707,,6.18499961502329,1.4456153542865,OTHER
1992,Latin America & the Caribbean (IDA & IBRD countries),TLA,5805.62905451734,2.91418867268094,,6.16195847363912,1.30027328409813,OTHER
1993,Latin America & the Caribbean (IDA & IBRD countries),TLA,5963.77351446903,4.57807676632353,,5.9122489733434,1.3400790302398,OTHER
1994,Latin America & the Caribbean (IDA & IBRD countries),TLA,6160.96802637006,5.12225127449915,,6.56680800344838,1.42743290315932,OTHER
1995,Latin America & the Caribbean (IDA & IBRD countries),TLA,6106.1628846257,0.819094840807793,,7.85357644180886,1.57042118091122,OTHER
1996,Latin America & the Caribbean (IDA & IBRD countries),TLA,6238.94209043884,3.89284920787799,,8.26787405014723,1.49003810824932,OTHER
1997,Latin America & the Caribbean (IDA & IBRD countries),TLA,6477.43712339391,5.52761419212916,,8.12385222071719,1.34632277798651,OTHER
1998,Latin America & the Caribbean (IDA & IBRD countries),TLA,6558.23686697086,2.88539382386628,,8.50383489490465,1.37559734274603,OTHER
1999,Latin America & the Caribbean (IDA & IBRD countries),TLA,6476.08921590961,0.305038294648227,,9.48237924552907,1.29567579507294,OTHER
2000,Latin America & the Caribbean (IDA & IBRD countries),TLA,6609.80119656787,3.60284933506792,,9.52894893986909,1.25993131502731,OTHER
2001,Latin America & the Caribbean (IDA & IBRD countries),TLA,6536.59948338308,0.314256331580737,,9.1432735656305,1.28959163984496,OTHER
2002,Latin America & the Caribbean (IDA & IBRD countries),TLA,6458.32117502446,0.167706176085304,,9.50084872810719,1.21124188294347,OTHER
2003,Latin America & the Caribbean (IDA & IBRD countries),TLA,6518.45556588719,2.27430147345244,,9.38382565258049,1.14112039682016,OTHER
2004,Latin America & the Caribbean (IDA & IBRD countries),TLA,6799.16603256747,5.6492744191353,,8.88029213614675,1.132085804471,OTHER
2005,Latin America & the Caribbean (IDA & IBRD countries),TLA,6997.41671457478,4.197510614579,,8.34365571129642,1.20878482646055,OTHER
2006,Latin America & the Caribbean (IDA & IBRD countries),TLA,7284.10053840676,5.37451017594167,,7.7076777430645,1.19287280227799,OTHER
2007,Latin America & the Caribbean (IDA & IBRD countries),TLA,7589.79512008476,5.45551079018296,,7.31214733545694,1.23762183345104,OTHER
2008,Latin America & the Caribbean (IDA & IBRD countries),TLA,7789.84445398257,3.85631836150191,,6.9157446304206,1.28560077702548,OTHER
2009,Latin America & the Caribbean (IDA & IBRD countries),TLA,7519.31125343201,-2.35282389560322,,7.89406164784247,1.37180942706218,OTHER
2010,Latin America & the Caribbean (IDA & IBRD countries),TLA,7913.95492804608,6.43352449089936,,7.26042689855492,1.34076108450164,OTHER
2011,Latin America & the Caribbean (IDA & IBRD countries),TLA,8184.33972606365,4.56493996774481,,6.73516198738484,1.26458284366485,OTHER
2012,Latin America & the Caribbean (IDA & IBRD countries),TLA,8315.26653499428,2.71601812049479,,6.43477941830029,1.27183641951683,OTHER
2013,Latin America & the Caribbean (IDA & IBRD countries),TLA,8457.50619153367,2.80431557598936,,6.39401761164224,1.28074351782068,OTHER
2014,Latin America & the Caribbean (IDA & IBRD countries),TLA,8473.88677256195,1.24740654236352,,6.20935559864304,1.24414663831173,OTHER
2015,Latin America & the Caribbean (IDA & IBRD countries),TLA,8404.37747196218,0.187808812059515,,6.72924741273479,1.20899417023173,OTHER
2016,Latin America & the Caribbean (IDA & IBRD countries),TLA,8260.3745502491,-0.74776428360714,,7.82039688517988,1.18797486508507,OTHER
2017,Latin America & the Caribbean (IDA & IBRD countries),TLA,8315.64171218597,1.62111189870491,,8.12865999426483,1.25498410111779,OTHER
2018,Latin America & the Caribbean (IDA & IBRD countries),TLA,8349.28798690798,1.30250308015485,,8.03589728630349,1.220208466135,OTHER
2019,Latin America & the Caribbean (IDA & IBRD countries),TLA,8303.9522722113,0.289655398680338,,8.10633851896146,1.22208445792104,OTHER
2020,Latin America & the Caribbean (IDA & IBRD countries),TLA,7684.38521376063,-6.78294271787128,,10.355452107179,1.29857083148349,OTHER
2021,Latin America & the Caribbean (IDA & IBRD countries),TLA,8192.97514505256,7.26349029603921,,9.26330031941499,1.13262729986955,OTHER
2022,Latin America & the Caribbean (IDA & IBRD countries),TLA,8477.18379868743,4.11782588294032,,7.01556949606688,1.06041328487598,OTHER
2023,Latin America & the Caribbean (IDA & IBRD countries),TLA,8612.78979317983,2.32602977369942,,6.26268991297245,1.05376638887139,OTHER
2024,Latin America & the Caribbean (IDA & IBRD countries),TLA,8746.2934214582,2.2781470509277,,5.9308852770292,1.12773146722279,OTHER
2025,Latin America & the Caribbean (IDA & IBRD countries),TLA,,,,5.50985450118759,,OTHER
1990,Timor-Leste,TLS,633.18248660316,,,,,OTHER
1991,Timor-Leste,TLS,684.870525977346,10.7142805140818,,3.453,,OTHER
1992,Timor-Leste,TLS,736.591643587695,10.4595196012455,,3.36,,OTHER
1993,Timor-Leste,TLS,789.900692594751,10.2047655200409,,3.273,,OTHER
1994,Timor-Leste,TLS,823.062419740079,7.12283832241383,,3.309,,OTHER
1995,Timor-Leste,TLS,854.130467489101,6.68126470624202,,3.348,,OTHER
1996,Timor-Leste,TLS,897.360525869862,7.9821850008766,,3.372,,OTHER
1997,Timor-Leste,TLS,907.916560400077,3.99999400523568,,3.406,,OTHER
1998,Timor-Leste,TLS,865.831372670687,-1.99999615720213,,3.5,,OTHER
1999,Timor-Leste,TLS,631.07290867098,-35.4524312251332,,3.633,,OTHER
2000,Timor-Leste,TLS,1117.56432347244,58.078100510636,,3.529,,OTHER
2001,Timor-Leste,TLS,1192.74796357529,16.3476915812463,,3.386,,OTHER
2002,Timor-Leste,TLS,1028.13194386616,-6.7006946888999,,3.371,,OTHER
2003,Timor-Leste,TLS,964.322543048225,-2.18226723759027,7.16515891441839,3.54,,OTHER
2004,Timor-Leste,TLS,955.470489028291,0.400000000000006,3.23751394003321,3.668,,OTHER
2005,Timor-Leste,TLS,964.026656178075,2.9845905125044,1.11167400387198,3.611,1.7802292883409,OTHER
2006,Timor-Leste,TLS,897.573801807644,-4.11609279328982,3.93616259929866,3.634,3.76928162185985,OTHER
2007,Timor-Leste,TLS,961.848415522858,10.2653784307473,10.3009020174895,3.523,4.37269712601326,OTHER
2008,Timor-Leste,TLS,1042.86833768293,11.3948084309167,9.06423621948942,3.434,3.64703161141095,OTHER
2009,Timor-Leste,TLS,1120.09693594876,10.146951414355,0.669681185965433,3.289,5.01870958866419,OTHER
2010,Timor-Leste,TLS,1195.38066079604,9.33149806305823,6.76597680236481,3.301,2.9926287139941,OTHER
2011,Timor-Leste,TLS,1237.48380284894,5.95855501570803,13.499840238577,3.385,1.96949347659248,OTHER
2012,Timor-Leste,TLS,1269.41625561248,4.86062134121768,11.8003096701544,3.47,2.87728369527749,OTHER
2013,Timor-Leste,TLS,1281.92864043187,3.10436980963603,11.0849085109954,3.57,2.27036904335364,OTHER
2014,Timor-Leste,TLS,1312.96494988639,4.47249922937381,0.726275016139465,3.618,2.04684585089477,OTHER
2015,Timor-Leste,TLS,1319.59295003154,2.48003785368208,0.552796026277853,3.678,2.32446540880503,OTHER
2016,Timor-Leste,TLS,1333.65856117568,3.00993358093274,-1.33853876185163,4.657,1.59859756097561,OTHER
2017,Timor-Leste,TLS,1267.08661597675,-3.18241515376397,0.557215537430361,4.254,1.60517350157729,OTHER
2018,Timor-Leste,TLS,1237.2006590123,-0.466502371512661,2.63647201015892,3.765,1.3245501285347,OTHER
2019,Timor-Leste,TLS,1507.24743550088,24.2128789232326,0.958812739703141,3.148,1.69208066896212,OTHER
2020,Timor-Leste,TLS,1947.83992943521,31.7257429812373,0.495499215459571,2.808,1.77790106333796,OTHER
2021,Timor-Leste,TLS,2015.82035757039,5.36980163959615,3.69792094666786,2.344,1.08198620689655,OTHER
2022,Timor-Leste,TLS,1579.71085276403,-20.5224785561874,7.00530945399787,1.537,1.38083515113743,OTHER
2023,Timor-Leste,TLS,1279.21122757564,-18.135905003556,8.42035103310377,1.525,2.64956730769231,OTHER
2024,Timor-Leste,TLS,1149.21888298011,-9.10069369772735,2.06284153005468,1.523,2.66415662650602,OTHER
2025,Timor-Leste,TLS,,,,1.592,,OTHER
1990,"Middle East, North Africa, Afghanistan & Pakistan (IDA & IBRD)",TMN,2053.97528337977,9.88011539775606,,,,OTHER
1991,"Middle East, North Africa, Afghanistan & Pakistan (IDA & IBRD)",TMN,2021.52099995226,1.21299723882882,,8.03168197869505,3.62318400558532,OTHER
1992,"Middle East, North Africa, Afghanistan & Pakistan (IDA & IBRD)",TMN,2064.4003233616,4.96488369309138,,8.14685219721254,3.67093391229832,OTHER
1993,"Middle East, North Africa, Afghanistan & Pakistan (IDA & IBRD)",TMN,2040.95280540298,1.53899292604636,,8.68160187265869,3.98294153539071,OTHER
1994,"Middle East, North Africa, Afghanistan & Pakistan (IDA & IBRD)",TMN,2035.9112318453,2.31010962788925,,8.74589375449375,4.20658572602363,OTHER
1995,"Middle East, North Africa, Afghanistan & Pakistan (IDA & IBRD)",TMN,2045.22314547281,2.93386638233952,,9.03428655097015,3.73554570853903,OTHER
1996,"Middle East, North Africa, Afghanistan & Pakistan (IDA & IBRD)",TMN,2117.10508250556,5.99114008538031,,8.20998075616308,3.59162164394042,OTHER
1997,"Middle East, North Africa, Afghanistan & Pakistan (IDA & IBRD)",TMN,2138.73113997029,3.39131375682867,,7.99731851319209,3.6471113841533,OTHER
1998,"Middle East, North Africa, Afghanistan & Pakistan (IDA & IBRD)",TMN,2201.71888295998,5.3582543400187,,8.09262446768442,3.64482143984243,OTHER
1999,"Middle East, North Africa, Afghanistan & Pakistan (IDA & IBRD)",TMN,2241.60320795489,4.18385396996615,,8.36545993025764,3.33160714875639,OTHER
2000,"Middle East, North Africa, Afghanistan & Pakistan (IDA & IBRD)",TMN,2320.80541483788,5.86039411954174,,8.70973223936551,3.21835389138105,OTHER
2001,"Middle East, North Africa, Afghanistan & Pakistan (IDA & IBRD)",TMN,2336.86270839232,2.91722311637344,,8.66782939884288,3.30566636378888,OTHER
2002,"Middle East, North Africa, Afghanistan & Pakistan (IDA & IBRD)",TMN,2362.1474741275,3.2830774141255,,8.66928035849804,3.31667892271698,OTHER
2003,"Middle East, North Africa, Afghanistan & Pakistan (IDA & IBRD)",TMN,2374.28256433042,2.74558961452061,,8.45544746199598,3.31990938276475,OTHER
2004,"Middle East, North Africa, Afghanistan & Pakistan (IDA & IBRD)",TMN,2498.0483965743,7.62243126147804,,7.62342664414024,3.17569154436305,OTHER
2005,"Middle East, North Africa, Afghanistan & Pakistan (IDA & IBRD)",TMN,2561.89007487955,4.91110250060804,,7.79217578193013,3.09781647366386,OTHER
2006,"Middle East, North Africa, Afghanistan & Pakistan (IDA & IBRD)",TMN,2640.5399369682,5.44292597279696,,7.33599436897474,2.98133318188553,OTHER
2007,"Middle East, North Africa, Afghanistan & Pakistan (IDA & IBRD)",TMN,2734.2054667671,5.83016030172563,,6.96341976204585,2.79943941456451,OTHER
2008,"Middle East, North Africa, Afghanistan & Pakistan (IDA & IBRD)",TMN,2767.73209152447,3.43901141927678,,6.76464093439402,2.78966020549272,OTHER
2009,"Middle East, North Africa, Afghanistan & Pakistan (IDA & IBRD)",TMN,2782.93412660241,2.79415029136179,,6.88122796682575,3.10233551233096,OTHER
2010,"Middle East, North Africa, Afghanistan & Pakistan (IDA & IBRD)",TMN,2854.82931988365,4.82401058544104,,7.05144257493513,2.89884806847783,OTHER
2011,"Middle East, North Africa, Afghanistan & Pakistan (IDA & IBRD)",TMN,2783.21080824354,-0.443113071279598,,7.52714837608606,2.7269341625634,OTHER
2012,"Middle East, North Africa, Afghanistan & Pakistan (IDA & IBRD)",TMN,2824.63821117317,3.53707375357656,,8.83376247941241,2.80774094972239,OTHER
2013,"Middle East, North Africa, Afghanistan & Pakistan (IDA & IBRD)",TMN,2801.57595101198,1.09016621407683,,8.39834200288349,3.04475640729916,OTHER
2014,"Middle East, North Africa, Afghanistan & Pakistan (IDA & IBRD)",TMN,2816.94028870906,2.41652131998269,,8.07837404021819,3.27259647138408,OTHER
2015,"Middle East, North Africa, Afghanistan & Pakistan (IDA & IBRD)",TMN,2799.45441811583,1.09198112085784,,8.96791885955849,3.22061129526114,OTHER
2016,"Middle East, North Africa, Afghanistan & Pakistan (IDA & IBRD)",TMN,2906.72067314977,5.54085474867692,,8.66507565229991,3.10679321647961,OTHER
2017,"Middle East, North Africa, Afghanistan & Pakistan (IDA & IBRD)",TMN,2956.16092955273,3.4198181339446,,9.15400226751887,3.18861222013326,OTHER
2018,"Middle East, North Africa, Afghanistan & Pakistan (IDA & IBRD)",TMN,2965.86693458956,2.10715733011398,,9.1788143786994,2.93780395441695,OTHER
2019,"Middle East, North Africa, Afghanistan & Pakistan (IDA & IBRD)",TMN,2954.09492790131,1.39256894290483,,8.96317446023269,2.92549739193447,OTHER
2020,"Middle East, North Africa, Afghanistan & Pakistan (IDA & IBRD)",TMN,2828.39465134815,-2.56591730467834,,9.67954007701653,2.89796553337836,OTHER
2021,"Middle East, North Africa, Afghanistan & Pakistan (IDA & IBRD)",TMN,2900.57960405182,4.3128229659946,,9.58930430798613,2.64201123747364,OTHER
2022,"Middle East, North Africa, Afghanistan & Pakistan (IDA & IBRD)",TMN,2975.47966425011,4.33155082949985,,8.83598059809406,2.41793860020314,OTHER
2023,"Middle East, North Africa, Afghanistan & Pakistan (IDA & IBRD)",TMN,3009.34133947192,2.90736899917957,,8.59209919735259,2.95710559573665,OTHER
2024,"Middle East, North Africa, Afghanistan & Pakistan (IDA & IBRD)",TMN,3029.88305321206,2.41973722378488,,8.70657329890235,2.90758602685858,OTHER
2025,"Middle East, North Africa, Afghanistan & Pakistan (IDA & IBRD)",TMN,,,,8.69378066221379,,OTHER
1990,Tonga,TON,2987.63681443977,-2.0440915137989,9.70986384562655,,,OTHER
1991,Tonga,TON,3173.08619230056,6.4149535652702,10.5954493994793,1.348,,OTHER
1992,Tonga,TON,3177.04244039371,0.251973395838817,7.93698012192874,1.349,,OTHER
1993,Tonga,TON,3293.13527999427,3.73805810585928,0.960904460459173,1.3,,OTHER
1994,Tonga,TON,3454.0546888922,4.95252124359504,1.01295206694856,1.688,,OTHER
1995,Tonga,TON,3667.0187937044,6.22816022763234,1.46000630350972,1.987,,OTHER
1996,Tonga,TON,3668.59594064806,0.0929181768768501,2.99528023991143,2.404,,OTHER
1997,Tonga,TON,3632.11224987845,-0.600537843483892,2.12473132408038,2.877,,OTHER
1998,Tonga,TON,3689.21654556702,2.2925765040134,3.27444554260464,3.348,,OTHER
1999,Tonga,TON,3749.82332362386,2.30246259770198,4.46435467675891,3.69,,OTHER
2000,Tonga,TON,3866.68574867282,3.75409745006452,6.32763551411155,3.966,,OTHER
2001,Tonga,TON,3901.18055446166,1.49248125545273,8.2902831885033,4.368,,OTHER
2002,Tonga,TON,4050.98945082432,4.4292235994526,10.3590607918507,4.683,,OTHER
2003,Tonga,TON,4030.19673410072,0.0518054450729011,11.6386219580735,5.18,,OTHER
2004,Tonga,TON,3928.06014016386,-1.96794740326561,10.9734053679554,3.878,,OTHER
2005,Tonga,TON,3880.07037654517,-0.657650703495165,8.66569221131751,2.542,,OTHER
2006,Tonga,TON,3775.24832512712,-2.16566342680382,6.14911606456575,1.09,,OTHER
2007,Tonga,TON,3665.89534379299,-2.46430779100223,5.84224874901387,1.21,,OTHER
2008,Tonga,TON,3833.60152751942,4.86284132376997,10.4469875128222,1.279,,OTHER
2009,Tonga,TON,3630.76081551536,-5.12917819150532,1.42685972070534,1.419,,OTHER
2010,Tonga,TON,3653.97801722796,0.824396914081831,3.53491239189831,1.501,,OTHER
2011,Tonga,TON,3892.76791192676,6.70369746238768,6.27075302995691,1.594,,OTHER
2012,Tonga,TON,3932.59350453286,0.919761024923076,1.14753853706055,1.638,,OTHER
2013,Tonga,TON,3962.16964095596,0.393922530137331,0.77562932236742,1.75,,OTHER
2014,Tonga,TON,4058.815614369,1.99053625497055,2.51087633253706,1.914,,OTHER
2015,Tonga,TON,4123.90323993332,1.11374405685874,-1.05399831971283,2.022,,OTHER
2016,Tonga,TON,4419.81472868939,6.59870436118344,2.57815515245081,2.048,,OTHER
2017,Tonga,TON,4568.62468668733,3.2023165092282,7.51706283551115,2.137,,OTHER
2018,Tonga,TON,4583.5594849415,0.527827266310538,5.03209691984874,2.248,,OTHER
2019,Tonga,TON,4566.07497816235,-0.285208794735084,1.17954334821808,2.165,,OTHER
2020,Tonga,TON,4647.0076512901,1.80618735341196,-0.349737696727496,2.712,,OTHER
2021,Tonga,TON,4612.90046969933,-0.934926303735025,5.64051140636751,2.111,,OTHER
2022,Tonga,TON,4533.96790206106,-2.12854452405193,10.9713652903022,2.002,,OTHER
2023,Tonga,TON,4680.29974543195,2.79014366862668,6.35112980255189,1.652,,OTHER
2024,Tonga,TON,,,3.230563002681,1.965,,OTHER
2025,Tonga,TON,,,,2.008,,OTHER
1990,South Asia (IDA & IBRD),TSA,543.339636536863,5.58717150098668,,,2.93875987525966,OTHER
1991,South Asia (IDA & IBRD),TSA,539.975756404474,1.51514935543473,,7.24315545951344,2.7222410783387,OTHER
1992,South Asia (IDA & IBRD),TSA,557.346083149869,5.412367669308,,7.23871666924301,2.57727860017884,OTHER
1993,South Asia (IDA & IBRD),TSA,572.217189205099,4.82260448502312,,7.24980061619164,2.67887393839626,OTHER
1994,South Asia (IDA & IBRD),TSA,596.466356492419,6.36732623927425,,7.18007906379825,2.57581009569653,OTHER
1995,South Asia (IDA & IBRD),TSA,626.75795957348,7.19762953036722,,7.15013674904188,2.56985372226769,OTHER
1996,South Asia (IDA & IBRD),TSA,657.930640267577,7.07430603995918,,7.11279594729808,2.45338003009497,OTHER
1997,South Asia (IDA & IBRD),TSA,672.358162148714,4.21061775740803,,7.15153632180334,2.58270284980827,OTHER
1998,South Asia (IDA & IBRD),TSA,698.977290636221,5.98554453382025,,7.16874708180548,2.65139548204536,OTHER
1999,South Asia (IDA & IBRD),TSA,742.115275348887,8.20855528342406,,7.17195172652658,2.83568362037794,OTHER
2000,South Asia (IDA & IBRD),TSA,758.133172484319,4.08685651051928,,7.17647475389305,2.8344732860487,OTHER
2001,South Asia (IDA & IBRD),TSA,778.357238713854,4.57324198890292,,7.23245898235974,2.7842572751437,OTHER
2002,South Asia (IDA & IBRD),TSA,793.58779205405,3.77199800153592,,7.34580672778149,2.66098917993132,OTHER
2003,South Asia (IDA & IBRD),TSA,838.605352931883,7.46572456545647,,7.33330344756806,2.52584423377006,OTHER
2004,South Asia (IDA & IBRD),TSA,887.193101602536,7.54604881614362,,7.30632128284372,2.67315035895055,OTHER
2005,South Asia (IDA & IBRD),TSA,940.169909002488,7.64449221776582,,7.24801932806737,2.74667948171676,OTHER
2006,South Asia (IDA & IBRD),TSA,999.335555409877,7.89518422976431,,7.16089355787342,2.55799293731504,OTHER
2007,South Asia (IDA & IBRD),TSA,1059.31634791841,7.53428173032866,,7.2019977638481,2.40041340225536,OTHER
2008,South Asia (IDA & IBRD),TSA,1081.2982713599,3.48063577458643,,7.29504082041586,2.52303927382389,OTHER
2009,South Asia (IDA & IBRD),TSA,1145.46231062146,7.38981184100092,,7.3628078548039,2.9722424122005,OTHER
2010,South Asia (IDA & IBRD),TSA,1222.51823014544,8.19440351757765,,7.16328861819797,2.76511797272295,OTHER
2011,South Asia (IDA & IBRD),TSA,1272.07513809819,5.45109403202389,,7.17458097714582,2.59584817725165,OTHER
2012,South Asia (IDA & IBRD),TSA,1326.51107396561,5.64515915604163,,7.23720359721905,2.49442739368752,OTHER
2013,South Asia (IDA & IBRD),TSA,1392.20217841536,6.23326513040877,,7.31372620028363,2.41945944596064,OTHER
2014,South Asia (IDA & IBRD),TSA,1475.2167650201,7.24547986692529,,7.29419854752289,2.42340013243015,OTHER
2015,South Asia (IDA & IBRD),TSA,1570.54142462917,7.68973935167961,,7.27349261228767,2.34379494219296,OTHER
2016,South Asia (IDA & IBRD),TSA,1676.35409782334,7.96912333627881,,7.25080318686175,2.38400929696935,OTHER
2017,South Asia (IDA & IBRD),TSA,1770.26291324586,6.78411966003432,,7.24969569674111,2.3701857855588,OTHER
2018,South Asia (IDA & IBRD),TSA,1863.72112646654,6.3936663253368,,7.28140399591901,2.26281147855359,OTHER
2019,South Asia (IDA & IBRD),TSA,1920.39706317474,4.09454306508007,,6.30644937347767,2.37297678089599,OTHER
2020,South Asia (IDA & IBRD),TSA,1806.99045389559,-4.98750173651176,,7.62561175204578,2.57554594627238,OTHER
2021,South Asia (IDA & IBRD),TSA,1957.51785309013,9.24659959728567,,6.33048938390488,2.29231286232281,OTHER
2022,South Asia (IDA & IBRD),TSA,2079.70096055151,7.10115392630797,,4.86631704704624,2.18722626721354,OTHER
2023,South Asia (IDA & IBRD),TSA,2236.80860471582,8.50528885307943,,4.16220090187648,2.1802822946504,OTHER
2024,South Asia (IDA & IBRD),TSA,2355.24832417956,6.23259967615652,,4.19214668978211,2.10732883422627,OTHER
2025,South Asia (IDA & IBRD),TSA,,,,4.24316978447462,,OTHER
1990,Sub-Saharan Africa (IDA & IBRD countries),TSS,1279.18581775691,2.26083567012523,,,3.65518406767179,OTHER
1991,Sub-Saharan Africa (IDA & IBRD countries),TSS,1249.84262063026,0.38754937694398,,6.43805502816505,2.9409007648579,OTHER
1992,Sub-Saharan Africa (IDA & IBRD countries),TSS,1210.56787858028,-0.492747648583475,,6.53330879376537,2.3235806686638,OTHER
1993,Sub-Saharan Africa (IDA & IBRD countries),TSS,1165.5551714967,-1.04184369649658,,6.57864448347074,2.44967666431124,OTHER
1994,Sub-Saharan Africa (IDA & IBRD countries),TSS,1146.64381638802,1.02684072771038,,6.50793947568754,2.01342301837115,OTHER
1995,Sub-Saharan Africa (IDA & IBRD countries),TSS,1153.84472060807,3.32740083029324,,6.36295420429711,1.52915100857433,OTHER
1996,Sub-Saharan Africa (IDA & IBRD countries),TSS,1181.17189719564,5.14421622377822,,6.27896875583569,1.20628070247374,OTHER
1997,Sub-Saharan Africa (IDA & IBRD countries),TSS,1197.38953600487,4.07051334294376,,6.23960940520436,1.20654931777587,OTHER
1998,Sub-Saharan Africa (IDA & IBRD countries),TSS,1195.32469000613,2.51825009450721,,6.26493513613641,1.21470525555013,OTHER
1999,Sub-Saharan Africa (IDA & IBRD countries),TSS,1189.22684518165,2.17869506836665,,6.36947715632251,1.88346848822307,OTHER
2000,Sub-Saharan Africa (IDA & IBRD countries),TSS,1197.83286103765,3.43711873083774,,6.35178469623133,1.63372064983043,OTHER
2001,Sub-Saharan Africa (IDA & IBRD countries),TSS,1215.36013800713,4.21364598817746,,6.25801553911127,1.61209831965782,OTHER
2002,Sub-Saharan Africa (IDA & IBRD countries),TSS,1258.74653507283,6.39356457830505,,6.1544562626131,1.6423560187703,OTHER
2003,Sub-Saharan Africa (IDA & IBRD countries),TSS,1275.72710309586,4.12069952524874,,6.08906292747373,1.43801289959263,OTHER
2004,Sub-Saharan Africa (IDA & IBRD countries),TSS,1324.51853793772,6.68446006184374,,5.94349195717333,1.44624607472546,OTHER
2005,Sub-Saharan Africa (IDA & IBRD countries),TSS,1366.27424482585,6.00947416911313,,5.84542677033048,1.30548794689666,OTHER
2006,Sub-Saharan Africa (IDA & IBRD countries),TSS,1409.85883394612,6.04939293975086,,5.75470274955599,1.28741603309927,OTHER
2007,Sub-Saharan Africa (IDA & IBRD countries),TSS,1456.1661697907,6.15845441455014,,5.71366247607083,1.28343998870432,OTHER
2008,Sub-Saharan Africa (IDA & IBRD countries),TSS,1490.09370157274,5.19915700484026,,5.70991877342324,1.45108419993393,OTHER
2009,Sub-Saharan Africa (IDA & IBRD countries),TSS,1495.15888390986,3.14754867102096,,5.7640684373361,1.53316308722523,OTHER
2010,Sub-Saharan Africa (IDA & IBRD countries),TSS,1542.53215408965,6.05119087977121,,5.9384663035217,1.25917489309791,OTHER
2011,Sub-Saharan Africa (IDA & IBRD countries),TSS,1567.63762624075,4.45162930662147,,5.91357874156347,1.226542687761,OTHER
2012,Sub-Saharan Africa (IDA & IBRD countries),TSS,1576.31411158834,3.33566308216501,,5.80072495990126,1.19567144685138,OTHER
2013,Sub-Saharan Africa (IDA & IBRD countries),TSS,1612.24237571721,5.12180100852355,,5.57284215444355,1.28998394808844,OTHER
2014,Sub-Saharan Africa (IDA & IBRD countries),TSS,1643.26781016129,4.72930309699868,,5.62776331426723,1.27851684882415,OTHER
2015,Sub-Saharan Africa (IDA & IBRD countries),TSS,1646.44941139316,2.93349224419011,,5.78525200580782,1.14698458999347,OTHER
2016,Sub-Saharan Africa (IDA & IBRD countries),TSS,1623.17708645872,1.23789307986233,,5.86436518410549,1.06648224265743,OTHER
2017,Sub-Saharan Africa (IDA & IBRD countries),TSS,1620.53648783766,2.50364867338817,,5.99278380853675,1.08945976706618,OTHER
2018,Sub-Saharan Africa (IDA & IBRD countries),TSS,1622.24137160361,2.7959996083264,,6.03077037529887,1.0008474674381,OTHER
2019,Sub-Saharan Africa (IDA & IBRD countries),TSS,1621.5953888781,2.60045190740455,,6.17859261789174,0.900219649664342,OTHER
2020,Sub-Saharan Africa (IDA & IBRD countries),TSS,1529.24894566347,-3.23642852363862,,6.64963226537121,1.01888915334813,OTHER
2021,Sub-Saharan Africa (IDA & IBRD countries),TSS,1545.45220046021,3.65270461847631,,6.84417115636911,1.13867552934234,OTHER
2022,Sub-Saharan Africa (IDA & IBRD countries),TSS,1568.7119148255,4.06140756050381,,6.07875092921414,1.02515354194036,OTHER
2023,Sub-Saharan Africa (IDA & IBRD countries),TSS,1572.0784357913,2.71598839668867,,5.7582142084837,1.08493949854205,OTHER
2024,Sub-Saharan Africa (IDA & IBRD countries),TSS,1589.32982537075,3.59733324708967,,5.66785964521359,1.05010353801541,OTHER
2025,Sub-Saharan Africa (IDA & IBRD countries),TSS,,,,5.65798225644767,,OTHER
1990,Trinidad and Tobago,TTO,6058.21521640153,1.50916784295177,11.0644257703083,,,OTHER
1991,Trinidad and Tobago,TTO,6197.46242847246,3.11240786575588,3.78310214375795,18.52,,OTHER
1992,Trinidad and Tobago,TTO,6771.98415842128,10.092979512969,6.43985419198061,19.66,,OTHER
1993,Trinidad and Tobago,TTO,6680.48480038241,-0.66911476645933,10.835235920852,19.81,0.494773590298477,OTHER
1994,Trinidad and Tobago,TTO,6876.49857217898,3.56718060581952,8.81469401768106,18.44,0.489219432314411,OTHER
1995,Trinidad and Tobago,TTO,7100.85381245723,3.80991314364765,5.18220539517274,17.22,,OTHER
1996,Trinidad and Tobago,TTO,7573.78560828675,7.13447746480871,3.40457442819624,16.25,,OTHER
1997,Trinidad and Tobago,TTO,8112.94285878867,7.52285462627518,3.62607875843081,15.01,,OTHER
1998,Trinidad and Tobago,TTO,8742.6993105224,8.1245639965458,5.61270907691201,14.21,,OTHER
1999,Trinidad and Tobago,TTO,9412.08108378445,8.02481764350063,3.43913590881996,13.12,,OTHER
2000,Trinidad and Tobago,TTO,10023.0206669207,6.90135959072803,3.55541319666877,12.1,,OTHER
2001,Trinidad and Tobago,TTO,10395.2041042218,4.16852398185424,5.536653263223,10.88,0.155634799309892,OTHER
2002,Trinidad and Tobago,TTO,11165.960015838,7.93670968715332,4.1500586166472,10.39,0.213074265946209,OTHER
2003,Trinidad and Tobago,TTO,12714.5004334846,14.4409895389734,3.8111062439687,10.48,0.294294112206887,OTHER
2004,Trinidad and Tobago,TTO,13657.2534995604,7.95005151069972,3.72154938995965,8.33,0.56332687432576,OTHER
2005,Trinidad and Tobago,TTO,15075.4179709902,6.20893787954175,6.87453459583516,7.95,0.604538000333575,OTHER
2006,Trinidad and Tobago,TTO,17021.2241679562,13.2080586051735,8.32960351465347,6.27,0.621275873847403,OTHER
2007,Trinidad and Tobago,TTO,17758.6995224652,4.75420970092722,7.89438834757299,5.54,0.568668581528334,OTHER
2008,Trinidad and Tobago,TTO,18285.2735441992,3.39173707807387,12.0303445477177,4.63,0.493375226495272,OTHER
2009,Trinidad and Tobago,TTO,17461.9640940055,-4.3917292474614,6.97808725251547,5.28,0.709658644481144,OTHER
2010,Trinidad and Tobago,TTO,17938.0949459463,3.32322471027371,10.5492003179988,4.033,0.635217366605715,OTHER
2011,Trinidad and Tobago,TTO,17746.509252615,-0.294354409043763,5.1071328926456,3.425,0.566437190906244,OTHER
2012,Trinidad and Tobago,TTO,18835.6674122954,6.71074625448722,9.26028137068292,3.718,0.641229257894688,OTHER
2013,Trinidad and Tobago,TTO,19392.1974593783,3.36819291689019,5.19981740465611,2.683,0.76306904134769,OTHER
2014,Trinidad and Tobago,TTO,20032.5402001718,3.67086851032413,5.68441814595659,2.477,0.656301051048555,OTHER
2015,Trinidad and Tobago,TTO,19887.2327716498,-0.406283288730492,4.66121598098264,2.428,0.752974392707466,OTHER
2016,Trinidad and Tobago,TTO,18331.034459758,-7.53636305379372,3.07066742464024,3.207,0.914265892901233,OTHER
2017,Trinidad and Tobago,TTO,17402.6155328454,-4.87274946918724,1.88038440183532,3.389,0.845376415248969,OTHER
2018,Trinidad and Tobago,TTO,17205.615135339,-0.945449700943314,1.01856930188822,3.497,0.694747131148301,OTHER
2019,Trinidad and Tobago,TTO,17225.361633712,0.467734528855885,1.00054293027237,3.523,0.733109759963043,OTHER
2020,Trinidad and Tobago,TTO,15679.9611486825,-8.78879817831519,0.598986330824643,4.206,0.812607258583509,OTHER
2021,Trinidad and Tobago,TTO,15558.0940536829,-0.716740625909793,2.05922746915458,4.446,0.859057055256023,OTHER
2022,Trinidad and Tobago,TTO,15712.230497272,0.86126082651883,5.82838638517959,4.383,0.765634931845469,OTHER
2023,Trinidad and Tobago,TTO,15922.7668349788,1.46645947294053,4.62930242419968,3.361,0.959389724160016,OTHER
2024,Trinidad and Tobago,TTO,16312.4849555716,2.50920813979569,0.526884625776839,3.318,0.921416388185832,OTHER
2025,Trinidad and Tobago,TTO,,,,3.329,,OTHER
1990,Tunisia,TUN,2114.47034536085,7.94981943665461,6.54529307282414,,1.83945658886675,OTHER
1991,Tunisia,TUN,2151.20851677353,3.90454530313198,8.19371509544085,15.935,1.83370852776507,OTHER
1992,Tunisia,TUN,2270.86449442765,7.80572887722397,5.82434514637906,15.598,1.70612587759433,OTHER
1993,Tunisia,TUN,2274.64182637585,2.18982886145824,3.9749563191613,15.948,1.73211395510226,OTHER
1994,Tunisia,TUN,2305.16127524434,3.17841132209441,4.73323063996595,16.006,1.74212321164965,OTHER
1995,Tunisia,TUN,2322.59207185194,2.35166985086541,6.24415028747146,16.348,1.74470758582503,OTHER
1996,Tunisia,TUN,2452.90929820496,7.14608096782061,3.72514472690715,16.061,1.86753522903203,OTHER
1997,Tunisia,TUN,2551.55055160864,5.44094350107467,3.65202620723071,15.94,1.72638454432232,OTHER
1998,Tunisia,TUN,2639.87498120997,4.78376247825665,3.12536579655862,15.473,1.67797151546674,OTHER
1999,Tunisia,TUN,2766.57007135231,6.05463447898158,2.6901248581158,15.21,1.55607575730874,OTHER
2000,Tunisia,TUN,2864.54703666618,4.7099729138049,2.96230794738605,14.94,1.5479040325129,OTHER
2001,Tunisia,TUN,2941.73893592906,3.79627166202512,1.98333333333337,14.4,1.52111247336458,OTHER
2002,Tunisia,TUN,2950.20410959054,1.32255714828946,2.72103284850455,14.55,1.49264292624339,OTHER
2003,Tunisia,TUN,3058.22895827842,4.70239953285241,2.71259247474352,14.51,1.48388570363995,OTHER
2004,Tunisia,TUN,3218.72320748457,6.23579072222647,3.63228004956625,14.23,1.42590206296513,OTHER
2005,Tunisia,TUN,3301.93817216029,3.4865455430439,2.01778641357144,12.872,1.45160141621028,OTHER
2006,Tunisia,TUN,3444.5513526091,5.24409983246916,3.22525337438917,12.51,1.44636242435988,OTHER
2007,Tunisia,TUN,3642.11977444786,6.70952097453554,2.96694432477349,12.365,1.26099385636655,OTHER
2008,Tunisia,TUN,3760.11828478704,4.23778147502819,4.34502807623045,12.444,1.29062492574542,OTHER
2009,Tunisia,TUN,3835.25011939301,3.04345012371552,3.66490330642919,13.29,1.2949496088007,OTHER
2010,Tunisia,TUN,3906.90625867605,2.97113275066512,3.33897963601069,13.049,1.23617052057621,OTHER
2011,Tunisia,TUN,3784.7412903401,-2.04663389535644,3.24002842009531,18.334,1.48625780102894,OTHER
2012,Tunisia,TUN,3900.04620132702,4.21667711535632,4.6118443220664,17.63,1.43987394498013,OTHER
2013,Tunisia,TUN,3947.58763533174,2.42993096446429,5.31623531326689,15.934,1.5597373837127,OTHER
2014,Tunisia,TUN,4021.59954703591,3.09032803070775,4.62555099534031,14.259,1.8068874807375,OTHER
2015,Tunisia,TUN,4014.94773686432,0.967834205635981,4.437371273215,15.159,2.13959162946471,OTHER
2016,Tunisia,TUN,4015.28893802703,1.117231963992,3.62939937384381,15.557,2.22498472970201,OTHER
2017,Tunisia,TUN,4062.80606534519,2.25261437620587,5.30884839565844,15.33,2.03182932622148,OTHER
2018,Tunisia,TUN,4127.97005697994,2.60696965356362,7.30759176031652,15.459,1.97644872011962,OTHER
2019,Tunisia,TUN,4153.27978615515,1.55009304966742,6.72007532863799,17.153,2.38327777746153,OTHER
2020,Tunisia,TUN,3749.26841452928,-8.97512622934723,5.63415115897625,17.651,2.71275567542328,OTHER
2021,Tunisia,TUN,3902.53322990199,4.73603648206102,5.706350208307,16.632,2.62965981069507,OTHER
2022,Tunisia,TUN,3986.54558325666,2.75228761004381,8.30646124447623,15.3,2.5712401122127,OTHER
2023,Tunisia,TUN,3967.33387634534,0.184015548469745,9.32899597507865,15.106,2.48712212584858,OTHER
2024,Tunisia,TUN,4006.20588267443,1.61444564976986,7.20661657168794,15.341,2.50636792573464,OTHER
2025,Tunisia,TUN,,,,15.108,,OTHER
1990,Turkiye,TUR,5188.18244439241,9.26614667149315,60.3038691346447,,3.52770569378721,OTHER
1991,Turkiye,TUR,5134.41760859332,0.720279035610119,65.978567991895,8.21,3.75436424807973,OTHER
1992,Turkiye,TUR,5301.80855995835,5.03563493896803,70.0761038690374,8.509,3.87056650021036,OTHER
1993,Turkiye,TUR,5609.85056721492,7.65126520301509,66.0938429820004,8.962,3.9214172544983,OTHER
1994,Turkiye,TUR,5255.80339746778,-4.66814736394839,105.214986469202,8.577,4.05135933699201,OTHER
1995,Turkiye,TUR,5577.82539654281,7.87826687618991,89.1133172248499,7.644,3.90164973474904,OTHER
1996,Turkiye,TUR,5887.67309798528,7.15779847930847,80.4121511388042,6.629,4.13969694261893,OTHER
1997,Turkiye,TUR,6230.18622126407,7.3578623747848,85.6693616499779,6.841,4.10367223056831,OTHER
1998,Turkiye,TUR,6261.28870069222,1.90857064345151,84.6413434846314,6.888,3.18220800142332,OTHER
1999,Turkiye,TUR,5989.55700860592,-3.05277055759434,64.8674876350757,7.687,3.88141296380978,OTHER
2000,Turkiye,TUR,6326.25746472488,6.98528697817062,54.9153705812683,6.495,3.64342934046749,OTHER
2001,Turkiye,TUR,5906.92348536699,-5.45940838563062,54.4001887619074,8.381,3.57667970794229,OTHER
2002,Turkiye,TUR,6211.70542960394,6.43550883793114,44.964120947985,10.358,3.76709151041563,OTHER
2003,Turkiye,TUR,6496.07277294612,5.79909321038525,21.6024384490573,10.542,3.26703119500148,OTHER
2004,Turkiye,TUR,7061.62219794984,9.92540551918624,8.59826168115262,10.838,2.67100029372768,OTHER
2005,Turkiye,TUR,7623.14640948457,9.11157745861635,8.17916036802008,10.636,2.38609105306995,OTHER
2006,Turkiye,TUR,8078.5153787571,7.06762607623939,9.59724212288446,10.227,2.34016133817719,OTHER
2007,Turkiye,TUR,8477.53328393352,5.10818513903604,8.75618090972632,10.285,2.19980660446648,OTHER
2008,Turkiye,TUR,8447.93976396947,0.920118221365883,10.4441283764885,10.965,2.18178699504167,OTHER
2009,Turkiye,TUR,7925.30110421185,-4.88269401706633,6.25097663090626,14.026,2.47155127527395,OTHER
2010,Turkiye,TUR,8472.57809050119,8.54219848467686,8.56644420552976,11.879,2.27171515093383,OTHER
2011,Turkiye,TUR,9265.85910238578,10.9799625273598,6.471879671151,9.789,2.0275060358965,OTHER
2012,Turkiye,TUR,9588.32066531438,4.80762696633448,8.89156996512163,9.21,2.00944811786941,OTHER
2013,Turkiye,TUR,10269.4489140773,8.48825689298511,7.49309030547693,9.713,1.92395966496054,OTHER
2014,Turkiye,TUR,10597.9801881716,4.60079447270559,8.85457271364316,9.901,1.87196639443904,OTHER
2015,Turkiye,TUR,11064.6494504662,5.80557386628684,7.67085364845885,10.304,1.81284855723729,OTHER
2016,Turkiye,TUR,11279.6169531569,3.32366508200445,7.7751341532833,10.899,2.05032437865497,OTHER
2017,Turkiye,TUR,12005.6459824832,7.82585730002594,11.1443110840764,10.919,2.05006599219326,OTHER
2018,Turkiye,TUR,12255.0082146169,3.46815306092219,16.3324638988929,10.956,2.52209022414858,OTHER
2019,Turkiye,TUR,12238.2950220128,1.30162365464503,15.1768215720022,13.73,2.68985897943633,OTHER
2020,Turkiye,TUR,12338.643833135,1.80306247087255,12.2789574462574,13.148,2.19555218691023,OTHER
2021,Turkiye,TUR,13670.938029516,11.811094450607,19.5964926913324,11.969,1.85888321091456,OTHER
2022,Turkiye,TUR,14273.5747654873,5.44122511322401,72.3088359891207,10.465,1.65879843534611,OTHER
2023,Turkiye,TUR,14932.8851363122,5.04512369812289,53.8594087593315,9.388,1.71991880187465,OTHER
2024,Turkiye,TUR,15395.0278894893,3.3276230893799,58.5064507300342,8.8,1.92255231276371,OTHER
2025,Turkiye,TUR,,,,8.52,,OTHER
1990,Tuvalu,TUV,2450.79726036268,15.376,,,,OTHER
1991,Tuvalu,TUV,2502.27716517093,3.60918332621661,,,,OTHER
1992,Tuvalu,TUV,2540.7562718213,2.7887888821527,,,,OTHER
1993,Tuvalu,TUV,2619.69518382039,4.11082376782662,,,,OTHER
1994,Tuvalu,TUV,2863.67111176146,10.2833768150468,,,,OTHER
1995,Tuvalu,TUV,2698.96068050891,-5.00445203133808,,,,OTHER
1996,Tuvalu,TUV,2521.22126914168,-5.96137047461905,,,,OTHER
1997,Tuvalu,TUV,2756.31403388992,10.0033027825943,,,,OTHER
1998,Tuvalu,TUV,3166.39547155271,15.5011661260488,,,,OTHER
1999,Tuvalu,TUV,3102.1067626385,-1.56387082399142,,,,OTHER
2000,Tuvalu,TUV,3056.55101983122,-0.970489205783323,,,,OTHER
2001,Tuvalu,TUV,3043.15907920605,0.0,,,,OTHER
2002,Tuvalu,TUV,3320.16858154912,9.52380952380953,,,,OTHER
2003,Tuvalu,TUV,3152.22822039796,-4.34782608695652,,,,OTHER
2004,Tuvalu,TUV,3042.6128529965,-2.27272727272727,,,,OTHER
2005,Tuvalu,TUV,2864.90524160208,-4.65116279069767,,,,OTHER
2006,Tuvalu,TUV,2900.92710155819,2.4390243902439,,,,OTHER
2007,Tuvalu,TUV,3069.67368184077,7.14285714285714,,,,OTHER
2008,Tuvalu,TUV,3230.22109521715,6.66666666666667,,,,OTHER
2009,Tuvalu,TUV,2987.80397939993,-6.25,,,,OTHER
2010,Tuvalu,TUV,2879.29645720352,-2.22222222222223,,,,OTHER
2011,Tuvalu,TUV,3028.2511217061,6.81818181818181,0.5005807431527,,,OTHER
2012,Tuvalu,TUV,2922.07629963849,-2.12765957446808,,,,OTHER
2013,Tuvalu,TUV,3030.55285189857,4.34782608695652,,,,OTHER
2014,Tuvalu,TUV,3035.24325598472,0.0,,,,OTHER
2015,Tuvalu,TUV,3357.83417700071,10.4166666666667,,,,OTHER
2016,Tuvalu,TUV,3558.61212970652,5.66037735849056,,,,OTHER
2017,Tuvalu,TUV,3666.20189700038,2.44839285714286,,,,OTHER
2018,Tuvalu,TUV,3757.85997284742,1.38728384151602,,,,OTHER
2019,Tuvalu,TUV,4345.99606453315,13.8220984406966,,,,OTHER
2020,Tuvalu,TUV,4233.0183205634,-4.27493206901397,,,,OTHER
2021,Tuvalu,TUV,4396.04894488478,1.8041359113616,,,,OTHER
2022,Tuvalu,TUV,4515.29701517492,0.677309361438304,,,,OTHER
2023,Tuvalu,TUV,4773.34085526672,3.85280919517032,,,,OTHER
1990,Tanzania,TZA,541.544799804688,7.04507164205259,35.8267716535433,,2.04648408015958,OTHER
1991,Tanzania,TZA,538.966979980469,2.07198821361914,28.695652173913,3.6,2.18177801099174,OTHER
1992,Tanzania,TZA,528.781555175781,0.584322131924068,21.8468468468473,3.683,2.10603925919978,OTHER
1993,Tanzania,TZA,518.66259765625,1.20580080875436,25.277264325323,3.892,1.37927837082884,OTHER
1994,Tanzania,TZA,506.972503662109,1.56766176421846,34.0833640722984,3.861,1.29411406473615,OTHER
1995,Tanzania,TZA,508.840423583984,3.56991186849247,27.4277854195323,3.672,1.62721403741102,OTHER
1996,Tanzania,TZA,522.333251953125,4.54436680394173,20.9772596430629,3.475,1.55535029886083,OTHER
1997,Tanzania,TZA,529.954223632813,3.52527818941036,16.0906549283201,3.342,1.54354453955173,OTHER
1998,Tanzania,TZA,535.363159179688,3.70851159859504,12.7997540479609,3.283,1.60197154683142,OTHER
1999,Tanzania,TZA,546.605529785156,4.86386375362282,7.89043336058877,3.219,1.48766265966724,OTHER
2000,Tanzania,TZA,555.348083496094,4.52078463603256,5.92396109637479,3.129,1.48726401206321,OTHER
2001,Tanzania,TZA,573.400146484375,6.07080828734129,5.14746800222618,2.994,1.45160464399204,OTHER
2002,Tanzania,TZA,598.421569824219,7.09319498355502,5.31783366118203,3.023,1.30259845652854,OTHER
2003,Tanzania,TZA,621.720703125,6.67278983053497,5.30356621509782,3.053,1.07430696847071,OTHER
2004,Tanzania,TZA,650.516540527344,7.50381465859829,4.73580143949058,3.105,0.994614572583098,OTHER
2005,Tanzania,TZA,680.051208496094,7.47631925974784,5.03457009267163,3.193,0.823941300163293,OTHER
2006,Tanzania,TZA,704.502746582031,6.53222138847813,7.25097262082546,3.299,0.792124010730679,OTHER
2007,Tanzania,TZA,731.52001953125,6.76853520293716,7.02551436974771,3.023,0.762064569335019,OTHER
2008,Tanzania,TZA,752.540466308594,5.68641685905224,10.2783937621135,2.775,0.698278989715238,OTHER
2009,Tanzania,TZA,772.929565429688,5.26910524873463,12.1422278742988,2.5,0.757193066304469,OTHER
2010,Tanzania,TZA,801.29931640625,6.33652342666889,6.20015595647403,3.03,0.896024084275438,OTHER
2011,Tanzania,TZA,838.999267578125,7.67215543486064,12.6909694699162,3.47,0.903150747306732,OTHER
2012,Tanzania,TZA,851.910705566406,4.50015356010131,16.0010938506338,3.223,0.91379934806313,OTHER
2013,Tanzania,TZA,882.8115234375,6.78158560065316,7.87072364573959,2.93,0.972362603264413,OTHER
2014,Tanzania,TZA,913.811218261719,6.73246186832483,6.13161432988012,2.125,1.0157610032095,OTHER
2015,Tanzania,TZA,939.127319335938,6.16062877406682,5.58816952959298,2.009,1.09136986722986,OTHER
2016,Tanzania,TZA,970.156127929688,6.86711619644551,5.17476629301493,1.931,1.09369193376988,OTHER
2017,Tanzania,TZA,1001.55895996094,6.72726996832338,5.31871605228931,1.854,1.05581731620716,OTHER
2018,Tanzania,TZA,1024.01525878906,5.50267599385063,3.49445848856181,1.792,1.10090687427422,OTHER
2019,Tanzania,TZA,1051.7666015625,5.79999999996723,3.46428057999021,1.735,1.06113270582911,OTHER
2020,Tanzania,TZA,1041.25964355469,1.99196460647855,3.29029062798325,1.792,1.07713241782149,OTHER
2021,Tanzania,TZA,1054.31726074219,4.32138429480482,3.69091958802199,1.876,1.12240771800076,OTHER
2022,Tanzania,TZA,1070.58532714844,4.56600576430955,4.35027204269101,1.573,1.19134153738855,OTHER
2023,Tanzania,TZA,1092.86413574219,5.06952353203394,3.79923291384916,1.565,1.210113658261,OTHER
2024,Tanzania,TZA,1120.77416992188,5.5263138305945,3.05694676312373,1.557,1.154617473534,OTHER
2025,Tanzania,TZA,,,,1.572,,OTHER
1990,Uganda,UGA,369.839286985576,6.47414015255596,,,2.96852622114122,OTHER
1991,Uganda,UGA,377.780503685951,5.55409549507921,,3.448,2.50799847648067,OTHER
1992,Uganda,UGA,377.609612721367,3.41835689468401,,3.553,1.65917772135475,OTHER
1993,Uganda,UGA,395.163949168597,8.32629251939072,,3.487,1.93136675611518,OTHER
1994,Uganda,UGA,406.592301920177,6.40363574007452,10.0367598792175,3.458,2.01578234788366,OTHER
1995,Uganda,UGA,441.226201168263,11.5232438119529,6.55014018970371,3.193,2.10151053274244,OTHER
1996,Uganda,UGA,468.427898950193,9.07211457909349,7.19164660433344,3.169,2.21091090169168,OTHER
1997,Uganda,UGA,478.250663988847,5.10000186476283,8.16902144106963,3.209,2.11670724007935,OTHER
1998,Uganda,UGA,487.008977266219,4.90526548451564,0.0688041719983172,3.424,2.44235581316614,OTHER
1999,Uganda,UGA,509.455395054388,8.05394837724197,5.77736898687895,3.46,2.65573403225382,OTHER
2000,Uganda,UGA,509.19755319016,3.141907338187,3.39202158512998,3.531,1.76460770822564,OTHER
2001,Uganda,UGA,519.456547890884,5.18366112490236,1.86512524084773,3.522,1.68324514574881,OTHER
2002,Uganda,UGA,547.405338919875,8.73268576440127,-0.287508511765196,3.5,1.63467473652418,OTHER
2003,Uganda,UGA,564.720539196569,6.47325867166543,8.68047651566884,3.6,1.69168784576439,OTHER
2004,Uganda,UGA,585.339489080616,6.80723334361883,3.72128743978228,2.699,1.76615583020933,OTHER
2005,Uganda,UGA,604.404813057618,6.33256511623156,8.44872642299532,1.9,1.68432268847927,OTHER
2006,Uganda,UGA,650.270540867444,10.7847443857453,7.31067613561864,2.264,1.50342601664363,OTHER
2007,Uganda,UGA,684.542241787248,8.41242596551071,6.1385108328505,2.667,1.39447189004469,OTHER
2008,Uganda,UGA,722.565167003452,8.70875190154499,12.0508555482886,3.035,1.34734497189712,OTHER
2009,Uganda,UGA,749.342865535423,6.80151734860395,13.0172561889185,3.6,1.43231723283534,OTHER
2010,Uganda,UGA,768.624091660131,5.63761163749757,3.97655288478168,3.623,2.46009387698207,OTHER
2011,Uganda,UGA,816.516366587228,9.3916554927176,16.5643496174515,3.523,2.538786699798,OTHER
2012,Uganda,UGA,823.580468285493,3.83745560605229,12.6790377224659,3.551,1.17612274538488,OTHER
2013,Uganda,UGA,828.988669729986,3.58690582623025,4.90520875694557,1.91,0.937840989830747,OTHER
2014,Uganda,UGA,845.978664791099,5.10630732539796,3.07570668958641,2.357,0.924476429892299,OTHER
2015,Uganda,UGA,862.934610355811,5.18785986002466,5.58968606251725,2.681,0.986680287683281,OTHER
2016,Uganda,UGA,874.648370639216,4.78100029254482,5.70637504616212,3.002,1.00333547376504,OTHER
2017,Uganda,UGA,871.093880017151,3.13140551723596,5.20971705914209,3.428,1.03901851871998,OTHER
2018,Uganda,UGA,895.07512785438,6.30392378262997,2.61601190952274,3.249,1.15245192326926,OTHER
2019,Uganda,UGA,920.939101515671,6.43874503276439,2.867588034469,3.057,1.71775245377408,OTHER
2020,Uganda,UGA,917.0350317644,2.95130642218098,3.31332289544502,3.819,2.46768517919382,OTHER
2021,Uganda,UGA,919.401675217265,3.53658034070898,2.20457204757414,3.416,2.33814515074458,OTHER
2022,Uganda,UGA,933.094056370423,4.58802192181773,7.1957888597581,2.885,1.84520857089792,OTHER
2023,Uganda,UGA,955.745797275462,5.33697295511469,5.35094804280395,2.754,1.80686571158733,OTHER
2024,Uganda,UGA,986.090145363924,6.05558075875589,3.3233806708656,2.74,1.88159798311992,OTHER
2025,Uganda,UGA,,,,2.746,,OTHER
1990,Ukraine,UKR,3102.310546875,-6.34523512831163,,,,A
1991,Ukraine,UKR,2826.06469726563,-8.6999999997216,,1.9,,A
1992,Ukraine,UKR,2538.85278320313,-9.90000000204168,,1.9,,A
1993,Ukraine,UKR,2177.23486328125,-14.1999999993643,4734.91434744585,2.0,0.434645819133778,A
1994,Ukraine,UKR,1687.48449707031,-22.8999999992283,891.187748133705,2.0,2.41777179479269,A
1995,Ukraine,UKR,1493.38208007813,-12.2000000007385,376.746174768209,5.62,2.73494760851588,A
1996,Ukraine,UKR,1355.57336425781,-10.0,80.3255014551742,7.65,3.17883449282933,A
1997,Ukraine,UKR,1326.27795410156,-2.99999999842365,15.940599414943,8.93,3.98824090389786,A
1998,Ukraine,UKR,1311.59362792969,-1.90000000214164,10.5771611482514,11.32,3.24403179965191,A
1999,Ukraine,UKR,1319.533203125,-0.200000000106499,22.6836718061345,11.864,2.88352763946873,A
2000,Ukraine,UKR,1409.22265625,5.90000000024899,28.2030972388552,11.707,3.51108284883721,A
2001,Ukraine,UKR,1547.2783203125,8.80000000367222,11.9588085390459,11.061,2.76926719545401,A
2002,Ukraine,UKR,1644.28125,5.33964720719075,0.75742084639286,10.136,2.67619950627408,A
2003,Ukraine,UKR,1814.25854492188,9.51660986436364,5.17967781908315,9.057,2.74557877088929,A
2004,Ukraine,UKR,2042.44494628906,11.7953525281136,9.04806786050888,8.59,2.50682433490703,A
2005,Ukraine,UKR,2122.6015625,3.07123039245209,13.5695764909248,7.18,2.79248933066336,A
2006,Ukraine,UKR,2298.13232421875,7.57142076322967,9.05252491133248,6.81,2.77159181333191,A
2007,Ukraine,UKR,2498.35205078125,8.21584445165715,12.8387796190181,6.351,2.87000281658483,A
2008,Ukraine,UKR,2567.69409179688,2.24349159628288,25.226461707384,6.363,2.67292227463357,A
2009,Ukraine,UKR,2188.17016601563,-15.1364679101502,15.8811924594476,8.84,2.8403538702613,A
2010,Ukraine,UKR,2285.93383789063,4.09200436668087,9.37293105078978,8.1,2.74199654235065,A
2011,Ukraine,UKR,2418.12084960938,5.44528081048476,7.95572466274652,7.851,2.25828771122262,A
2012,Ukraine,UKR,2426.92944335938,0.152314967200653,0.568727971803862,7.529,2.35345197687142,A
2013,Ukraine,UKR,2432.41625976563,0.045439094492707,-0.238948626045407,7.17,2.3928953083474,A
2014,Ukraine,UKR,2308.6435546875,-10.0788949840953,12.0718562874251,9.27,2.96736825853937,A
2015,Ukraine,UKR,2094.47387695313,-9.7729872128676,48.6998646434424,9.14,3.84784847607093,A
2016,Ukraine,UKR,2156.0830078125,2.44098194492067,13.9127101997797,9.35,3.66861786886462,A
2017,Ukraine,UKR,2217.7529296875,2.35997228099491,14.4383227488749,9.5,3.24149291547879,A
2018,Ukraine,UKR,2308.6669921875,3.48836234022659,10.9518559353178,8.799,3.63516607992805,A
2019,Ukraine,UKR,2398.07836914063,3.19950386354134,7.88671745611133,8.194,4.06793765037597,A
2020,Ukraine,UKR,2324.107421875,-3.75281793983162,2.73249209419427,9.475,4.40031470276707,A
2021,Ukraine,UKR,2426.6123046875,3.44562065945944,9.36313917695223,9.834,3.42549199562857,A
2022,Ukraine,UKR,1874.66296386719,-28.7585842155085,20.1836366617478,,25.6424104715416,A
2023,Ukraine,UKR,2164.26123046875,5.53473354963334,12.8490222828559,,36.5281725077224,A
2024,Ukraine,UKR,2219.04248046875,2.9138222142611,6.50198464669254,,34.4815297701892,A
1990,Uruguay,URY,8320.3559048693,0.297348378681562,112.525905573023,,3.52740166449266,C
1991,Uruguay,URY,8565.26927800028,3.53880850451309,101.971683202507,8.95,2.39471219270806,C
1992,Uruguay,URY,9193.55122074713,7.93158841395443,68.4591938395374,8.96,2.84951481234276,C
1993,Uruguay,URY,9388.10939080161,2.65754610698545,54.1007924425194,8.35,2.79239845208779,C
1994,Uruguay,URY,10019.3479243955,7.28134264410127,44.7360421521933,9.04,2.57770556975008,C
1995,Uruguay,URY,9822.89680356996,-1.44759896894408,42.2483197983755,10.02,2.71463667452926,C
1996,Uruguay,URY,10316.2027570949,5.57795776385868,28.3420486004309,11.93,2.80593839042227,C
1997,Uruguay,URY,11138.8676127212,8.54768320111596,19.8188093183779,11.44,2.39972074691363,C
1998,Uruguay,URY,11584.9491858277,4.51889009679091,10.8110703055616,9.362,2.2581336824168,C
1999,Uruguay,URY,11357.0866859804,-1.52094591992036,5.65868803927908,10.466,2.3944609705068,C
2000,Uruguay,URY,11096.3309569487,-1.92993063549235,4.76382472733251,12.627,2.43597728787045,C
2001,Uruguay,URY,10643.5574019273,-3.84412995940374,4.3593406521727,15.052,2.50257766217716,C
2002,Uruguay,URY,9806.7713064359,-7.73200721540044,13.9724725913515,16.648,2.53014006008996,C
2003,Uruguay,URY,9878.75684344081,0.805283915893824,19.3797301743995,16.661,2.23754532184395,C
2004,Uruguay,URY,10366.9067382871,5.00416035564457,9.15760507540997,12.98,2.0407280132366,C
2005,Uruguay,URY,11131.3984890038,7.4601321302473,4.6992773903564,12.009,2.00038586601038,C
2006,Uruguay,URY,11574.470540231,4.09857735445401,6.39764974385131,10.844,2.00617807800672,C
2007,Uruguay,URY,12310.482735502,6.54151084504817,8.11464561179313,9.403,1.77716708828507,C
2008,Uruguay,URY,13165.83628166,7.17614466455107,7.87707374730888,8.025,1.86952468832085,C
2009,Uruguay,URY,13691.71420689,4.24349419462426,7.06221874388574,7.74,1.82261337958887,C
2010,Uruguay,URY,14722.3780081191,7.8034096507169,6.69870886978132,7.158,1.87580785777619,C
2011,Uruguay,URY,15443.9961926395,5.16213302463606,8.0928320630299,6.307,1.71974893241654,C
2012,Uruguay,URY,15949.3176985435,3.53817872056869,8.09776580573602,6.451,1.60724459656554,C
2013,Uruguay,URY,16639.4054750651,4.63753862902416,8.57513504005397,6.444,1.68721815702608,C
2014,Uruguay,URY,17122.0364563225,3.23879122952364,8.87735333229828,6.547,1.74099456885648,C
2015,Uruguay,URY,17125.9016800298,0.370741257681345,8.66626987079328,7.488,1.76584061733326,C
2016,Uruguay,URY,17357.2349992841,1.68979822971775,9.6394134763508,7.841,1.8091708739885,C
2017,Uruguay,URY,17611.6036701032,1.74037643374211,6.2180938256186,7.89,1.91114379023487,C
2018,Uruguay,URY,17608.9441195037,0.164777608940113,7.60653360377047,8.336,2.07741613248953,C
2019,Uruguay,URY,17758.4384372986,0.928351141267498,7.88198870879619,8.836,2.0057166464094,C
2020,Uruguay,URY,16443.3635000843,-7.35732706484723,9.75640636078194,10.413,2.05692189335606,C
2021,Uruguay,URY,17416.0052208869,5.84427312558179,7.74791402314762,9.328,2.26205420416101,C
2022,Uruguay,URY,18228.3558443761,4.48622703072073,9.10437983075437,7.877,2.04278364297671,C
2023,Uruguay,URY,18378.9833563662,0.742128785315927,5.86910359896119,8.355,2.11561237275002,C
2024,Uruguay,URY,18958.6033293537,3.10825478066172,4.84914366613156,8.209,2.31053827798919,C
2025,Uruguay,URY,,,,7.516,,C
1990,United States,USA,39009.3725082423,1.88596558187626,5.39795643990325,,5.60517529438794,OTHER
1991,United States,USA,38449.8815276871,-0.108312882368935,4.23496396453849,6.8,4.88342939776313,OTHER
1992,United States,USA,39256.0481325055,3.52249717301392,3.02881967814969,7.5,4.97046680768284,OTHER
1993,United States,USA,39807.8795034206,2.75179586709815,2.95165696638559,6.9,4.60435029507644,OTHER
1994,United States,USA,40907.0184352707,4.02902272983438,2.60744159215453,6.119,4.2152646751779,OTHER
1995,United States,USA,41507.9135604158,2.6844307317787,2.80541968853662,5.65,3.8602457917389,OTHER
1996,United States,USA,42575.6896936773,3.77277269119453,2.93120419993441,5.451,3.55498220635218,OTHER
1997,United States,USA,43936.9050018073,4.44712793566428,2.33768993730735,5.0,3.40556224418855,OTHER
1998,United States,USA,45374.6215189233,4.48313335374613,1.55227909874364,4.511,3.20155849896996,OTHER
1999,United States,USA,47004.469017723,4.78842504725272,2.18802719697358,4.219,3.08567678324746,OTHER
2000,United States,USA,48379.7551705781,4.07758575682804,3.37685727149929,3.992,3.11224214697679,OTHER
2001,United States,USA,48361.0167607073,0.955538348341605,2.82617111885407,4.731,3.12380980266703,OTHER
2002,United States,USA,48729.1586442625,1.70044732643726,1.58603162650601,5.783,3.44761809928778,OTHER
2003,United States,USA,49662.7520549839,2.79560596320081,2.27009497336115,5.989,3.82716104473623,OTHER
2004,United States,USA,51098.5573007417,3.84777169556921,2.67723669309172,5.529,4.01631273640692,OTHER
2005,United States,USA,52393.4513113092,3.48354993555606,3.3927468454955,5.084,4.08923187524508,OTHER
2006,United States,USA,53335.5896950225,2.78453963650701,3.22594410070404,4.623,4.04134230166038,OTHER
2007,United States,USA,53889.3964951775,2.00385829784946,2.85267248150138,4.622,4.07335051467688,OTHER
2008,United States,USA,53442.7136899777,0.113587249881704,3.839100296651,5.784,4.44659552156261,OTHER
2009,United States,USA,51611.3217087719,-2.57650022958367,-0.355546266299747,9.254,4.87576835879774,OTHER
2010,United States,USA,52555.7695134023,2.69519257744442,1.6400434423899,9.633,4.90402300595835,OTHER
2011,United States,USA,52956.6630340962,1.56440685763506,3.156841568622,8.949,4.82244197600452,OTHER
2012,United States,USA,53738.1476714593,2.28911338669843,2.06933726526067,8.069,4.4617099699335,OTHER
2013,United States,USA,54462.6252412407,2.11783009790057,1.46483265562717,7.375,4.02370560438155,OTHER
2014,United States,USA,55394.4510435329,2.52381981363968,1.62222297740817,6.168,3.67891817387645,OTHER
2015,United States,USA,56572.9188996063,2.94555045484053,0.118627135552451,5.28,3.46449292564277,OTHER
2016,United States,USA,57151.4708448372,1.81945147788167,1.26158320570536,4.869,3.40260233575118,OTHER
2017,United States,USA,58151.7021391854,2.45762229852507,2.13011000365961,4.355,3.2977234873792,OTHER
2018,United States,USA,59526.665698712,2.96650506901305,2.44258329692817,3.896,3.3040005391035,OTHER
2019,United States,USA,60750.9898621637,2.58382533412825,1.81221007526021,3.669,3.40921408383721,OTHER
2020,United States,USA,59194.6665172031,-2.16302914036166,1.23358439630629,8.055,3.64518757294704,OTHER
2021,United States,USA,62680.2503585805,6.05505293244555,4.69785886363742,5.349,3.40451991574826,OTHER
2022,United States,USA,63886.1317069841,2.51237531986017,8.00279982052121,3.65,3.30947715843109,OTHER
2023,United States,USA,65186.5977244157,2.88755600749487,4.11633838374488,3.638,3.304441637598,OTHER
2024,United States,USA,66356.1706750101,2.79300127716779,2.94952520485207,4.022,3.41921653228044,OTHER
2025,United States,USA,,,,4.198,,OTHER
1990,Uzbekistan,UZB,1569.01079980159,1.60000000583702,,,,OTHER
1991,Uzbekistan,UZB,1524.20427668953,-0.492000005163078,,1.9,,OTHER
1992,Uzbekistan,UZB,1320.59769274614,-11.199999997316,,2.9,,OTHER
1993,Uzbekistan,UZB,1260.7164965865,-2.30000000438973,,4.9,,OTHER
1994,Uzbekistan,UZB,1169.86899033178,-5.19999999306704,,7.3,1.52748235149049,OTHER
1995,Uzbekistan,UZB,1136.35843596848,-0.90000000546145,,7.8,0.883906988706055,OTHER
1996,Uzbekistan,UZB,1134.17871135102,1.70000000306203,,10.7,0.984546296961412,OTHER
1997,Uzbekistan,UZB,1172.71784381569,5.19999999656402,,10.9,1.11881208629618,OTHER
1998,Uzbekistan,UZB,1204.09081234616,4.30000000106287,,13.3,,OTHER
1999,Uzbekistan,UZB,1238.36591553108,4.30000000179396,,13.3,1.30640163668501,OTHER
2000,Uzbekistan,UZB,1269.72137546219,3.83500000014033,,12.301,0.91880954113644,OTHER
2001,Uzbekistan,UZB,1306.60633175114,4.1638382499889,,11.279,0.665921193229433,OTHER
2002,Uzbekistan,UZB,1341.95995981671,3.97348819235724,,10.256,0.476876688257673,OTHER
2003,Uzbekistan,UZB,1381.8257280882,4.23262738154364,,9.22,0.429913341474552,OTHER
2004,Uzbekistan,UZB,1466.6134889113,7.44900060559664,,8.152,,OTHER
2005,Uzbekistan,UZB,1549.04577531643,6.95000719569097,,7.092,,OTHER
2006,Uzbekistan,UZB,1643.14645619601,7.45141847621768,,6.035,,OTHER
2007,Uzbekistan,UZB,1773.75803693248,9.4730053054454,,4.99,,OTHER
2008,Uzbekistan,UZB,1904.45855506712,9.02916101784777,,4.89,,OTHER
2009,Uzbekistan,UZB,2025.04298646098,8.05093332733966,,5.04,,OTHER
2010,Uzbekistan,UZB,2144.6400056546,7.5971679610016,,5.36,,OTHER
2011,Uzbekistan,UZB,2271.00936223002,7.52513989422977,13.7797446476602,4.96,,OTHER
2012,Uzbekistan,UZB,2395.84036755728,7.10244488706317,13.2088026688373,4.87,,OTHER
2013,Uzbekistan,UZB,2530.68447898703,7.29655036969899,11.8414333622049,4.86,,OTHER
2014,Uzbekistan,UZB,2659.99075095273,6.8738384408164,9.28309356162695,5.09,,OTHER
2015,Uzbekistan,UZB,2803.19018021751,7.21877350820803,8.75188196737508,5.15,,OTHER
2016,Uzbekistan,UZB,2918.67725852903,5.93215079993293,8.130886695236,5.16,,OTHER
2017,Uzbekistan,UZB,2995.76761437743,4.39527463349263,13.8757425441635,5.83,,OTHER
2018,Uzbekistan,UZB,3108.1618786112,5.55919572919288,17.5241796514055,5.392,2.86661981035524,OTHER
2019,Uzbekistan,UZB,3259.36964632494,6.77992399655236,14.5257359560687,4.936,,OTHER
2020,Uzbekistan,UZB,3249.05191094018,1.56334277260515,12.8677297362606,5.293,,OTHER
2021,Uzbekistan,UZB,3442.7248445034,8.03468312640049,10.8492397508122,5.364,,OTHER
2022,Uzbekistan,UZB,3576.71552716054,6.00134232203442,11.4466436998836,4.456,,OTHER
2023,Uzbekistan,UZB,3725.67414578619,6.29141635082311,9.95659071258018,4.434,,OTHER
2024,Uzbekistan,UZB,3890.41593075015,6.49999999997677,9.62825465956682,4.439,,OTHER
2025,Uzbekistan,UZB,,,,4.622,,OTHER
1990,St. Vincent and the Grenadines,VCT,3784.79942946706,4.14918678513905,7.60609957743892,,,OTHER
1991,St. Vincent and the Grenadines,VCT,3813.79398874435,1.13557520041245,5.49200387001333,19.77,,OTHER
1992,St. Vincent and the Grenadines,VCT,4046.68638456042,6.37794062708292,3.46353042727654,19.558,,OTHER
1993,St. Vincent and the Grenadines,VCT,4210.24289444354,4.25073077397103,4.29137553446651,19.681,,OTHER
1994,St. Vincent and the Grenadines,VCT,4150.97674020379,-1.24762336447148,1.0089495525225,19.974,,OTHER
1995,St. Vincent and the Grenadines,VCT,4468.26394261096,7.76665024455248,1.73837289880567,20.005,,OTHER
1996,St. Vincent and the Grenadines,VCT,4522.93058114134,1.28791200314089,4.40790113846454,20.343,,OTHER
1997,St. Vincent and the Grenadines,VCT,4680.55582185707,3.50515087270627,0.443616029823348,20.133,,OTHER
1998,St. Vincent and the Grenadines,VCT,4870.32086653059,4.0901949332585,2.1424064726839,20.521,,OTHER
1999,St. Vincent and the Grenadines,VCT,4994.11436770598,2.71031071289156,1.01355044438875,20.542,,OTHER
2000,St. Vincent and the Grenadines,VCT,5067.96739467376,1.63903190394467,0.167679637488279,20.8,,OTHER
2001,St. Vincent and the Grenadines,VCT,5158.56617678847,1.74823102028898,0.9008584858665,21.1,,OTHER
2002,St. Vincent and the Grenadines,VCT,5441.52648867536,5.34212707436718,1.85550399046655,20.623,,OTHER
2003,St. Vincent and the Grenadines,VCT,5816.20788359407,6.69133665352797,0.205981708824254,19.985,,OTHER
2004,St. Vincent and the Grenadines,VCT,6071.94945269221,4.11469880444737,2.96003946719286,19.545,,OTHER
2005,St. Vincent and the Grenadines,VCT,6244.35953746008,2.48855733938132,3.7334291646702,19.461,,OTHER
2006,St. Vincent and the Grenadines,VCT,6707.27875985734,6.99692626758825,2.74067516070673,19.162,,OTHER
2007,St. Vincent and the Grenadines,VCT,6960.17151500732,3.3229685982929,7.23614701584807,18.934,,OTHER
2008,St. Vincent and the Grenadines,VCT,7019.9950843874,0.404640808638888,10.0662418245849,18.79,,OTHER
2009,St. Vincent and the Grenadines,VCT,6955.82358345268,-1.3781936056056,0.421539125687215,19.365,,OTHER
2010,St. Vincent and the Grenadines,VCT,6678.04200697308,-4.47046793507802,0.747109026311474,19.924,,OTHER
2011,St. Vincent and the Grenadines,VCT,6674.58198966102,-0.60627665148327,3.1860311155246,20.006,,OTHER
2012,St. Vincent and the Grenadines,VCT,6790.68325958275,1.16911218376478,2.59844414147101,19.833,,OTHER
2013,St. Vincent and the Grenadines,VCT,6996.57386151332,2.4624841721544,0.805127804267928,19.356,,OTHER
2014,St. Vincent and the Grenadines,VCT,7116.22071347207,1.1457271877622,0.193858560794015,19.237,,OTHER
2015,St. Vincent and the Grenadines,VCT,7353.73556054184,2.78509791763551,-1.73361194953959,19.135,,OTHER
2016,St. Vincent and the Grenadines,VCT,7702.8942635647,4.1496810046981,-0.149641647633284,19.029,,OTHER
2017,St. Vincent and the Grenadines,VCT,7872.92690537077,1.54810173239956,2.15333648840511,19.024,,OTHER
2018,St. Vincent and the Grenadines,VCT,8179.99598957084,3.1756114423991,2.32414485367921,19.005,,OTHER
2019,St. Vincent and the Grenadines,VCT,8294.67434486665,0.668428481084234,0.91306972532459,19.248,,OTHER
2020,St. Vincent and the Grenadines,VCT,7989.74651933597,-4.26892434422649,-0.628131309354654,20.635,,OTHER
2021,St. Vincent and the Grenadines,VCT,8211.33588012942,2.09340124465459,1.57272932500558,20.356,,OTHER
2022,St. Vincent and the Grenadines,VCT,8532.7381341339,3.1108330034352,5.66009779226552,19.277,,OTHER
2023,St. Vincent and the Grenadines,VCT,9051.35208011007,5.32636472098717,4.56457719814894,18.348,,OTHER
2024,St. Vincent and the Grenadines,VCT,9485.18771201686,4.06183490050209,3.62770736940927,18.093,,OTHER
2025,St. Vincent and the Grenadines,VCT,,,,18.003,,OTHER
1990,"Venezuela, RB",VEN,3762.27506756855,6.4678522746499,,,1.51803655572423,B
1991,"Venezuela, RB",VEN,4031.17843688925,9.72990963006499,,9.45,1.84033527682396,B
1992,"Venezuela, RB",VEN,4177.53877353082,6.06034937385407,,7.69,1.64347885019412,B
1993,"Venezuela, RB",VEN,4095.70804964337,0.275410410462172,,6.6,2.14525385503951,B
1994,"Venezuela, RB",VEN,3912.83890414693,-2.34933212064234,,8.56,1.59074692484412,B
1995,"Venezuela, RB",VEN,3981.57269426866,3.95160929610903,,10.24,1.54906215977261,B
1996,"Venezuela, RB",VEN,3891.57928415149,-0.197928583722387,,11.77,1.03948338355238,B
1997,"Venezuela, RB",VEN,4055.48011894001,6.37100504679063,,11.16,1.79528505216579,B
1998,"Venezuela, RB",VEN,3986.46661592952,0.294055160519548,,11.15,1.58855520454273,B
1999,"Venezuela, RB",VEN,3675.99104079837,-5.97045814641012,,14.53,1.43719900378467,B
2000,"Venezuela, RB",VEN,3740.0195496928,3.6869441668769,,13.99,1.52657012884905,B
2001,"Venezuela, RB",VEN,3796.80579715312,3.39423610779077,,13.04,1.55510791113255,B
2002,"Venezuela, RB",VEN,3398.56849937324,-8.85564735286771,,16.17,1.15337359551171,B
2003,"Venezuela, RB",VEN,3079.6634541359,-7.75530004959877,,16.78,1.18269062721142,B
2004,"Venezuela, RB",VEN,3580.85417271298,18.2866066891244,,15.07,1.28830181236512,B
2005,"Venezuela, RB",VEN,3884.70081071301,10.3179138043147,,10.663,1.83171374924625,B
2006,"Venezuela, RB",VEN,4199.39766916963,9.87214910851037,,8.606,1.9784922172232,B
2007,"Venezuela, RB",VEN,4496.84905010777,8.75357880785845,,7.279,1.88899310620025,B
2008,"Venezuela, RB",VEN,4665.9531880382,5.27785412398785,,6.245,1.79355285179574,B
2009,"Venezuela, RB",VEN,4455.4532320933,-3.20230265749002,27.080941446613,6.097,1.23107041540807,B
2010,"Venezuela, RB",VEN,4332.02681796507,-1.48879125078356,28.1874647092039,7.112,1.01348862784929,B
2011,"Venezuela, RB",VEN,4455.41063337951,4.17642535923936,26.0902123160959,6.902,1.13040534078431,B
2012,"Venezuela, RB",VEN,4647.37303726595,5.62595697508632,21.0689956331876,6.601,1.34147173233053,B
2013,"Venezuela, RB",VEN,4653.3645655649,1.34309403607486,40.6394275161589,7.54,1.66955178280415,B
2014,"Venezuela, RB",VEN,4421.60786723331,-3.89438647450667,62.1686499794829,6.821,1.16181680999136,B
2015,"Venezuela, RB",VEN,4103.1384987005,-6.22137102671199,121.738085297503,6.139,0.941375968866619,B
2016,"Venezuela, RB",VEN,3382.73477932247,-17.0403345996548,254.948534781816,5.319,0.454046014282467,B
2017,"Venezuela, RB",VEN,2871.31531165261,-15.6714088720003,,5.045,2.23333219917076,B
2018,"Venezuela, RB",VEN,2365.59281270712,-19.6553415972227,,5.468,0.150853892569221,B
2019,"Venezuela, RB",VEN,1762.73734800083,-27.6579678662627,,5.89,1.79230375763991,B
2020,"Venezuela, RB",VEN,1255.37263090506,-29.9985699155957,,7.53,1.57552271230291,B
2021,"Venezuela, RB",VEN,1276.62381449407,0.955433428579269,,7.027,0.313630729266034,B
2022,"Venezuela, RB",VEN,1379.97778822986,8.00091310654791,,5.646,0.649886788939365,B
2023,"Venezuela, RB",VEN,1430.74575249312,4.00168591128376,,5.407,0.500704497643446,B
2024,"Venezuela, RB",VEN,1501.02277449885,5.29999999999984,,5.321,,B
2025,"Venezuela, RB",VEN,,,,5.307,,B
1991,Virgin Islands (U.S.),VIR,,,,10.917,,OTHER
1992,Virgin Islands (U.S.),VIR,,,,11.088,,OTHER
1993,Virgin Islands (U.S.),VIR,,,,11.187,,OTHER
1994,Virgin Islands (U.S.),VIR,,,,10.959,,OTHER
1995,Virgin Islands (U.S.),VIR,,,,10.611,,OTHER
1996,Virgin Islands (U.S.),VIR,,,,10.647,,OTHER
1997,Virgin Islands (U.S.),VIR,,,,10.547,,OTHER
1998,Virgin Islands (U.S.),VIR,,,,10.446,,OTHER
1999,Virgin Islands (U.S.),VIR,,,,10.172,,OTHER
2000,Virgin Islands (U.S.),VIR,,,,9.834,,OTHER
2001,Virgin Islands (U.S.),VIR,,,,9.969,,OTHER
2002,Virgin Islands (U.S.),VIR,43205.7246740388,,,10.227,,OTHER
2003,Virgin Islands (U.S.),VIR,43036.1815136022,-0.396080883885759,,10.574,,OTHER
2004,Virgin Islands (U.S.),VIR,44466.2872190216,3.28589367936377,,10.266,,OTHER
2005,Virgin Islands (U.S.),VIR,46021.5905731819,3.4853090172239,,10.228,,OTHER
2006,Virgin Islands (U.S.),VIR,47671.567182812,3.50499314666143,,9.734,,OTHER
2007,Virgin Islands (U.S.),VIR,49598.1259079427,4.01059402194477,,9.523,,OTHER
2008,Virgin Islands (U.S.),VIR,50174.7528938473,1.21862495452891,,9.605,,OTHER
2009,Virgin Islands (U.S.),VIR,46862.8076001874,-6.59478885893981,,10.864,,OTHER
2010,Virgin Islands (U.S.),VIR,47162.7375570431,0.596383224317051,,11.059,,OTHER
2011,Virgin Islands (U.S.),VIR,43320.176769501,-8.20424555364315,,11.337,,OTHER
2012,Virgin Islands (U.S.),VIR,36938.1682086351,-14.8125,,11.387,,OTHER
2013,Virgin Islands (U.S.),VIR,34663.6460602129,-6.28515529469308,,11.802,,OTHER
2014,Virgin Islands (U.S.),VIR,34098.7109972738,-1.77453027139875,,11.871,,OTHER
2015,Virgin Islands (U.S.),VIR,34007.3529411765,-0.425079702444208,,11.649,,OTHER
2016,Virgin Islands (U.S.),VIR,34614.7482633247,1.6008537886873,,11.734,,OTHER
2017,Virgin Islands (U.S.),VIR,34435.4944455756,-0.735294117647058,,11.445,,OTHER
2018,Virgin Islands (U.S.),VIR,35174.1019944986,1.87830687830687,,11.703,,OTHER
2019,Virgin Islands (U.S.),VIR,36309.7438446842,2.90833549727343,,11.774,,OTHER
2020,Virgin Islands (U.S.),VIR,35850.7433148653,-1.61493817814787,,14.366,,OTHER
2021,Virgin Islands (U.S.),VIR,37313.0484931531,3.66760707873814,,13.508,,OTHER
2022,Virgin Islands (U.S.),VIR,36983.431060272,-1.31123206333498,,12.092,,OTHER
2023,Virgin Islands (U.S.),VIR,,,,11.358,,OTHER
2024,Virgin Islands (U.S.),VIR,,,,11.423,,OTHER
2025,Virgin Islands (U.S.),VIR,,,,11.443,,OTHER
1990,Viet Nam,VNM,687.860316254161,5.10091813908369,,,7.91085687045644,OTHER
1991,Viet Nam,VNM,713.747210806804,5.96084393218912,,2.14,5.59531724614442,OTHER
1992,Viet Nam,VNM,759.910853953724,8.64604745934572,,2.109,3.37458835450367,OTHER
1993,Viet Nam,VNM,805.606443630458,8.07273065739605,,2.037,2.25869469121191,OTHER
1994,Viet Nam,VNM,861.122422555836,8.83898095245374,,1.972,2.6493553048719,OTHER
1995,Viet Nam,VNM,927.625512005765,9.54048017491264,,1.955,,OTHER
1996,Viet Nam,VNM,998.924907248853,9.34001749939179,5.67499999999994,1.93,,OTHER
1997,Viet Nam,VNM,1064.77802859908,8.1520841433542,3.20952606261374,2.87,,OTHER
1998,Viet Nam,VNM,1110.1126773248,5.76445545848843,7.2661980440096,2.29,,OTHER
1999,Viet Nam,VNM,1148.04465210832,4.77358688344989,4.11710235771736,2.33,,OTHER
2000,Viet Nam,VNM,1212.19657794381,6.78731640463151,-1.71033727851109,2.26,,OTHER
2001,Viet Nam,VNM,1273.8052690094,6.19289331233377,-0.43154451172818,2.76,,OTHER
2002,Viet Nam,VNM,1340.51670460271,6.32082099160833,3.83082838168467,2.12,,OTHER
2003,Viet Nam,VNM,1418.74337471509,6.89906349055258,3.23464817293927,2.25,2.12864112884164,OTHER
2004,Viet Nam,VNM,1510.94449049599,7.53641060890386,7.75494748709601,2.14,2.01437983970519,OTHER
2005,Viet Nam,VNM,1609.96268313651,7.54724772895918,8.28457243128677,2.078,1.78096085234042,OTHER
2006,Viet Nam,VNM,1699.67620343393,6.97795481056711,7.41801715108463,2.046,1.93836458436365,OTHER
2007,Viet Nam,VNM,1788.9485028957,7.12950448605439,8.34444889773837,2.026,2.30475733676407,OTHER
2008,Viet Nam,VNM,1856.00519883979,5.66177120891362,23.1154483474477,1.889,2.15637292727254,OTHER
2009,Viet Nam,VNM,1927.13427057454,5.39789754014181,6.71698269988629,1.737,2.26520866993266,OTHER
2010,Viet Nam,VNM,2027.58184375924,6.42324482239482,9.20746648778413,1.114,1.81539587772715,OTHER
2011,Viet Nam,VNM,2132.90453762087,6.41316889681683,18.6777322770707,0.999,1.55654936250578,OTHER
2012,Viet Nam,VNM,2224.11404253256,5.5045447041189,9.09470339557192,1.027,1.71831331991755,OTHER
2013,Viet Nam,VNM,2320.08431444934,5.55351081026072,6.59267475899192,1.316,1.74407703676771,OTHER
2014,Viet Nam,VNM,2439.28655744423,6.42224312118567,4.08455446637617,1.256,1.82295771785959,OTHER
2015,Viet Nam,VNM,2577.56885340113,6.98715430598611,0.631200905175754,1.848,1.90702805588388,OTHER
2016,Viet Nam,VNM,2715.57887431272,6.69000892660424,2.66824816969082,1.848,1.95056176952778,OTHER
2017,Viet Nam,VNM,2868.13680013379,6.94019037359206,3.52025688811617,1.874,1.80387228671057,OTHER
2018,Viet Nam,VNM,3048.28327602145,7.46500685572751,3.53962805942641,1.161,1.80650138874311,OTHER
2019,Viet Nam,VNM,3241.07648966529,7.35926270105006,2.7958236745225,1.681,,OTHER
2020,Viet Nam,VNM,3303.16949807493,2.86541320912272,3.22093436652514,2.103,,OTHER
2021,Viet Nam,VNM,3358.21734764714,2.55372852648131,1.83471554810444,2.383,,OTHER
2022,Viet Nam,VNM,3617.66311465012,8.53750046755788,3.15650749963129,1.57,,OTHER
2023,Viet Nam,VNM,3775.46375555802,5.06502391455075,3.25289282667662,1.645,,OTHER
2024,Viet Nam,VNM,4017.74604111554,7.09118746633975,3.62109273885843,1.602,,OTHER
2025,Viet Nam,VNM,,,,1.523,,OTHER
1990,Vanuatu,VUT,2637.26084848443,11.6956997985937,4.7594412829797,,,OTHER
1991,Vanuatu,VUT,2653.42720315783,3.14763848027586,6.46913580246914,7.976,,OTHER
1992,Vanuatu,VUT,2655.2940056849,2.5854137275348,4.0584415584416,7.945,,OTHER
1993,Vanuatu,VUT,2610.15878517538,0.735447995455772,3.56585691999116,8.262,,OTHER
1994,Vanuatu,VUT,2780.06153250773,9.08146609289211,2.30256079190869,8.083,,OTHER
1995,Vanuatu,VUT,2743.74381618479,1.00394504149095,2.22970130416487,8.134,,OTHER
1996,Vanuatu,VUT,2745.60344738846,2.3273354164422,0.906344410876219,8.091,,OTHER
1997,Vanuatu,VUT,2819.04892316535,4.90681267768768,2.83070223189979,8.221,,OTHER
1998,Vanuatu,VUT,2793.2492130652,1.17685436113621,3.28215987294863,8.223,,OTHER
1999,Vanuatu,VUT,2745.16947292745,0.337293221894313,1.99897488467452,8.29,,OTHER
2000,Vanuatu,VUT,2841.73909435642,5.92480905652914,2.53768844221106,8.266,,OTHER
2001,Vanuatu,VUT,2676.92934450613,-3.39758248938256,3.57755452095074,8.415,,OTHER
2002,Vanuatu,VUT,2475.16636434639,-5.19831875936035,1.96356754199195,8.598,,OTHER
2003,Vanuatu,VUT,2518.521315183,4.28833511695458,3.01624129930394,8.659,,OTHER
2004,Vanuatu,VUT,2555.73432279339,3.98739280216962,1.41891891891893,8.432,,OTHER
2005,Vanuatu,VUT,2626.85057870874,5.30532647259227,1.19920053297801,8.121,,OTHER
2006,Vanuatu,VUT,2780.97475852227,8.46069747205426,2.04081632653062,8.006,,OTHER
2007,Vanuatu,VUT,2791.7418410919,2.8758922877538,3.93548387096774,6.855,,OTHER
2008,Vanuatu,VUT,2875.08524058992,5.60099182147214,4.84171322160149,5.663,,OTHER
2009,Vanuatu,VUT,2888.13715784739,3.03730354099602,4.29706572955357,4.565,,OTHER
2010,Vanuatu,VUT,2856.77377649901,1.25886720329326,2.76269469477348,4.681,,OTHER
2011,Vanuatu,VUT,2883.22689591881,3.13980290023412,0.8737931047811,4.811,,OTHER
2012,Vanuatu,VUT,2849.05448321427,1.01004768692042,1.34740362877658,4.936,,OTHER
2013,Vanuatu,VUT,2799.28262661802,0.463390415135095,1.45893371757921,5.038,,OTHER
2014,Vanuatu,VUT,2807.83422956759,2.5750403162878,0.798863838097023,5.137,,OTHER
2015,Vanuatu,VUT,2854.89412272653,3.96591946444873,2.48326875660439,5.168,,OTHER
2016,Vanuatu,VUT,2889.01404801498,3.47154471544715,0.842069084035061,5.197,,OTHER
2017,Vanuatu,VUT,2946.96186165079,4.41266598569969,3.08452624403546,5.247,,OTHER
2018,Vanuatu,VUT,2960.65376683153,2.90023027256446,2.33096379566866,5.353,,OTHER
2019,Vanuatu,VUT,2986.2036911437,3.24118765540442,2.76252019386111,5.444,,OTHER
2020,Vanuatu,VUT,2771.87098808052,-4.99249142889525,5.32935073101715,4.046,,OTHER
2021,Vanuatu,VUT,2666.30269843855,-1.55229489129462,2.34328358208953,4.776,,OTHER
2022,Vanuatu,VUT,2740.27545530661,5.18622862422562,6.67930581887121,5.077,,OTHER
2023,Vanuatu,VUT,2733.35978526081,2.093743250054,11.1825017088175,5.011,,OTHER
2024,Vanuatu,VUT,2697.09183254533,0.942185362275907,,4.988,,OTHER
2025,Vanuatu,VUT,,,,5.073,,OTHER
1990,World,WLD,6783.2055889084,2.74043123173104,,,3.32894989544945,OTHER
1991,World,WLD,6753.43776156539,1.23795463953581,,5.11939576855541,3.0341297729131,OTHER
1992,World,WLD,6782.57525009389,2.08330128141716,,5.27548969894175,2.95188557466463,OTHER
1993,World,WLD,6801.90819639893,1.88997754116691,,5.54359975807061,2.78083750929407,OTHER
1994,World,WLD,6925.66162192226,3.39430880680132,,5.78918170693904,2.59726521872388,OTHER
1995,World,WLD,7038.15080503049,3.16459831490941,,5.91942696026279,2.36819806372912,OTHER
1996,World,WLD,7183.18047671902,3.59262581167515,,5.98370073084904,2.29372365710732,OTHER
1997,World,WLD,7359.52415187358,3.96560649440363,,6.01013695494246,2.30351545540121,OTHER
1998,World,WLD,7459.91066703473,2.83211105781132,,6.15906586247165,2.24722488238228,OTHER
1999,World,WLD,7619.75713179924,3.58036735454222,,6.27834886767265,2.2013098585886,OTHER
2000,World,WLD,7858.90796621259,4.55506182477734,,6.11126625149596,2.19279532924647,OTHER
2001,World,WLD,7912.24589263937,2.03855309163346,,6.18980812535966,2.22728406765288,OTHER
2002,World,WLD,7989.62889151096,2.31107096730896,,6.41180854857461,2.32921912501455,OTHER
2003,World,WLD,8131.19308358597,3.09383471039327,,6.48390882464603,2.38842419251385,OTHER
2004,World,WLD,8388.5973377126,4.50184539653775,,6.32969211241359,2.38765412344928,OTHER
2005,World,WLD,8618.44740525166,4.05453629039749,,6.22389912094209,2.39059168502074,OTHER
2006,World,WLD,8890.47332913351,4.47616958858073,,5.97374019654838,2.34992422352905,OTHER
2007,World,WLD,9166.56507078682,4.41384473328112,,5.77480901338889,2.31100176012785,OTHER
2008,World,WLD,9240.5056265252,2.09239458384161,,5.82404352868675,2.37247579108089,OTHER
2009,World,WLD,9005.17592406812,-1.31864911944238,,6.40934094809211,2.60276094508988,OTHER
2010,World,WLD,9298.74987325048,4.52424032554684,,6.28092769649237,2.50458768598385,OTHER
2011,World,WLD,9492.82945551876,3.33900335400304,,6.14877677051057,2.39664839881932,OTHER
2012,World,WLD,9630.06477941676,2.73120979279709,,6.15180927283385,2.36052984819248,OTHER
2013,World,WLD,9786.8793911809,2.88814205849093,,6.09906293447201,2.29239361517697,OTHER
2014,World,WLD,9972.48234099611,3.13301748764181,,5.95720582647446,2.24310250705948,OTHER
2015,World,WLD,10161.9445773234,3.11378907834427,,5.99825160171964,2.24039431287494,OTHER
2016,World,WLD,10324.8400705021,2.7935920724707,,5.97068694834666,2.19467868817892,OTHER
2017,World,WLD,10561.1001052909,3.45183009055702,,5.89788808678893,2.14672293656188,OTHER
2018,World,WLD,10789.6668089725,3.27395826417857,,5.75951966875999,2.12012285558645,OTHER
2019,World,WLD,10963.6816310515,2.67911757479926,,5.58822341975783,2.16488082926072,OTHER
2020,World,WLD,10541.8118545305,-2.89922310337025,,6.58731449706782,2.31140999047742,OTHER
2021,World,WLD,11124.7495292116,6.4133496154197,,6.0451914548011,2.16493506667304,OTHER
2022,World,WLD,11403.9410808157,3.40305483746891,,5.23426188470581,2.21511713345646,OTHER
2023,World,WLD,11631.716477221,2.94859475004874,,4.84957114230342,2.3087477533184,OTHER
2024,World,WLD,11851.505171614,2.87194964204316,,4.80587275250158,2.46923121177986,OTHER
2025,World,WLD,,,,4.79097241077406,,OTHER
1990,Samoa,WSM,2534.12204893501,-4.42145088411849,15.2384632724695,,,OTHER
1991,Samoa,WSM,2471.07143007975,-2.30001238645001,-1.81919798798399,2.1,,OTHER
1992,Samoa,WSM,2452.18685335209,-0.199987145070338,9.03113792907172,2.439,,OTHER
1993,Samoa,WSM,2531.28193070432,4.09999101013889,1.71509123658868,2.689,,OTHER
1994,Samoa,WSM,2447.20260205264,-2.54210048090948,12.0803818909762,2.999,,OTHER
1995,Samoa,WSM,2589.40524057852,6.6736431464967,-2.90352865746142,3.244,,OTHER
1996,Samoa,WSM,2751.65426684601,7.17896881783187,5.37461972030278,3.515,,OTHER
1997,Samoa,WSM,2746.33660844689,0.643425004323134,6.86182355310877,3.78,,OTHER
1998,Samoa,WSM,2785.31171323751,2.19488971786478,2.21883468834654,4.127,,OTHER
1999,Samoa,WSM,2824.55330392791,2.18543437397388,0.265120132560355,4.489,,OTHER
2000,Samoa,WSM,2945.37217923198,5.09304469244418,0.966782350024729,4.733,,OTHER
2001,Samoa,WSM,3137.46403765812,7.39012906172989,3.83828463867725,4.96,,OTHER
2002,Samoa,WSM,3291.3424477268,5.65195919890348,8.0503144654087,4.975,,OTHER
2003,Samoa,WSM,3444.99857743289,5.21262892634149,0.115830115830107,5.038,,OTHER
2004,Samoa,WSM,3535.73813824914,3.0872602379675,16.3131507905901,5.162,,OTHER
2005,Samoa,WSM,3755.78242822467,6.63920361300734,1.85676392572949,5.212,,OTHER
2006,Samoa,WSM,3820.92239453139,2.13212714677351,3.70008680555553,5.321,,OTHER
2007,Samoa,WSM,3818.25503804332,0.485982550017255,5.57706393219629,5.425,,OTHER
2008,Samoa,WSM,3925.8743329936,3.55610467395,11.565906838454,5.538,,OTHER
2009,Samoa,WSM,3875.94291686166,-0.541677601834593,6.32495336235228,5.646,,OTHER
2010,Samoa,WSM,4081.15535978003,6.1247199226125,0.777007268777692,5.621,,OTHER
2011,Samoa,WSM,4201.45663738908,3.84907794660396,5.23541591478434,5.68,,OTHER
2012,Samoa,WSM,4007.91092846814,-3.73213020890266,2.0490188352116,8.752,,OTHER
2013,Samoa,WSM,3976.39289268132,0.107293276488932,0.61008572090503,8.772,,OTHER
2014,Samoa,WSM,3967.23730470679,0.659923768782861,-0.40681608842489,8.72,,OTHER
2015,Samoa,WSM,4084.36083819933,3.8503618166494,0.724470134874729,8.901,,OTHER
2016,Samoa,WSM,4373.23792440391,7.9838628784713,1.30471869303179,9.063,,OTHER
2017,Samoa,WSM,4393.37316255965,1.40628239971301,1.74989677484705,9.4,,OTHER
2018,Samoa,WSM,4321.00518344962,-0.609647103380141,4.19745888663752,8.649,,OTHER
2019,Samoa,WSM,4466.08075482035,4.45185891688691,0.982326569888117,7.858,,OTHER
2020,Samoa,WSM,4283.06392492734,-3.10864485863991,-1.56891247740895,7.467,,OTHER
2021,Samoa,WSM,4032.13733959294,-5.04350521486909,3.13320473174494,6.664,,OTHER
2022,Samoa,WSM,4095.15868286688,2.26705055249026,10.9618822286844,5.048,,OTHER
2023,Samoa,WSM,4688.4631403154,15.2336106467304,7.92164684826777,4.92,,OTHER
2024,Samoa,WSM,4880.54418032056,4.74838445564714,2.17245530514377,4.855,,OTHER
2025,Samoa,WSM,,,,4.996,,OTHER
2003,Kosovo,XKX,,,-1.08481262327414,,,OTHER
2004,Kosovo,XKX,,,-1.06472696605525,,,OTHER
2005,Kosovo,XKX,,,-1.38518913159299,,,OTHER
2006,Kosovo,XKX,,,0.621646938601728,,,OTHER
2007,Kosovo,XKX,,,4.35849695328369,,,OTHER
2008,Kosovo,XKX,2543.59926351696,,9.35041764658178,,0.0163027941392356,OTHER
2009,Kosovo,XKX,2680.86121521141,5.03485413839893,-2.41026401661229,,0.481597270513536,OTHER
2010,Kosovo,XKX,2822.63359634011,4.93995095961395,3.48050763735842,,0.722607027057869,OTHER
2011,Kosovo,XKX,2995.64952029477,6.31981022896761,7.3364177131527,,0.804774182927632,OTHER
2012,Kosovo,XKX,3021.35142613995,1.71219595890548,2.47673782156533,,0.703950801287396,OTHER
2013,Kosovo,XKX,3163.47189486431,5.34079911900278,1.76732428354892,,0.721739287326993,OTHER
2014,Kosovo,XKX,3279.02499043758,3.34880478431623,0.428957808324092,,0.758327843608571,OTHER
2015,Kosovo,XKX,3520.62850699375,5.91623128345211,-0.536929392740659,,0.794280304031609,OTHER
2016,Kosovo,XKX,3739.17562318261,5.57177504731632,0.273169431045468,,0.777866853947473,OTHER
2017,Kosovo,XKX,3890.17807271082,4.82565565298054,1.48823430592319,,0.802900990332654,OTHER
2018,Kosovo,XKX,4009.12140760339,3.40663227056285,1.05379773654991,,0.804420588442497,OTHER
2019,Kosovo,XKX,4219.06693858503,4.75680057007834,2.67599202639893,,0.831725992996201,OTHER
2020,Kosovo,XKX,3990.94613053859,-5.34027547826166,0.198227922994854,,1.02303890223714,OTHER
2021,Kosovo,XKX,4429.87597525975,10.7456560819583,3.35369139207997,,0.845929878221182,OTHER
2022,Kosovo,XKX,4666.3913779077,4.27849895827543,11.5805104542012,,1.15004614573509,OTHER
2023,Kosovo,XKX,5102.74914613981,4.06762701436438,4.94432438791283,,1.27351351798076,OTHER
2024,Kosovo,XKX,5631.68223392136,4.5730971681166,1.61944994559476,,1.47659639574127,OTHER
1990,"Yemen, Rep.",YEM,1722.22439411789,,,,6.55118344395031,A
1991,"Yemen, Rep.",YEM,1761.81146099568,6.29349385992927,36.0,8.428,7.01121885858333,A
1992,"Yemen, Rep.",YEM,1835.28111559428,8.20759813722687,29.4117647058824,8.351,7.27704319121711,A
1993,"Yemen, Rep.",YEM,1838.28268593285,4.00196638126631,35.7522980164491,8.343,7.06392041645758,A
1994,"Yemen, Rep.",YEM,1890.75509687978,6.72194912231696,49.3941553813254,8.34,8.3987590412286,A
1995,"Yemen, Rep.",YEM,1927.42298079078,5.66937132228433,55.0811068702292,8.988,6.35057848305458,A
1996,"Yemen, Rep.",YEM,1949.99754744654,4.63496731668951,30.7337332718043,9.585,5.28134594096812,A
1997,"Yemen, Rep.",YEM,1987.6265785116,5.23111204040379,2.17672667372646,10.223,5.80575259672107,A
1998,"Yemen, Rep.",YEM,2041.67107777046,6.00669459871877,5.9765085214186,10.828,6.08156870413826,A
1999,"Yemen, Rep.",YEM,2053.79786274001,3.77553049612634,8.66021949364346,11.46,5.17272243639362,A
2000,"Yemen, Rep.",YEM,2114.67265566851,6.1819155928913,4.58999999999981,11.557,4.91539236509943,A
2001,"Yemen, Rep.",YEM,2129.77268762778,3.80364587188127,11.9115912929855,11.724,5.4810146916463,A
2002,"Yemen, Rep.",YEM,2148.88860494788,3.9352315052778,12.2385339389711,11.839,6.8956079503431,A
2003,"Yemen, Rep.",YEM,2164.86083019467,3.74739818489111,10.8323607023242,12.014,6.85455205201499,A
2004,"Yemen, Rep.",YEM,2185.78999159086,3.972696401183,12.5150951495207,12.131,5.301366496456,A
2005,"Yemen, Rep.",YEM,2237.63762643152,5.59174807563268,11.8112639374949,12.213,4.8683170115889,A
2006,"Yemen, Rep.",YEM,2234.74266863312,3.17040935922364,10.8447986914257,12.349,4.30846709527936,A
2007,"Yemen, Rep.",YEM,2235.75075901067,3.33842795605096,7.9051177898873,12.486,4.85072305945547,A
2008,"Yemen, Rep.",YEM,2244.04491655237,3.64756947012633,18.9762574318076,12.656,4.44582924481359,A
2009,"Yemen, Rep.",YEM,2257.46902086832,3.86622951587742,5.40776098077522,12.762,5.65364869262807,A
2010,"Yemen, Rep.",YEM,2356.19960422096,7.70128607527964,11.1748338605044,12.777,4.68555712379286,A
2011,"Yemen, Rep.",YEM,1994.83663337222,-12.7148969035133,19.5435617131144,13.311,4.92646180284206,A
2012,"Yemen, Rep.",YEM,1981.45800046603,2.39299021364694,9.88538714484871,13.473,4.57388404478979,A
2013,"Yemen, Rep.",YEM,2014.7289059487,4.82351908493912,10.9684421500198,13.673,4.07952717554633,A
2014,"Yemen, Rep.",YEM,1950.1625450589,-0.188690241954504,8.10472583623915,13.467,3.96689083277903,A
2015,"Yemen, Rep.",YEM,1362.1738120601,-27.9945462502541,,17.9,,A
2016,"Yemen, Rep.",YEM,1197.95865971172,-9.37512379736752,,18.42,,A
2017,"Yemen, Rep.",YEM,1103.45634849842,-5.07179568062152,,18.611,,A
2018,"Yemen, Rep.",YEM,1079.32938366255,0.752447592962554,,17.593,,A
2019,"Yemen, Rep.",YEM,,,,17.213,,A
2020,"Yemen, Rep.",YEM,,,,17.963,,A
2021,"Yemen, Rep.",YEM,,,,18.312,,A
2022,"Yemen, Rep.",YEM,,,,17.224,,A
2023,"Yemen, Rep.",YEM,,,,16.944,,A
2024,"Yemen, Rep.",YEM,,,,16.97,,A
2025,"Yemen, Rep.",YEM,,,,17.322,,A
1990,South Africa,ZAF,4544.23023212165,-0.317760426540374,14.3209918914915,,3.89635147817926,OTHER
1991,South Africa,ZAF,4396.36069450543,-1.0182449675445,15.3347785733672,23.137,3.22263389360805,OTHER
1992,South Africa,ZAF,4225.814328485,-2.13703284500521,13.874703748615,23.463,2.81765061454765,OTHER
1993,South Africa,ZAF,4193.59826135345,1.23355793864741,9.71742729803028,23.361,2.49552369800039,OTHER
1994,South Africa,ZAF,4258.26184733408,3.20000000297172,8.938563723594,23.067,2.56196590060566,OTHER
1995,South Africa,ZAF,4337.29729686998,3.10000000054411,8.68042421392631,22.705,2.11786404667743,OTHER
1996,South Africa,ZAF,4465.50649854807,4.29999999726792,7.35411972085333,22.5,1.75587879819291,OTHER
1997,South Africa,ZAF,4527.04992403877,2.60000000146347,8.59777611252274,22.549,1.58213355671958,OTHER
1998,South Africa,ZAF,4494.85711232358,0.50000000034143,6.88054521037351,22.739,1.38316672312245,OTHER
1999,South Africa,ZAF,4552.85007973031,2.39999999746338,5.18148905111697,22.884,1.27205293062738,OTHER
2000,South Africa,ZAF,4700.87555500704,4.20000000067826,5.33895913599828,22.788,1.38728913141799,OTHER
2001,South Africa,ZAF,4786.482450463,2.70000000019104,5.70189483049608,22.652,1.48316101798605,OTHER
2002,South Africa,ZAF,4916.81498068625,3.70037440406668,9.494713780996,22.579,1.52930955872386,OTHER
2003,South Africa,ZAF,5011.62223150169,2.94907546754213,5.67942414068799,22.679,1.4688112381823,OTHER
2004,South Africa,ZAF,5187.35683424034,4.55455990721774,-0.692039437857687,22.567,1.35572857797827,OTHER
2005,South Africa,ZAF,5406.07581377638,5.27705197295467,2.06285308223427,22.472,1.23481125272958,OTHER
2006,South Africa,ZAF,5650.9883176549,5.60380645895889,3.2439076541923,22.304,1.15387200554978,OTHER
2007,South Africa,ZAF,5891.42069421698,5.36047405394162,6.17781214809388,22.26,1.05851963686616,OTHER
2008,South Africa,ZAF,6009.71963138635,3.1910438863288,9.90998456005467,22.407,1.03941759302272,OTHER
2009,South Africa,ZAF,5847.05811084505,-1.53808913525583,7.23809523809527,23.523,1.08950470906387,OTHER
2010,South Africa,ZAF,5953.94506512821,3.03973288127956,4.06749555950263,24.683,1.00348106887351,OTHER
2011,South Africa,ZAF,6067.12482726885,3.16855627858818,5.0008533879502,24.639,1.00265340405471,OTHER
2012,South Africa,ZAF,6121.55783860713,2.39623238465745,5.73797139141739,24.727,1.03352274081458,OTHER
2013,South Africa,ZAF,6170.87670863373,2.48546800826588,5.78016910069176,24.561,1.02779402383821,OTHER
2014,South Africa,ZAF,6155.00589462516,1.41382645223793,6.13282953059149,24.89,1.02189399625968,OTHER
2015,South Africa,ZAF,6112.27382485974,1.32186223678229,4.51869094892506,25.149,1.00692862196088,OTHER
2016,South Africa,ZAF,6095.295060428,0.664552307858116,6.60290842394872,26.536,0.971046764986093,OTHER
2017,South Africa,ZAF,6125.6920507497,1.15794695181735,5.18618655524149,27.035,0.943568494750462,OTHER
2018,South Africa,ZAF,6117.2701406047,1.55678384721676,4.50987264867388,26.906,0.894757064750116,OTHER
2019,South Africa,ZAF,6032.82972598668,0.25993557687633,4.10285075461156,28.468,0.882430271670915,OTHER
2020,South Africa,ZAF,5569.58483319272,-6.1689177146757,3.23238831615113,29.217,0.956510732317856,OTHER
2021,South Africa,ZAF,5750.90937479584,4.85864865060148,4.61874544887136,34.007,0.805965112062888,OTHER
2022,South Africa,ZAF,5786.86505344736,2.05813661692193,7.03987272546482,33.268,0.798457056094626,OTHER
2023,South Africa,ZAF,5756.55049453121,0.80610455095804,6.0752438457966,32.098,0.754561053349382,OTHER
2024,South Africa,ZAF,5715.47531469148,0.534843531905139,4.36115246518962,32.279,0.700150834276412,OTHER
2025,South Africa,ZAF,,,,32.391,,OTHER
1990,Zambia,ZMB,878.589205998477,-0.481072027781664,107.023809523808,,3.41082508884576,OTHER
1991,Zambia,ZMB,856.761723583768,-0.0361333838823299,97.6423231742383,18.9,2.3374458851178,OTHER
1992,Zambia,ZMB,821.850104215064,-1.73092217352566,165.70652700999,19.568,2.7050497634892,OTHER
1993,Zambia,ZMB,857.039669609389,6.79727404907118,183.312041464393,19.7,1.42939824259298,OTHER
1994,Zambia,ZMB,764.639411345433,-8.62544195231277,54.6013218413016,18.689,1.71924538560915,OTHER
1995,Zambia,ZMB,768.035201563368,2.89766889341698,34.9295874166667,16.834,1.45168841419497,OTHER
1996,Zambia,ZMB,796.018059633101,6.21854648894293,43.0730979982882,15.3,1.0518095531385,OTHER
1997,Zambia,ZMB,805.53240180321,3.81400749718355,24.4187215689412,13.273,1.00766103765507,OTHER
1998,Zambia,ZMB,781.663383813883,-0.38574614579035,24.4584563516656,12.0,,OTHER
1999,Zambia,ZMB,796.377985981253,4.6501897463741,26.7876966790029,12.498,1.64831846043945,OTHER
2000,Zambia,ZMB,804.48463418783,3.89732294341896,26.0304117888121,12.93,,OTHER
2001,Zambia,ZMB,822.020935308251,5.31686827418419,21.3937821792546,13.404,,OTHER
2002,Zambia,ZMB,833.021177549004,4.50601428032604,22.2333446430947,14.131,,OTHER
2003,Zambia,ZMB,863.650190656785,6.94497398221223,21.4015783901995,14.704,,OTHER
2004,Zambia,ZMB,895.475258534826,7.03239511515218,17.9677891087286,15.332,1.58089960446516,OTHER
2005,Zambia,ZMB,929.079255855905,7.23559900655543,18.324439701174,15.9,1.84832294449392,OTHER
2006,Zambia,ZMB,968.563565019492,7.90369444480079,9.01957247226486,13.229,1.7439454502704,OTHER
2007,Zambia,ZMB,1013.08567432637,8.35243624447406,10.6573496000153,10.559,2.06370699223085,OTHER
2008,Zambia,ZMB,1053.58612301068,7.77389581542363,12.4455793463192,7.93,2.08008787697224,OTHER
2009,Zambia,ZMB,1110.71918102486,9.2203484058663,13.3952546325895,10.583,1.73163534710359,OTHER
2010,Zambia,ZMB,1183.41712409199,10.2982233241213,8.50176133365265,13.19,1.38259276517524,OTHER
2011,Zambia,ZMB,1208.46424569634,5.56925219263019,6.4293968107234,10.548,1.3176391076812,OTHER
2012,Zambia,ZMB,1258.78938578996,7.59738104901994,6.57589970757698,7.85,1.3578688500397,OTHER
2013,Zambia,ZMB,1280.77012176778,5.05753695047252,6.97767605490307,7.272,1.35973638684875,OTHER
2014,Zambia,ZMB,1299.01241762504,4.69328316376705,7.80687553566333,6.576,1.6338689575111,OTHER
2015,Zambia,ZMB,1295.87788680068,2.92037511217961,10.1105928909618,5.951,1.75323445099498,OTHER
2016,Zambia,ZMB,1303.57513869133,3.75510031678988,17.8697300795268,5.244,1.42930472392762,OTHER
2017,Zambia,ZMB,1308.76829240086,3.52586277149926,6.57731154205644,4.529,1.30136750851783,OTHER
2018,Zambia,ZMB,1321.25045711573,4.03449389667165,7.4945719272852,5.032,1.43749939178333,OTHER
2019,Zambia,ZMB,1301.18132976178,1.44130602603785,9.15031644316296,5.538,1.25568409370479,OTHER
2020,Zambia,ZMB,1228.73500113195,-2.78505506545167,15.7330604721369,6.032,1.16572196732911,OTHER
2021,Zambia,ZMB,1269.10821808895,6.23492204726448,22.0207676245777,5.197,0.982237890875063,OTHER
2022,Zambia,ZMB,1298.8480495593,5.21122360356247,10.9932039209136,5.993,1.1165478995702,OTHER
2023,Zambia,ZMB,1330.85998216751,5.36794285493059,10.884531691282,5.861,1.33879038934617,OTHER
2024,Zambia,ZMB,1343.38966380353,3.82004825518591,14.9856262747939,5.898,1.33268361976463,OTHER
2025,Zambia,ZMB,,,,5.918,,OTHER
1990,Zimbabwe,ZWE,1653.56521361694,6.98855293279334,,,4.10390378548896,OTHER
1991,Zimbabwe,ZWE,1700.16751573044,5.53179037448064,,4.793,3.97936507936508,OTHER
1992,Zimbabwe,ZWE,1503.8338876162,-9.01556538665926,,4.933,3.80277171820865,OTHER
1993,Zimbabwe,ZWE,1497.59397309998,1.05137020092701,,4.993,3.30030387105298,OTHER
1994,Zimbabwe,ZWE,1633.9654774338,9.23523568054674,,4.96,3.11471290363111,OTHER
1995,Zimbabwe,ZWE,1621.41919547814,0.158034828064515,,5.566,3.18165315260801,OTHER
1996,Zimbabwe,ZWE,1759.94136824269,10.3607384594087,,6.151,2.88277157260057,OTHER
1997,Zimbabwe,ZWE,1773.50690066801,2.68054632259202,,6.93,2.99826689774697,OTHER
1998,Zimbabwe,ZWE,1789.35135307089,2.88529516415583,,6.381,,OTHER
1999,Zimbabwe,ZWE,1746.22663873399,-0.817895267295725,,6.0,2.23808309966862,OTHER
2000,Zimbabwe,ZWE,1677.34896793251,-3.05911780575599,,5.685,3.05379188712522,OTHER
2001,Zimbabwe,ZWE,1690.14666163116,1.43951727721958,,5.313,2.54980434009249,OTHER
2002,Zimbabwe,ZWE,1525.07935706564,-8.89401285792752,,5.005,6.30647414997671,OTHER
2003,Zimbabwe,ZWE,1250.91948331231,-16.9950733355763,,4.738,2.03467725088782,OTHER
2004,Zimbabwe,ZWE,1165.54447081543,-5.80753964196205,,4.39,2.70575805599577,OTHER
2005,Zimbabwe,ZWE,1088.63148420699,-5.71112541241364,,4.632,1.45257572407694,OTHER
2006,Zimbabwe,ZWE,1038.22375658033,-3.46140290336963,,4.767,1.98624247635426,OTHER
2007,Zimbabwe,ZWE,987.200362596937,-3.653250914872,,5.008,,OTHER
2008,Zimbabwe,ZWE,803.044944654991,-17.6689987958491,,5.401,,OTHER
2009,Zimbabwe,ZWE,896.915532877845,13.2720546167979,,5.476,,OTHER
2010,Zimbabwe,ZWE,1056.20884563889,19.6754077019323,3.02267002518892,5.469,0.816251453246969,OTHER
2011,Zimbabwe,ZWE,1184.93421020563,14.1939156801139,3.4661297281749,5.368,1.407162104666,OTHER
2012,Zimbabwe,ZWE,1360.15230034275,16.6654290410337,3.72532666110646,5.057,1.85949988315027,OTHER
2013,Zimbabwe,ZWE,1367.81831689463,1.98948554025198,1.63495041543822,4.948,1.86822395642382,OTHER
2014,Zimbabwe,ZWE,1381.25404125871,2.37698561663417,-0.19778481012661,4.774,1.88778911739064,OTHER
2015,Zimbabwe,ZWE,1387.12632595026,1.77985356392176,-2.43096842383404,5.399,1.88630877860684,OTHER
2016,Zimbabwe,ZWE,1378.34256192374,0.75579405855224,-1.54366960054161,5.896,1.74198491851131,OTHER
2017,Zimbabwe,ZWE,1422.91948946927,4.73441117758482,0.893962316050027,6.35,1.47256736668559,OTHER
2018,Zimbabwe,ZWE,1472.14603844842,5.00992154297603,10.6188658669575,6.788,1.17941734860884,OTHER
2019,Zimbabwe,ZWE,1357.53087818754,-6.33244976028571,255.304990757856,7.373,0.653123880490076,OTHER
2020,Zimbabwe,ZWE,1230.81933361016,-7.81695060188729,557.201817362051,8.617,0.974989311324521,OTHER
2021,Zimbabwe,ZWE,1312.20001358807,8.46801676808001,98.5461050920624,9.54,1.56777878168608,OTHER
2022,Zimbabwe,ZWE,1369.19761495571,6.13926327570213,104.705170628667,10.087,0.994988109351456,OTHER
2023,Zimbabwe,ZWE,1418.47184628799,5.3508687909833,,9.348,0.209793581326229,OTHER
2024,Zimbabwe,ZWE,1417.71894115853,1.74239524880791,,9.435,0.351195023855751,OTHER
2025,Zimbabwe,ZWE,,,,9.293,,OTHER
